{
"2022-09-20 10:18:06.544000" : {"coup": "Undo", "jeu": ["B", "B", "B", "X", "N", "N", "N"], "histo": []},
"2022-09-20 09:46:45.669000" : {"coup": "Load", "jeu": ["B", "B", "B", "X", "N", "N", "N"], "histo": []},
"2022-09-20 10:27:49.364000" : {"coup": 4, "jeu": ["B", "B", "N", "B", "X", "N", "N"], "histo": [["B", "B", "B", "X", "N", "N", "N"], ["B", "B", "X", "B", "N", "N", "N"]]},
"2022-09-20 09:52:39.462000" : {"coup": 2, "jeu": ["B", "B", "X", "B", "N", "N", "N"], "histo": []},
"2022-09-20 09:52:46.254000" : {"coup": 2, "jeu": ["B", "B", "X", "B", "N", "N", "N"], "histo": []},
"2022-09-20 10:00:52.245000" : {"coup": 4, "jeu": ["N", "B", "N", "B", "X", "B", "N"], "histo": []},
"2022-09-20 09:56:26.663000" : {"coup": 2, "jeu": ["B", "N", "X", "B", "B", "N", "N"], "histo": []},
"2022-09-20 10:25:19.103000" : {"coup": "Reset", "jeu": ["B", "B", "B", "X", "N", "N", "N"], "histo": []},
"2022-09-20 09:48:19.988000" : {"coup": 3, "jeu": ["B", "N", "N", "X", "N", "B", "B"], "histo": []},
"2022-09-20 10:00:36.942000" : {"coup": 0, "jeu": ["X", "B", "N", "B", "N", "B", "N"], "histo": []},
"2022-09-20 09:52:32.741000" : {"coup": "Undo", "jeu": ["B", "B", "B", "X", "N", "N", "N"], "histo": []},
"2022-09-20 09:55:21.898000" : {"coup": 3, "jeu": ["B", "B", "N", "X", "N", "B", "N"], "histo": []},
"2022-09-20 09:59:39.912000" : {"coup": 3, "jeu": ["N", "N", "N", "X", "B", "B", "B"], "histo": []},
"2022-09-20 09:47:15.845000" : {"coup": 2, "jeu": ["B", "N", "X", "B", "B", "N", "N"], "histo": []},
"2022-09-20 09:49:35.199000" : {"coup": 4, "jeu": ["N", "N", "N", "X", "B", "B", "B"], "histo": []},
"2022-09-20 10:26:50.888000" : {"coup": "Undo", "jeu": ["B", "B", "B", "X", "N", "N", "N"], "histo": [["B", "B", "X", "B", "N", "N", "N"]]},
"2022-09-20 10:00:26.646000" : {"coup": 4, "jeu": ["B", "B", "N", "B", "X", "N", "N"], "histo": []},
"2022-09-20 09:50:48.240000" : {"coup": 2, "jeu": ["B", "N", "X", "B", "B", "N", "N"], "histo": []},
"2022-09-20 10:12:13.033000" : {"coup": 4, "jeu": ["B", "B", "N", "B", "X", "N", "N"], "histo": []},
"2022-09-20 09:56:19.851000" : {"coup": 2, "jeu": ["B", "B", "X", "B", "N", "N", "N"], "histo": []},
"2022-09-20 09:52:55.315000" : {"coup": 2, "jeu": ["B", "B", "N", "X", "B", "N", "N"], "histo": []},
"2022-09-20 10:23:27.674000" : {"coup": 2, "jeu": ["B", "B", "X", "B", "N", "N", "N"], "histo": [["B", "B", "B", "X", "N", "N", "N"]]},
"2022-09-20 10:18:22.097000" : {"coup": 2, "jeu": ["B", "B", "X", "B", "N", "N", "N"], "histo": []},
"2022-09-20 10:09:50.228000" : {"coup": 2, "jeu": ["N", "N", "N", "X", "B", "B", "B"], "histo": []},
"2022-09-20 09:52:19.391000" : {"coup": 5, "jeu": ["B", "B", "N", "N", "B", "X", "N"], "histo": []},
"2022-09-20 09:53:40.023000" : {"coup": 4, "jeu": ["B", "B", "N", "B", "X", "N", "N"], "histo": []},
"2022-09-20 09:52:55.730000" : {"coup": 1, "jeu": ["B", "X", "N", "B", "B", "N", "N"], "histo": []},
"2022-09-20 09:53:30.452000" : {"coup": 2, "jeu": ["B", "N", "X", "B", "N", "B", "N"], "histo": []},
"2022-09-20 10:23:39.813000" : {"coup": 4, "jeu": ["B", "B", "B", "N", "X", "N", "N"], "histo": [["B", "B", "B", "X", "N", "N", "N"]]},
"2022-09-20 09:50:53.255000" : {"coup": 1, "jeu": ["N", "X", "B", "B", "B", "N", "N"], "histo": []},
"2022-09-20 09:48:22.547000" : {"coup": 0, "jeu": ["B", "N", "N", "X", "N", "B", "B"], "histo": []},
"2022-09-20 09:47:20.667000" : {"coup": "Reset", "jeu": ["B", "B", "B", "X", "N", "N", "N"], "histo": []},
"2022-09-20 10:13:20.376000" : {"coup": 6, "jeu": ["N", "B", "N", "B", "N", "B", "X"], "histo": []},
"2022-09-20 10:00:12.243000" : {"coup": 2, "jeu": ["B", "B", "X", "B", "N", "N", "N"], "histo": []},
"2022-09-20 09:48:37.395000" : {"coup": 5, "jeu": ["B", "B", "N", "B", "N", "X", "N"], "histo": []},
"2022-09-20 10:13:24.151000" : {"coup": 3, "jeu": ["N", "N", "N", "X", "B", "B", "B"], "histo": []},
"2022-09-20 09:48:19.293000" : {"coup": 5, "jeu": ["B", "N", "N", "B", "N", "X", "B"], "histo": []},
"2022-09-20 10:17:41.611000" : {"coup": 2, "jeu": ["B", "B", "X", "B", "N", "N", "N"], "histo": []},
"2022-09-20 10:25:55.066000" : {"coup": 2, "jeu": ["B", "B", "X", "B", "N", "N", "N"], "histo": [["B", "B", "B", "X", "N", "N", "N"]]},
"2022-09-20 10:00:04.926000" : {"coup": "Undo", "jeu": ["B", "B", "B", "X", "N", "N", "N"], "histo": []},
"2022-09-20 09:59:21.345000" : {"coup": 2, "jeu": ["B", "B", "N", "B", "N", "X", "N"], "histo": []},
"2022-09-20 10:12:11.997000" : {"coup": 2, "jeu": ["B", "B", "X", "B", "N", "N", "N"], "histo": []},
"2022-09-20 10:29:00.001000" : {"coup": 4, "jeu": ["B", "B", "N", "B", "X", "N", "N"], "histo": [["B", "B", "B", "X", "N", "N", "N"], ["B", "B", "X", "B", "N", "N", "N"]]},
"2022-09-20 09:56:34.543000" : {"coup": "Undo", "jeu": ["B", "B", "B", "X", "N", "N", "N"], "histo": []},
"2022-09-20 09:47:43.071000" : {"coup": 2, "jeu": ["B", "N", "X", "B", "N", "B", "N"], "histo": []},
"2022-09-20 09:53:23.820000" : {"coup": 3, "jeu": ["B", "B", "N", "X", "N", "B", "N"], "histo": []},
"2022-09-20 10:18:24.923000" : {"coup": 3, "jeu": ["B", "B", "N", "X", "N", "B", "N"], "histo": []},
"2022-09-20 10:25:53.855000" : {"coup": "Reset", "jeu": ["B", "B", "B", "X", "N", "N", "N"], "histo": []},
"2022-09-20 10:28:07.145000" : {"coup": "Reset", "jeu": ["B", "B", "B", "X", "N", "N", "N"], "histo": []},
"2022-09-20 10:17:28.493000" : {"coup": "Undo", "jeu": ["B", "B", "B", "X", "N", "N", "N"], "histo": []},
"2022-09-20 09:52:27.686000" : {"coup": 1, "jeu": ["B", "B", "N", "B", "X", "N", "N"], "histo": []},
"2022-09-20 10:26:20.870000" : {"coup": "Reset", "jeu": ["B", "B", "B", "X", "N", "N", "N"], "histo": []},
"2022-09-20 09:48:15.808000" : {"coup": 4, "jeu": ["B", "N", "N", "B", "X", "B", "N"], "histo": []},
"2022-09-20 09:55:58.842000" : {"coup": 5, "jeu": ["B", "B", "N", "B", "N", "X", "N"], "histo": []},
"2022-09-20 10:13:16.481000" : {"coup": 3, "jeu": ["B", "B", "N", "X", "N", "B", "N"], "histo": []},
"2022-09-20 09:47:28.686000" : {"coup": 4, "jeu": ["B", "B", "N", "B", "X", "N", "N"], "histo": []},
"2022-09-20 10:28:09.892000" : {"coup": "Reset", "jeu": ["B", "B", "B", "X", "N", "N", "N"], "histo": []},
"2022-09-20 09:49:07.180000" : {"coup": 5, "jeu": ["N", "B", "N", "B", "N", "X", "B"], "histo": []},
"2022-09-20 10:00:49.269000" : {"coup": 1, "jeu": ["B", "X", "N", "B", "N", "B", "N"], "histo": []},
"2022-09-20 09:52:25.353000" : {"coup": 4, "jeu": ["B", "B", "N", "B", "X", "N", "N"], "histo": []},
"2022-09-20 09:55:50.595000" : {"coup": 0, "jeu": ["B", "N", "N", "N", "X", "B", "B"], "histo": []},
"2022-09-20 09:59:56.734000" : {"coup": 5, "jeu": ["N", "B", "N", "B", "N", "X", "B"], "histo": []},
"2022-09-20 10:18:34.383000" : {"coup": 3, "jeu": ["N", "X", "B", "B", "N", "B", "N"], "histo": []},
"2022-09-20 09:50:40.243000" : {"coup": 1, "jeu": ["B", "X", "N", "B", "B", "N", "N"], "histo": []},
"2022-09-20 10:20:18.205000" : {"coup": 2, "jeu": ["B", "B", "X", "B", "N", "N", "N"], "histo": [], "prog": "\ndef saute(i):\n    if jeu[i]==\"B\" and i<6 and jeu[i+1]==\"X\":\n        jeu[i], jeu[i+1] = \"X\", \"B\"\n    elif jeu[i]==\"B\" and i<5 and jeu[i+1]==\"N\" and jeu[i+2]==\"X\":\n        jeu[i], jeu[i+2] = \"X\", \"B\"\n    elif jeu[i]==\"N\" and i>0 and jeu[i-1]==\"X\":\n        jeu[i], jeu[i-1] = \"X\", \"N\"\n    elif jeu[i]==\"N\" and i>1 and jeu[i-1]==\"B\" and jeu[i-2]==\"X\":\n        jeu[i], jeu[i-2] = \"X\", \"N\"\n        \ndef undo():\n    global jeu\n    jeu = [\"B\", \"B\", \"B\", \"X\", \"N\", \"N\", \"N\"]\n    historique.copy(jeu)\n    historique.append([\"B\", \"B\", \"B\", \"X\", \"N\", \"N\", \"N\"])\n    historique.pop(0)"},
"2022-09-20 10:00:45.955000" : {"coup": 2, "jeu": ["B", "B", "X", "B", "N", "N", "N"], "histo": []},
"2022-09-20 10:12:07.861000" : {"coup": 1, "jeu": ["B", "B", "B", "X", "N", "N", "N"], "histo": []},
"2022-09-20 10:09:49.453000" : {"coup": 2, "jeu": ["N", "N", "N", "X", "B", "B", "B"], "histo": []},
"2022-09-20 10:00:42.414000" : {"coup": 3, "jeu": ["N", "N", "N", "X", "B", "B", "B"], "histo": []},
"2022-09-20 10:13:21.551000" : {"coup": 3, "jeu": ["N", "B", "N", "X", "N", "B", "B"], "histo": []},
"2022-09-20 10:30:36.197000" : {"coup": 0, "jeu": ["X", "N", "B", "B", "N", "N"], "histo": ["B", ["B", "B", "X", "N", "N", "N"], ["B", "B", "N", "X", "N", "N"], ["B", "X", "N", "B", "N", "N"], ["B", "N", "X", "B", "N", "N"]]},
"2022-09-20 10:23:50.621000" : {"coup": 2, "jeu": ["B", "B", "X", "B", "N", "N", "N"], "histo": [["B", "B", "B", "N", "X", "N", "N"], ["B", "B", "B", "X", "N", "N", "N"]]},
"2022-09-20 09:47:36.706000" : {"coup": 3, "jeu": ["B", "B", "N", "X", "N", "B", "N"], "histo": []},
"2022-09-20 10:26:47.233000" : {"coup": 4, "jeu": ["B", "B", "N", "B", "X", "N", "N"], "histo": [["B", "B", "B", "X", "N", "N", "N"], ["B", "B", "X", "B", "N", "N", "N"]]},
"2022-09-20 09:59:37.529000" : {"coup": 3, "jeu": ["N", "B", "N", "X", "N", "B", "B"], "histo": []},
"2022-09-20 10:30:15.065000" : {"coup": 2, "jeu": ["B", "B", "X", "B", "N", "N", "N"], "histo": [["B", "B", "B", "X", "N", "N", "N"]]},
"2022-09-20 09:59:35.746000" : {"coup": 6, "jeu": ["N", "B", "N", "B", "N", "B", "X"], "histo": []},
"2022-09-20 10:30:24.935000" : {"coup": 4, "jeu": ["B", "B", "N", "N", "X", "N"], "histo": ["B", ["B", "B", "X", "N", "N", "N"], ["B", "B", "N", "X", "N", "N"]]},
"2022-09-20 09:54:53.041000" : {"coup": 0, "jeu": ["X", "N", "B", "B", "N", "B", "N"], "histo": []},
"2022-09-20 10:30:26.451000" : {"coup": 3, "jeu": ["B", "B", "N", "N", "X", "N"], "histo": ["B", ["B", "B", "X", "N", "N", "N"], ["B", "B", "N", "X", "N", "N"]]},
"2022-09-20 10:28:08.083000" : {"coup": 2, "jeu": ["B", "B", "X", "B", "N", "N", "N"], "histo": [["B", "B", "B", "X", "N", "N", "N"]]},
"2022-09-20 09:59:34.817000" : {"coup": 4, "jeu": ["N", "B", "N", "B", "X", "B", "N"], "histo": []},
"2022-09-20 09:53:36.217000" : {"coup": 4, "jeu": ["N", "X", "B", "B", "N", "B", "N"], "histo": []},
"2022-09-20 10:29:35.540000" : {"coup": 1, "jeu": ["B", "X", "B", "N", "N", "N"], "histo": [["B", "B", "X", "N", "N", "N"], "B", ["B", "B", "X", "N", "N", "N"], "B", ["B", "B", "X", "N", "N", "N"]]},
"2022-09-20 10:03:25.498000" : {"coup": 3, "jeu": ["N", "N", "N", "X", "B", "B", "B"], "histo": []},
"2022-09-20 09:50:42.732000" : {"coup": 3, "jeu": ["B", "X", "N", "B", "B", "N", "N"], "histo": []},
"2022-09-20 10:24:06.798000" : {"coup": 5, "jeu": ["B", "B", "N", "B", "N", "X", "N"], "histo": [["B", "B", "B", "X", "N", "N", "N"], ["B", "B", "X", "B", "N", "N", "N"], ["B", "B", "N", "B", "X", "N", "N"]]},
"2022-09-20 09:59:38.135000" : {"coup": 1, "jeu": ["N", "X", "N", "B", "N", "B", "B"], "histo": []},
"2022-09-20 09:59:45.398000" : {"coup": "Reset", "jeu": ["B", "B", "B", "X", "N", "N", "N"], "histo": []},
"2022-09-20 09:56:22.565000" : {"coup": 3, "jeu": ["B", "B", "N", "X", "B", "N", "N"], "histo": []},
"2022-09-20 09:50:39.388000" : {"coup": 3, "jeu": ["B", "B", "N", "X", "B", "N", "N"], "histo": []},
"2022-09-20 09:50:38.699000" : {"coup": 4, "jeu": ["B", "B", "N", "B", "X", "N", "N"], "histo": []},
"2022-09-20 09:47:05.687000" : {"coup": 4, "jeu": ["B", "B", "N", "B", "X", "N", "N"], "histo": []},
"2022-09-20 09:54:17.316000" : {"coup": 1, "jeu": ["B", "X", "N", "B", "N", "B", "N"], "histo": []},
"2022-09-20 09:56:27.789000" : {"coup": 3, "jeu": ["X", "N", "B", "B", "B", "N", "N"], "histo": []},
"2022-09-20 10:13:17.115000" : {"coup": 1, "jeu": ["B", "X", "N", "B", "N", "B", "N"], "histo": []},
"2022-09-20 09:59:29.016000" : {"coup": 0, "jeu": ["X", "B", "N", "B", "N", "B", "N"], "histo": []},
"2022-09-20 10:00:53.269000" : {"coup": 5, "jeu": ["N", "B", "N", "B", "N", "X", "B"], "histo": []},
"2022-09-20 09:56:28.098000" : {"coup": 2, "jeu": ["X", "N", "B", "B", "B", "N", "N"], "histo": []},
"2022-09-20 09:55:53.427000" : {"coup": 4, "jeu": ["B", "B", "N", "B", "X", "N", "N"], "histo": []},
"2022-09-20 10:30:16.084000" : {"coup": "Undo", "jeu": ["B", "B", "X", "N", "N", "N"], "histo": ["B"]},
"2022-09-20 10:11:19.923000" : {"coup": 3, "jeu": ["B", "B", "B", "X", "N", "N", "N"], "histo": [], "prog": "def saute(i):\n    if jeu[i]==\"B\" and i<6 and jeu[i+1]==\"X\":\n        jeu[i], jeu[i+1] = \"X\", \"B\"\n    elif jeu[i]==\"B\" and i<5 and jeu[i+1]==\"N\" and jeu[i+2]==\"X\":\n        jeu[i], jeu[i+2] = \"X\", \"B\"\n    elif jeu[i]==\"N\" and i>0 and jeu[i-1]==\"X\":\n        jeu[i], jeu[i-1] = \"X\", \"N\"\n    elif jeu[i]==\"N\" and i>1 and jeu[i-1]==\"B\" and jeu[i-2]==\"X\":\n        jeu[i], jeu[i-2] = \"X\", \"N\"\ndef undo():\n    global jeu\n    jeu = [\"B\", \"B\", \"B\", \"X\", \"N\", \"N\", \"N\"]\n    \n    jeu.append(0,B)\n    jeu.pop()"},
"2022-09-20 09:51:51.401000" : {"coup": 2, "jeu": ["B", "B", "X", "B", "N", "N", "N"], "histo": []},
"2022-09-20 09:59:31.375000" : {"coup": 2, "jeu": ["N", "B", "X", "B", "N", "B", "N"], "histo": []},
"2022-09-20 10:28:57.205000" : {"coup": 2, "jeu": ["B", "B", "X", "B", "N", "N", "N"], "histo": [["B", "B", "B", "X", "N", "N", "N"]], "prog": "\ndef saute(i):\n    if jeu[i]==\"B\" and i<6 and jeu[i+1]==\"X\":\n        historique.append(jeu.copy())\n        jeu[i], jeu[i+1] = \"X\", \"B\"\n    elif jeu[i]==\"B\" and i<5 and jeu[i+1]==\"N\" and jeu[i+2]==\"X\":\n        historique.append(jeu.copy())\n        jeu[i], jeu[i+2] = \"X\", \"B\"\n    elif jeu[i]==\"N\" and i>0 and jeu[i-1]==\"X\":\n        historique.append(jeu.copy())\n        jeu[i], jeu[i-1] = \"X\", \"N\"\n    elif jeu[i]==\"N\" and i>1 and jeu[i-1]==\"B\" and jeu[i-2]==\"X\":\n        historique.append(jeu.copy())\n        jeu[i], jeu[i-2] = \"X\", \"N\"\n        \ndef undo():\n    global jeu\n    jeu = [\"B\", \"B\", \"B\", \"X\", \"N\", \"N\", \"N\"]\n    historique.pop(0)\n    historique.append(jeu.pop(0))\n    "},
"2022-09-20 09:56:28.876000" : {"coup": 1, "jeu": ["N", "X", "B", "B", "B", "N", "N"], "histo": []},
"2022-09-20 09:52:39.942000" : {"coup": 4, "jeu": ["B", "B", "N", "B", "X", "N", "N"], "histo": []},
"2022-09-20 10:00:41.966000" : {"coup": 4, "jeu": ["N", "N", "N", "B", "X", "B", "B"], "histo": []},
"2022-09-20 10:00:55.525000" : {"coup": 4, "jeu": ["N", "N", "N", "B", "X", "B", "B"], "histo": []},
"2022-09-20 10:28:07.404000" : {"coup": "Reset", "jeu": ["B", "B", "B", "X", "N", "N", "N"], "histo": []},
"2022-09-20 10:29:43.336000" : {"coup": 4, "jeu": ["B", "B", "B", "N", "X", "N", "N"], "histo": [["B", "B", "B", "X", "N", "N", "N"]]},
"2022-09-20 10:18:17.338000" : {"coup": 2, "jeu": ["B", "B", "X", "B", "N", "N", "N"], "histo": []},
"2022-09-20 10:00:29.622000" : {"coup": 1, "jeu": ["B", "X", "N", "B", "N", "B", "N"], "histo": []},
"2022-09-20 09:52:40.349000" : {"coup": 3, "jeu": ["B", "B", "N", "X", "B", "N", "N"], "histo": []},
"2022-09-20 10:25:41.015000" : {"coup": "Reset", "jeu": ["B", "B", "B", "X", "N", "N", "N"], "histo": []},
"2022-09-20 10:29:33.396000" : {"coup": 3, "jeu": ["B", "B", "N", "X", "N", "N"], "histo": ["B", ["B", "B", "X", "N", "N", "N"], "B", ["B", "B", "X", "N", "N", "N"]]},
"2022-09-20 10:24:04.585000" : {"coup": "Reset", "jeu": ["B", "B", "B", "X", "N", "N", "N"], "histo": []},
"2022-09-20 09:51:02.103000" : {"coup": 1, "jeu": ["B", "B", "N", "N", "X", "B", "N"], "histo": []},
"2022-09-20 10:00:39.266000" : {"coup": 6, "jeu": ["N", "B", "N", "B", "N", "B", "X"], "histo": []},
"2022-09-20 09:53:21.727000" : {"coup": 5, "jeu": ["B", "B", "N", "B", "N", "X", "N"], "histo": []},
"2022-09-20 10:26:37.470000" : {"coup": 2, "jeu": ["B", "B", "X", "B", "N", "N", "N"], "histo": [["B", "B", "B", "X", "N", "N", "N"]], "prog": "\ndef saute(i):\n    if jeu[i]==\"B\" and i<6 and jeu[i+1]==\"X\":\n        historique.append(jeu.copy())\n        jeu[i], jeu[i+1] = \"X\", \"B\"\n    elif jeu[i]==\"B\" and i<5 and jeu[i+1]==\"N\" and jeu[i+2]==\"X\":\n        historique.append(jeu.copy())\n        jeu[i], jeu[i+2] = \"X\", \"B\"\n    elif jeu[i]==\"N\" and i>0 and jeu[i-1]==\"X\":\n        historique.append(jeu.copy())\n        jeu[i], jeu[i-1] = \"X\", \"N\"\n    elif jeu[i]==\"N\" and i>1 and jeu[i-1]==\"B\" and jeu[i-2]==\"X\":\n        historique.append(jeu.copy())\n        jeu[i], jeu[i-2] = \"X\", \"N\"\n        \ndef undo():\n    global jeu\n    jeu = [\"B\", \"B\", \"B\", \"X\", \"N\", \"N\", \"N\"]\n    historique.pop(0)"},
"2022-09-20 09:47:34.208000" : {"coup": 5, "jeu": ["B", "B", "N", "B", "N", "X", "N"], "histo": []},
"2022-09-20 09:56:32.602000" : {"coup": 5, "jeu": ["B", "B", "N", "N", "B", "X", "N"], "histo": []},
"2022-09-20 10:18:07.193000" : {"coup": 2, "jeu": ["B", "B", "X", "B", "N", "N", "N"], "histo": []},
"2022-09-20 10:29:39.112000" : {"coup": 2, "jeu": ["B", "B", "X", "B", "N", "N", "N"], "histo": [["B", "B", "B", "X", "N", "N", "N"]]},
"2022-09-20 10:18:03.155000" : {"coup": "Undo", "jeu": ["B", "B", "B", "X", "N", "N", "N"], "histo": []},
"2022-09-20 09:53:26.814000" : {"coup": 1, "jeu": ["B", "X", "N", "B", "N", "B", "N"], "histo": []},
"2022-09-20 09:55:47.779000" : {"coup": 4, "jeu": ["B", "N", "N", "N", "X", "B", "B"], "histo": []},
"2022-09-20 09:52:37.886000" : {"coup": 0, "jeu": ["X", "B", "B", "B", "N", "N", "N"], "histo": []},
"2022-09-20 09:53:43.581000" : {"coup": 3, "jeu": ["B", "B", "N", "X", "N", "B", "N"], "histo": []},
"2022-09-20 09:56:03.193000" : {"coup": 3, "jeu": ["B", "B", "N", "X", "N", "B", "N"], "histo": []},
"2022-09-20 09:56:20.941000" : {"coup": 4, "jeu": ["B", "B", "N", "B", "X", "N", "N"], "histo": []},
"2022-09-20 10:18:04.968000" : {"coup": "Reset", "jeu": ["B", "B", "B", "X", "N", "N", "N"], "histo": []},
"2022-09-20 09:52:33.590000" : {"coup": 2, "jeu": ["B", "B", "X", "B", "N", "N", "N"], "histo": []},
"2022-09-20 09:47:22.087000" : {"coup": 2, "jeu": ["B", "B", "X", "B", "N", "N", "N"], "histo": []},
"2022-09-20 10:25:52.893000" : {"coup": "Reset", "jeu": ["B", "B", "B", "X", "N", "N", "N"], "histo": []},
"2022-09-20 09:55:44.177000" : {"coup": 3, "jeu": ["B", "N", "N", "X", "N", "B", "B"], "histo": []},
"2022-09-20 10:18:34.924000" : {"coup": 6, "jeu": ["N", "X", "B", "B", "N", "B", "N"], "histo": []},
"2022-09-20 10:18:36.476000" : {"coup": "Undo", "jeu": ["B", "B", "B", "X", "N", "N", "N"], "histo": []},
"2022-09-20 09:48:38.059000" : {"coup": 3, "jeu": ["B", "B", "N", "X", "N", "B", "N"], "histo": []},
"2022-09-20 10:30:11.078000" : {"coup": 3, "jeu": ["B", "B", "N", "X", "N", "N"], "histo": ["B", "B", ["B", "B", "X", "N", "N", "N"]]},
"2022-09-20 09:59:58.901000" : {"coup": 2, "jeu": ["N", "N", "X", "B", "N", "B", "B"], "histo": []},
"2022-09-20 10:10:30.724000" : {"coup": 2, "jeu": ["B", "B", "X", "B", "N", "N", "N"], "histo": [], "prog": "def saute(i):\n    if jeu[i]==\"B\" and i<6 and jeu[i+1]==\"X\":\n        jeu[i], jeu[i+1] = \"X\", \"B\"\n    elif jeu[i]==\"B\" and i<5 and jeu[i+1]==\"N\" and jeu[i+2]==\"X\":\n        jeu[i], jeu[i+2] = \"X\", \"B\"\n    elif jeu[i]==\"N\" and i>0 and jeu[i-1]==\"X\":\n        jeu[i], jeu[i-1] = \"X\", \"N\"\n    elif jeu[i]==\"N\" and i>1 and jeu[i-1]==\"B\" and jeu[i-2]==\"X\":\n        jeu[i], jeu[i-2] = \"X\", \"N\"\ndef undo():\n    global jeu\n    jeu = [\"B\", \"B\", \"B\", \"X\", \"N\", \"N\", \"N\"]\n    \n    list.append(0,B)\n    list.pop()"},
"2022-09-20 10:26:19.894000" : {"coup": "Undo", "jeu": ["B", "B", "X", "N", "N", "N"], "histo": []},
"2022-09-20 09:55:53.013000" : {"coup": 2, "jeu": ["B", "B", "X", "B", "N", "N", "N"], "histo": []},
"2022-09-20 10:00:46.542000" : {"coup": 4, "jeu": ["B", "B", "N", "B", "X", "N", "N"], "histo": []},
"2022-09-20 10:30:29.133000" : {"coup": "Undo", "jeu": ["B", "B", "X", "N", "N", "N"], "histo": ["B"]},
"2022-09-20 09:59:54.344000" : {"coup": 4, "jeu": ["N", "B", "N", "B", "X", "B", "N"], "histo": []},
"2022-09-20 10:00:07.898000" : {"coup": 4, "jeu": ["B", "B", "N", "B", "X", "N", "N"], "histo": []},
"2022-09-20 09:59:24.912000" : {"coup": 3, "jeu": ["B", "B", "N", "X", "N", "B", "N"], "histo": []},
"2022-09-20 10:29:40.046000" : {"coup": "Undo", "jeu": ["B", "B", "X", "N", "N", "N"], "histo": ["B"]},
"2022-09-20 09:55:48.547000" : {"coup": 0, "jeu": ["B", "N", "N", "N", "X", "B", "B"], "histo": []},
"2022-09-20 10:20:36.076000" : {"coup": "Reset", "jeu": ["B", "B", "B", "X", "N", "N", "N"], "histo": []},
"2022-09-20 09:53:15.726000" : {"coup": 6, "jeu": ["B", "B", "N", "N", "N", "B", "X"], "histo": []},
"2022-09-20 09:59:38.596000" : {"coup": 2, "jeu": ["N", "N", "X", "B", "N", "B", "B"], "histo": []},
"2022-09-20 10:00:54.852000" : {"coup": 2, "jeu": ["N", "N", "X", "B", "N", "B", "B"], "histo": []},
"2022-09-20 10:27:49.507000" : {"coup": 2, "jeu": ["B", "B", "N", "B", "X", "N", "N"], "histo": [["B", "B", "B", "X", "N", "N", "N"], ["B", "B", "X", "B", "N", "N", "N"]]},
"2022-09-20 09:52:56.695000" : {"coup": 3, "jeu": ["B", "N", "X", "B", "B", "N", "N"], "histo": []},
"2022-09-20 09:50:59.561000" : {"coup": 5, "jeu": ["B", "B", "N", "N", "B", "X", "N"], "histo": []},
"2022-09-20 10:17:35.266000" : {"coup": 4, "jeu": ["B", "B", "B", "N", "X", "N", "N"], "histo": []},
"2022-09-20 09:49:09.086000" : {"coup": 3, "jeu": ["N", "B", "N", "X", "N", "B", "B"], "histo": []},
"2022-09-20 10:26:52.937000" : {"coup": "Undo", "jeu": ["B", "B", "B", "X", "N", "N", "N"], "histo": []},
"2022-09-20 10:17:39.747000" : {"coup": "Undo", "jeu": ["B", "B", "B", "X", "N", "N", "N"], "histo": []},
"2022-09-20 10:00:20.281000" : {"coup": "Undo", "jeu": ["B", "B", "B", "X", "N", "N", "N"], "histo": []},
"2022-09-20 10:00:10.995000" : {"coup": "Undo", "jeu": ["B", "B", "B", "X", "N", "N", "N"], "histo": []},
"2022-09-20 10:30:28.189000" : {"coup": 2, "jeu": ["B", "B", "X", "B", "N", "N", "N"], "histo": [["B", "B", "B", "X", "N", "N", "N"]]},
"2022-09-20 10:23:53.511000" : {"coup": 6, "jeu": ["B", "B", "N", "B", "N", "N", "X"], "histo": [["B", "B", "B", "N", "X", "N", "N"], ["B", "B", "B", "X", "N", "N", "N"], ["B", "B", "X", "B", "N", "N", "N"], ["B", "B", "N", "B", "X", "N", "N"], ["B", "B", "N", "B", "N", "X", "N"]]},
"2022-09-20 10:13:18.557000" : {"coup": 2, "jeu": ["N", "B", "X", "B", "N", "B", "N"], "histo": []},
"2022-09-20 09:53:37.059000" : {"coup": 2, "jeu": ["N", "X", "B", "B", "N", "B", "N"], "histo": []},
"2022-09-20 10:17:29.486000" : {"coup": 4, "jeu": ["B", "B", "B", "N", "X", "N", "N"], "histo": []},
"2022-09-20 10:28:06.940000" : {"coup": "Reset", "jeu": ["B", "B", "B", "X", "N", "N", "N"], "histo": []},
"2022-09-20 09:59:39.161000" : {"coup": 4, "jeu": ["N", "N", "N", "B", "X", "B", "B"], "histo": []},
"2022-09-20 09:48:32.388000" : {"coup": 4, "jeu": ["B", "B", "N", "B", "X", "N", "N"], "histo": []},
"2022-09-20 09:55:47.052000" : {"coup": 1, "jeu": ["B", "N", "N", "X", "N", "B", "B"], "histo": []},
"2022-09-20 10:10:33.323000" : {"coup": 4, "jeu": ["B", "B", "N", "B", "X", "N", "N"], "histo": []},
"2022-09-20 09:53:05.242000" : {"coup": 4, "jeu": ["B", "B", "N", "B", "X", "N", "N"], "histo": []},
"2022-09-20 09:53:15.077000" : {"coup": 0, "jeu": ["B", "B", "N", "N", "X", "B", "N"], "histo": []},
"2022-09-20 10:18:04.203000" : {"coup": 2, "jeu": ["B", "B", "X", "B", "N", "N", "N"], "histo": []},
"2022-09-20 09:59:02.661000" : {"coup": "Load", "jeu": ["B", "B", "B", "X", "N", "N", "N"], "histo": []},
"2022-09-20 10:17:36.692000" : {"coup": "Undo", "jeu": ["B", "B", "B", "X", "N", "N", "N"], "histo": []},
"2022-09-20 10:22:19.645000" : {"coup": 1, "jeu": ["B", "X", "B", "B", "N", "N", "N"], "histo": [["B", "B", "B", "X", "N", "N", "N"], ["B", "B", "X", "B", "N", "N", "N"]]},
"2022-09-20 10:17:42.658000" : {"coup": "Reset", "jeu": ["B", "B", "B", "X", "N", "N", "N"], "histo": []},
"2022-09-20 09:53:38.965000" : {"coup": "Undo", "jeu": ["B", "B", "B", "X", "N", "N", "N"], "histo": []},
"2022-09-20 09:53:16.733000" : {"coup": 4, "jeu": ["B", "B", "N", "N", "N", "X", "B"], "histo": []},
"2022-09-20 10:26:03.257000" : {"coup": "Undo", "jeu": ["B", "B", "X", "N", "N", "N"], "histo": [["B", "B", "B", "X", "N", "N", "N"]], "prog": "\ndef saute(i):\n    if jeu[i]==\"B\" and i<6 and jeu[i+1]==\"X\":\n        historique.append(jeu.copy())\n        jeu[i], jeu[i+1] = \"X\", \"B\"\n    elif jeu[i]==\"B\" and i<5 and jeu[i+1]==\"N\" and jeu[i+2]==\"X\":\n        historique.append(jeu.copy())\n        jeu[i], jeu[i+2] = \"X\", \"B\"\n    elif jeu[i]==\"N\" and i>0 and jeu[i-1]==\"X\":\n        historique.append(jeu.copy())\n        jeu[i], jeu[i-1] = \"X\", \"N\"\n    elif jeu[i]==\"N\" and i>1 and jeu[i-1]==\"B\" and jeu[i-2]==\"X\":\n        historique.append(jeu.copy())\n        jeu[i], jeu[i-2] = \"X\", \"N\"\n        \ndef undo():\n    global jeu\n    jeu = [\"B\", \"B\", \"B\", \"X\", \"N\", \"N\", \"N\"]\n    jeu.pop(0)\n "},
"2022-09-20 09:53:32.204000" : {"coup": 0, "jeu": ["X", "N", "B", "B", "N", "B", "N"], "histo": []},
"2022-09-20 10:09:51.861000" : {"coup": 4, "jeu": ["N", "N", "N", "X", "B", "B", "B"], "histo": []},
"2022-09-20 09:53:58.735000" : {"coup": 2, "jeu": ["B", "B", "X", "B", "N", "N", "N"], "histo": []},
"2022-09-20 09:52:59.983000" : {"coup": 2, "jeu": ["B", "B", "X", "B", "N", "N", "N"], "histo": []},
"2022-09-20 10:00:38.734000" : {"coup": 4, "jeu": ["N", "B", "N", "B", "X", "B", "N"], "histo": []},
"2022-09-20 09:56:32.090000" : {"coup": 3, "jeu": ["B", "B", "N", "X", "B", "N", "N"], "histo": []},
"2022-09-20 10:13:22.626000" : {"coup": 2, "jeu": ["N", "N", "X", "B", "N", "B", "B"], "histo": []},
"2022-09-20 10:24:05.900000" : {"coup": 2, "jeu": ["B", "B", "X", "B", "N", "N", "N"], "histo": [["B", "B", "B", "X", "N", "N", "N"]]},
"2022-09-20 10:00:50.477000" : {"coup": 0, "jeu": ["X", "B", "N", "B", "N", "B", "N"], "histo": []},
"2022-09-20 09:49:35.885000" : {"coup": 2, "jeu": ["N", "N", "N", "X", "B", "B", "B"], "histo": []},
"2022-09-20 09:55:43.534000" : {"coup": 5, "jeu": ["B", "N", "N", "B", "N", "X", "B"], "histo": []},
"2022-09-20 10:24:06.417000" : {"coup": 4, "jeu": ["B", "B", "N", "B", "X", "N", "N"], "histo": [["B", "B", "B", "X", "N", "N", "N"], ["B", "B", "X", "B", "N", "N", "N"]]},
"2022-09-20 09:52:05.582000" : {"coup": "Load", "jeu": ["B", "B", "B", "X", "N", "N", "N"], "histo": []},
"2022-09-20 10:23:52.659000" : {"coup": 5, "jeu": ["B", "B", "N", "B", "N", "X", "N"], "histo": [["B", "B", "B", "N", "X", "N", "N"], ["B", "B", "B", "X", "N", "N", "N"], ["B", "B", "X", "B", "N", "N", "N"], ["B", "B", "N", "B", "X", "N", "N"]]},
"2022-09-20 10:00:37.783000" : {"coup": 2, "jeu": ["N", "B", "X", "B", "N", "B", "N"], "histo": []},
"2022-09-20 09:51:50.473000" : {"coup": 2, "jeu": ["B", "B", "X", "B", "N", "N", "N"], "histo": [], "prog": "def saute(i):\n    if jeu[i]==\"B\" and i<6 and jeu[i+1]==\"X\":\n        jeu[i], jeu[i+1] = \"X\", \"B\"\n    elif jeu[i]==\"B\" and i<5 and jeu[i+1]==\"N\" and jeu[i+2]==\"X\":\n        jeu[i], jeu[i+2] = \"X\", \"B\"\n    elif jeu[i]==\"N\" and i>0 and jeu[i-1]==\"X\":\n        jeu[i], jeu[i-1] = \"X\", \"N\"\n    elif jeu[i]==\"N\" and i>1 and jeu[i-1]==\"B\" and jeu[i-2]==\"X\":\n        jeu[i], jeu[i-2] = \"X\", \"N\"\ndef undo():\n    global jeu\n    i-1"},
"2022-09-20 09:52:14.068000" : {"coup": 4, "jeu": ["B", "B", "N", "B", "X", "N", "N"], "histo": []},
"2022-09-20 09:51:00.978000" : {"coup": 4, "jeu": ["B", "B", "N", "N", "X", "B", "N"], "histo": []},
"2022-09-20 09:51:54.838000" : {"coup": "Reset", "jeu": ["B", "B", "B", "X", "N", "N", "N"], "histo": []},
"2022-09-20 09:53:12.551000" : {"coup": 4, "jeu": ["B", "B", "N", "N", "X", "B", "N"], "histo": []},
"2022-09-20 09:49:09.890000" : {"coup": 1, "jeu": ["N", "X", "N", "B", "N", "B", "B"], "histo": []},
"2022-09-20 09:56:33.664000" : {"coup": 4, "jeu": ["B", "B", "N", "N", "X", "B", "N"], "histo": []},
"2022-09-20 09:48:24.998000" : {"coup": 4, "jeu": ["B", "N", "N", "N", "X", "B", "B"], "histo": []},
"2022-09-20 09:48:28.159000" : {"coup": 2, "jeu": ["B", "B", "X", "B", "N", "N", "N"], "histo": []},
"2022-09-20 10:28:06.748000" : {"coup": "Reset", "jeu": ["B", "B", "B", "X", "N", "N", "N"], "histo": []},
"2022-09-20 10:25:41.100000" : {"coup": "Reset", "jeu": ["B", "B", "B", "X", "N", "N", "N"], "histo": []},
"2022-09-20 10:18:35.062000" : {"coup": 6, "jeu": ["N", "X", "B", "B", "N", "B", "N"], "histo": []},
"2022-09-20 09:56:07.738000" : {"coup": 1, "jeu": ["B", "X", "N", "B", "N", "B", "N"], "histo": []},
"2022-09-20 09:48:18.660000" : {"coup": 6, "jeu": ["B", "N", "N", "B", "N", "B", "X"], "histo": []},
"2022-09-20 09:54:55.239000" : {"coup": 1, "jeu": ["N", "X", "B", "B", "N", "B", "N"], "histo": []},
"2022-09-20 10:23:51.250000" : {"coup": 4, "jeu": ["B", "B", "N", "B", "X", "N", "N"], "histo": [["B", "B", "B", "N", "X", "N", "N"], ["B", "B", "B", "X", "N", "N", "N"], ["B", "B", "X", "B", "N", "N", "N"]]},
"2022-09-20 09:59:58.430000" : {"coup": 1, "jeu": ["N", "X", "N", "B", "N", "B", "B"], "histo": []},
"2022-09-20 09:48:49.378000" : {"coup": 4, "jeu": ["N", "B", "N", "B", "X", "B", "N"], "histo": []},
"2022-09-20 09:50:57.498000" : {"coup": 3, "jeu": ["B", "B", "N", "X", "B", "N", "N"], "histo": []},
"2022-09-20 10:29:44.253000" : {"coup": "Undo", "jeu": ["B", "B", "X", "N", "N", "N"], "histo": ["B"]},
"2022-09-20 09:50:56.648000" : {"coup": 2, "jeu": ["B", "B", "X", "N", "B", "N", "N"], "histo": []},
"2022-09-20 09:52:46.831000" : {"coup": 4, "jeu": ["B", "B", "N", "B", "X", "N", "N"], "histo": []},
"2022-09-20 09:53:17.523000" : {"coup": "Undo", "jeu": ["B", "B", "B", "X", "N", "N", "N"], "histo": []},
"2022-09-20 09:52:40.934000" : {"coup": 5, "jeu": ["B", "B", "N", "N", "B", "X", "N"], "histo": []},
"2022-09-20 10:30:27.338000" : {"coup": "Reset", "jeu": ["B", "B", "B", "X", "N", "N", "N"], "histo": []},
"2022-09-20 10:18:33.525000" : {"coup": 1, "jeu": ["N", "X", "B", "B", "N", "B", "N"], "histo": []},
"2022-09-20 09:54:58.269000" : {"coup": "Undo", "jeu": ["B", "B", "B", "X", "N", "N", "N"], "histo": []},
"2022-09-20 09:50:54.534000" : {"coup": "Undo", "jeu": ["B", "B", "B", "X", "N", "N", "N"], "histo": []},
"2022-09-20 10:33:02.465000" : {"coup": 3, "jeu": ["B", "B", "B", "X", "N", "N", "N"], "histo": [["B", "B", "X", "N", "N", "N"], ["B", "B", "N", "X", "N", "N"], ["B", "X", "N", "B", "N", "N"], ["B", "N", "X", "B", "N", "N"], ["X", "N", "B", "B", "N", "N"], "B"], "prog": "\ndef saute(i):\n    if jeu[i]==\"B\" and i<6 and jeu[i+1]==\"X\":\n        historique.append(jeu.copy())\n        jeu[i], jeu[i+1] = \"X\", \"B\"\n    elif jeu[i]==\"B\" and i<5 and jeu[i+1]==\"N\" and jeu[i+2]==\"X\":\n        historique.append(jeu.copy())\n        jeu[i], jeu[i+2] = \"X\", \"B\"\n    elif jeu[i]==\"N\" and i>0 and jeu[i-1]==\"X\":\n        historique.append(jeu.copy())\n        jeu[i], jeu[i-1] = \"X\", \"N\"\n    elif jeu[i]==\"N\" and i>1 and jeu[i-1]==\"B\" and jeu[i-2]==\"X\":\n        historique.append(jeu.copy())\n        jeu[i], jeu[i-2] = \"X\", \"N\"\n        \ndef undo():\n    global jeu\n    jeu = [\"B\", \"B\", \"B\", \"X\", \"N\", \"N\", \"N\"]\n    jeu = historique(jeu.pop(0))\n    "},
"2022-09-20 10:25:39.588000" : {"coup": 2, "jeu": ["B", "B", "X", "B", "N", "N", "N"], "histo": [["B", "B", "B", "X", "N", "N", "N"]], "prog": "\ndef saute(i):\n    if jeu[i]==\"B\" and i<6 and jeu[i+1]==\"X\":\n        historique.append(jeu.copy())\n        jeu[i], jeu[i+1] = \"X\", \"B\"\n    elif jeu[i]==\"B\" and i<5 and jeu[i+1]==\"N\" and jeu[i+2]==\"X\":\n        historique.append(jeu.copy())\n        jeu[i], jeu[i+2] = \"X\", \"B\"\n    elif jeu[i]==\"N\" and i>0 and jeu[i-1]==\"X\":\n        historique.append(jeu.copy())\n        jeu[i], jeu[i-1] = \"X\", \"N\"\n    elif jeu[i]==\"N\" and i>1 and jeu[i-1]==\"B\" and jeu[i-2]==\"X\":\n        historique.append(jeu.copy())\n        jeu[i], jeu[i-2] = \"X\", \"N\"\n        \ndef undo():\n    global jeu\n    jeu = [\"B\", \"B\", \"B\", \"X\", \"N\", \"N\", \"N\"]\n    historique.pop(0)\n    jeu.pop(0)\n    historique.insert(jeu)"},
"2022-09-20 10:28:06.164000" : {"coup": "Reset", "jeu": ["B", "B", "B", "X", "N", "N", "N"], "histo": []},
"2022-09-20 09:59:46.956000" : {"coup": 4, "jeu": ["B", "B", "N", "B", "X", "N", "N"], "histo": []},
"2022-09-20 10:18:07.953000" : {"coup": "Undo", "jeu": ["B", "B", "B", "X", "N", "N", "N"], "histo": []},
"2022-09-20 10:30:37.459000" : {"coup": 2, "jeu": ["N", "X", "B", "B", "N", "N"], "histo": ["B", ["B", "B", "X", "N", "N", "N"], ["B", "B", "N", "X", "N", "N"], ["B", "X", "N", "B", "N", "N"], ["B", "N", "X", "B", "N", "N"], ["X", "N", "B", "B", "N", "N"]]},
"2022-09-20 09:53:46.872000" : {"coup": 1, "jeu": ["B", "X", "N", "B", "N", "B", "N"], "histo": []},
"2022-09-20 10:29:37.723000" : {"coup": "Reset", "jeu": ["B", "B", "B", "X", "N", "N", "N"], "histo": []},
"2022-09-20 10:20:19.454000" : {"coup": 2, "jeu": ["B", "B", "X", "B", "N", "N", "N"], "histo": []},
"2022-09-20 10:26:46.571000" : {"coup": 2, "jeu": ["B", "B", "X", "B", "N", "N", "N"], "histo": [["B", "B", "B", "X", "N", "N", "N"]]},
"2022-09-20 09:50:38.160000" : {"coup": 2, "jeu": ["B", "B", "X", "B", "N", "N", "N"], "histo": []},
"2022-09-20 09:50:45.970000" : {"coup": 3, "jeu": ["B", "B", "N", "X", "B", "N", "N"], "histo": []},
"2022-09-20 10:09:48.275000" : {"coup": 1, "jeu": ["N", "N", "N", "X", "B", "B", "B"], "histo": [], "prog": "def saute(i):\n    if jeu[i]==\"B\" and i<6 and jeu[i+1]==\"X\":\n        jeu[i], jeu[i+1] = \"X\", \"B\"\n    elif jeu[i]==\"B\" and i<5 and jeu[i+1]==\"N\" and jeu[i+2]==\"X\":\n        jeu[i], jeu[i+2] = \"X\", \"B\"\n    elif jeu[i]==\"N\" and i>0 and jeu[i-1]==\"X\":\n        jeu[i], jeu[i-1] = \"X\", \"N\"\n    elif jeu[i]==\"N\" and i>1 and jeu[i-1]==\"B\" and jeu[i-2]==\"X\":\n        jeu[i], jeu[i-2] = \"X\", \"N\"\ndef undo():\n    global jeu\n    jeu = [\"B\", \"B\", \"B\", \"X\", \"N\", \"N\", \"N\"]\n    \n    list.append(x)\n    list.pop()"},
"2022-09-20 10:00:41.450000" : {"coup": 2, "jeu": ["N", "N", "X", "B", "N", "B", "B"], "histo": []},
"2022-09-20 09:52:36.953000" : {"coup": 4, "jeu": ["B", "X", "B", "B", "N", "N", "N"], "histo": []},
"2022-09-20 09:55:15.980000" : {"coup": 4, "jeu": ["B", "B", "N", "B", "X", "N", "N"], "histo": []},
"2022-09-20 09:55:51.243000" : {"coup": "Undo", "jeu": ["B", "B", "B", "X", "N", "N", "N"], "histo": []},
"2022-09-20 10:23:38.569000" : {"coup": "Reset", "jeu": ["B", "B", "B", "X", "N", "N", "N"], "histo": []},
"2022-09-20 10:24:08.514000" : {"coup": "Undo", "jeu": ["B", "B", "B", "X", "N", "N", "N"], "histo": [["B", "B", "X", "B", "N", "N", "N"], ["B", "B", "N", "B", "X", "N", "N"]]},
"2022-09-20 09:55:50.323000" : {"coup": 0, "jeu": ["B", "N", "N", "N", "X", "B", "B"], "histo": []},
"2022-09-20 09:50:45.354000" : {"coup": 4, "jeu": ["B", "B", "N", "B", "X", "N", "N"], "histo": []},
"2022-09-20 09:59:52.817000" : {"coup": 2, "jeu": ["N", "B", "X", "B", "N", "B", "N"], "histo": []},
"2022-09-20 09:53:18.341000" : {"coup": 2, "jeu": ["B", "B", "X", "B", "N", "N", "N"], "histo": []},
"2022-09-20 09:55:29.725000" : {"coup": 1, "jeu": ["B", "X", "N", "B", "N", "B", "N"], "histo": []},
"2022-09-20 09:55:00.013000" : {"coup": 0, "jeu": ["B", "B", "B", "N", "X", "N", "N"], "histo": []},
"2022-09-20 09:53:18.823000" : {"coup": 4, "jeu": ["B", "B", "N", "B", "X", "N", "N"], "histo": []},
"2022-09-20 10:23:42.720000" : {"coup": 2, "jeu": ["B", "B", "X", "N", "B", "N", "N"], "histo": [["B", "B", "B", "X", "N", "N", "N"], ["B", "B", "B", "N", "X", "N", "N"]]},
"2022-09-20 10:17:27.659000" : {"coup": 2, "jeu": ["B", "B", "X", "B", "N", "N", "N"], "histo": []},
"2022-09-20 10:29:30.608000" : {"coup": 1, "jeu": ["B", "X", "B", "N", "N", "N"], "histo": [["B", "B", "X", "B", "N", "N", "N"], "B", ["B", "B", "X", "N", "N", "N"]]},
"2022-09-20 10:18:05.764000" : {"coup": 2, "jeu": ["B", "B", "X", "B", "N", "N", "N"], "histo": []},
"2022-09-20 10:26:10.870000" : {"coup": "Reset", "jeu": ["B", "B", "B", "X", "N", "N", "N"], "histo": []},
"2022-09-20 09:52:56.031000" : {"coup": 2, "jeu": ["B", "N", "X", "B", "B", "N", "N"], "histo": []},
"2022-09-20 09:54:04.442000" : {"coup": 5, "jeu": ["B", "B", "N", "B", "N", "X", "N"], "histo": []},
"2022-09-20 09:55:43.200000" : {"coup": 6, "jeu": ["B", "N", "N", "B", "N", "B", "X"], "histo": []},
"2022-09-20 10:00:53.693000" : {"coup": 3, "jeu": ["N", "B", "N", "X", "N", "B", "B"], "histo": []},
"2022-09-20 10:17:52.457000" : {"coup": 2, "jeu": ["B", "B", "X", "B", "N", "N", "N"], "histo": []},
"2022-09-20 09:49:59.011000" : {"coup": "Undo", "jeu": ["B", "B", "B", "X", "N", "N", "N"], "histo": []},
"2022-09-20 10:00:29.023000" : {"coup": 3, "jeu": ["B", "B", "N", "X", "N", "B", "N"], "histo": []},
"2022-09-20 10:30:30.206000" : {"coup": 3, "jeu": ["B", "B", "N", "X", "N", "N"], "histo": ["B", ["B", "B", "X", "N", "N", "N"]]},
"2022-09-20 10:29:50.150000" : {"coup": "Undo", "jeu": ["B", "B", "X", "N", "N", "N"], "histo": [["B", "B", "X", "N", "N", "N"], "B"]},
"2022-09-20 09:50:43.763000" : {"coup": "Undo", "jeu": ["B", "B", "B", "X", "N", "N", "N"], "histo": []},
"2022-09-20 10:25:53.470000" : {"coup": "Reset", "jeu": ["B", "B", "B", "X", "N", "N", "N"], "histo": []},
"2022-09-20 09:59:52.249000" : {"coup": 0, "jeu": ["X", "B", "N", "B", "N", "B", "N"], "histo": []},
"2022-09-20 10:12:10.913000" : {"coup": "Undo", "jeu": ["B", "B", "B", "X", "N", "N", "N"], "histo": []},
"2022-09-20 09:52:50.395000" : {"coup": 3, "jeu": ["B", "B", "N", "X", "B", "N", "N"], "histo": []},
"2022-09-20 09:53:13.402000" : {"coup": 1, "jeu": ["B", "B", "N", "N", "X", "B", "N"], "histo": []},
"2022-09-20 10:12:07.931000" : {"coup": 1, "jeu": ["B", "B", "B", "X", "N", "N", "N"], "histo": []},
"2022-09-20 09:52:30.965000" : {"coup": 2, "jeu": ["B", "B", "N", "X", "B", "N", "N"], "histo": []},
"2022-09-20 09:50:46.881000" : {"coup": 1, "jeu": ["B", "X", "N", "B", "B", "N", "N"], "histo": []},
"2022-09-20 09:52:20.552000" : {"coup": 4, "jeu": ["B", "B", "N", "N", "X", "B", "N"], "histo": []},
"2022-09-20 10:13:13.201000" : {"coup": 2, "jeu": ["B", "B", "X", "B", "N", "N", "N"], "histo": []},
"2022-09-20 10:17:25.374000" : {"coup": 2, "jeu": ["N", "N", "N", "X", "B", "B", "B"], "histo": [], "prog": "\ndef saute(i):\n    if jeu[i]==\"B\" and i<6 and jeu[i+1]==\"X\":\n        jeu[i], jeu[i+1] = \"X\", \"B\"\n    elif jeu[i]==\"B\" and i<5 and jeu[i+1]==\"N\" and jeu[i+2]==\"X\":\n        jeu[i], jeu[i+2] = \"X\", \"B\"\n    elif jeu[i]==\"N\" and i>0 and jeu[i-1]==\"X\":\n        jeu[i], jeu[i-1] = \"X\", \"N\"\n    elif jeu[i]==\"N\" and i>1 and jeu[i-1]==\"B\" and jeu[i-2]==\"X\":\n        jeu[i], jeu[i-2] = \"X\", \"N\"\n        \ndef undo():\n    global jeu\n    jeu = [\"B\", \"B\", \"B\", \"X\", \"N\", \"N\", \"N\"]\n    historique.copy()\n    historique.append([\"B\", \"B\", \"B\", \"X\", \"N\", \"N\", \"N\"])\n    historique.pop(0)"},
"2022-09-20 10:30:37.113000" : {"coup": 1, "jeu": ["N", "X", "B", "B", "N", "N"], "histo": ["B", ["B", "B", "X", "N", "N", "N"], ["B", "B", "N", "X", "N", "N"], ["B", "X", "N", "B", "N", "N"], ["B", "N", "X", "B", "N", "N"], ["X", "N", "B", "B", "N", "N"]]},
"2022-09-20 10:00:45.408000" : {"coup": "Undo", "jeu": ["B", "B", "B", "X", "N", "N", "N"], "histo": []},
"2022-09-20 10:27:49.640000" : {"coup": 2, "jeu": ["B", "B", "N", "B", "X", "N", "N"], "histo": [["B", "B", "B", "X", "N", "N", "N"], ["B", "B", "X", "B", "N", "N", "N"]]},
"2022-09-20 10:18:30.032000" : {"coup": 0, "jeu": ["X", "N", "B", "B", "N", "B", "N"], "histo": []},
"2022-09-20 09:56:30.410000" : {"coup": 4, "jeu": ["B", "B", "N", "B", "X", "N", "N"], "histo": []},
"2022-09-20 09:50:50.853000" : {"coup": 3, "jeu": ["B", "N", "X", "B", "B", "N", "N"], "histo": []},
"2022-09-20 09:49:11.522000" : {"coup": 3, "jeu": ["N", "N", "N", "X", "B", "B", "B"], "histo": []},
"2022-09-20 10:00:48.727000" : {"coup": 3, "jeu": ["B", "B", "N", "X", "N", "B", "N"], "histo": []},
"2022-09-20 10:26:38.939000" : {"coup": 2, "jeu": ["B", "B", "X", "B", "N", "N", "N"], "histo": [["B", "B", "B", "X", "N", "N", "N"]]},
"2022-09-20 10:09:51.662000" : {"coup": 4, "jeu": ["N", "N", "N", "X", "B", "B", "B"], "histo": []},
"2022-09-20 10:28:06.565000" : {"coup": "Reset", "jeu": ["B", "B", "B", "X", "N", "N", "N"], "histo": []},
"2022-09-20 09:53:16.197000" : {"coup": 5, "jeu": ["B", "B", "N", "N", "N", "X", "B"], "histo": []},
"2022-09-20 09:59:48.011000" : {"coup": 5, "jeu": ["B", "B", "N", "B", "N", "X", "N"], "histo": []},
"2022-09-20 10:00:40.999000" : {"coup": 1, "jeu": ["N", "X", "N", "B", "N", "B", "B"], "histo": []},
"2022-09-20 09:46:59.502000" : {"coup": 2, "jeu": ["B", "B", "X", "B", "N", "N", "N"], "histo": []},
"2022-09-20 10:30:19.924000" : {"coup": 3, "jeu": ["B", "B", "N", "X", "N", "N"], "histo": ["B", ["B", "B", "X", "N", "N", "N"]]},
"2022-09-20 10:28:02.845000" : {"coup": "Reset", "jeu": ["B", "B", "B", "X", "N", "N", "N"], "histo": []},
"2022-09-20 10:30:12.114000" : {"coup": "Undo", "jeu": ["B", "B", "X", "N", "N", "N"], "histo": ["B", ["B", "B", "X", "N", "N", "N"], "B"]},
"2022-09-20 10:10:31.806000" : {"coup": 2, "jeu": ["B", "B", "X", "B", "N", "N", "N"], "histo": []},
"2022-09-20 10:23:44.945000" : {"coup": "Undo", "jeu": ["B", "B", "B", "X", "N", "N", "N"], "histo": [["B", "B", "B", "N", "X", "N", "N"]]},
"2022-09-20 10:00:08.484000" : {"coup": 5, "jeu": ["B", "B", "N", "B", "N", "X", "N"], "histo": []},
"2022-09-20 09:56:27.154000" : {"coup": 0, "jeu": ["X", "N", "B", "B", "B", "N", "N"], "histo": []},
"2022-09-20 09:53:55.104000" : {"coup": 3, "jeu": ["B", "N", "N", "X", "B", "B", "N"], "histo": []},
"2022-09-20 10:13:22.124000" : {"coup": 1, "jeu": ["N", "X", "N", "B", "N", "B", "B"], "histo": []},
"2022-09-20 09:53:35.638000" : {"coup": 3, "jeu": ["N", "X", "B", "B", "N", "B", "N"], "histo": []},
"2022-09-20 09:52:31.595000" : {"coup": 0, "jeu": ["B", "B", "N", "X", "B", "N", "N"], "histo": []},
"2022-09-20 09:50:00.664000" : {"coup": "Reset", "jeu": ["B", "B", "B", "X", "N", "N", "N"], "histo": []},
"2022-09-20 09:52:57.970000" : {"coup": 5, "jeu": ["B", "N", "X", "B", "B", "N", "N"], "histo": []},
"2022-09-20 10:12:06.863000" : {"coup": 1, "jeu": ["B", "B", "B", "X", "N", "N", "N"], "histo": [], "prog": "historique.copy()\ndef saute(i):\n    if jeu[i]==\"B\" and i<6 and jeu[i+1]==\"X\":\n        jeu[i], jeu[i+1] = \"X\", \"B\"\n    elif jeu[i]==\"B\" and i<5 and jeu[i+1]==\"N\" and jeu[i+2]==\"X\":\n        jeu[i], jeu[i+2] = \"X\", \"B\"\n    elif jeu[i]==\"N\" and i>0 and jeu[i-1]==\"X\":\n        jeu[i], jeu[i-1] = \"X\", \"N\"\n    elif jeu[i]==\"N\" and i>1 and jeu[i-1]==\"B\" and jeu[i-2]==\"X\":\n        jeu[i], jeu[i-2] = \"X\", \"N\"\ndef undo():\n    global jeu\n    jeu = [\"B\", \"B\", \"B\", \"X\", \"N\", \"N\", \"N\"]\n"},
"2022-09-20 10:09:49.524000" : {"coup": 2, "jeu": ["N", "N", "N", "X", "B", "B", "B"], "histo": []},
"2022-09-20 09:47:17.117000" : {"coup": 3, "jeu": ["B", "N", "X", "B", "B", "N", "N"], "histo": []},
"2022-09-20 10:26:04.686000" : {"coup": 1, "jeu": ["B", "X", "B", "N", "N", "N"], "histo": [["B", "B", "B", "X", "N", "N", "N"], ["B", "B", "X", "N", "N", "N"]]},
"2022-09-20 10:18:26.640000" : {"coup": 1, "jeu": ["B", "X", "N", "B", "N", "B", "N"], "histo": []},
"2022-09-20 09:51:03.526000" : {"coup": "Undo", "jeu": ["B", "B", "B", "X", "N", "N", "N"], "histo": []},
"2022-09-20 09:53:08.893000" : {"coup": 3, "jeu": ["B", "B", "N", "X", "B", "N", "N"], "histo": []},
"2022-09-20 10:27:47.959000" : {"coup": 2, "jeu": ["B", "B", "X", "B", "N", "N", "N"], "histo": [["B", "B", "B", "X", "N", "N", "N"]], "prog": "\ndef saute(i):\n    if jeu[i]==\"B\" and i<6 and jeu[i+1]==\"X\":\n        historique.append(jeu.copy())\n        jeu[i], jeu[i+1] = \"X\", \"B\"\n    elif jeu[i]==\"B\" and i<5 and jeu[i+1]==\"N\" and jeu[i+2]==\"X\":\n        historique.append(jeu.copy())\n        jeu[i], jeu[i+2] = \"X\", \"B\"\n    elif jeu[i]==\"N\" and i>0 and jeu[i-1]==\"X\":\n        historique.append(jeu.copy())\n        jeu[i], jeu[i-1] = \"X\", \"N\"\n    elif jeu[i]==\"N\" and i>1 and jeu[i-1]==\"B\" and jeu[i-2]==\"X\":\n        historique.append(jeu.copy())\n        jeu[i], jeu[i-2] = \"X\", \"N\"\n        \ndef undo():\n    global jeu\n    jeu = [\"B\", \"B\", \"B\", \"X\", \"N\", \"N\", \"N\"]\n    historique.pop(0)\n    historique = jeu"},
"2022-09-20 09:59:46.271000" : {"coup": 2, "jeu": ["B", "B", "X", "B", "N", "N", "N"], "histo": []},
"2022-09-20 09:59:59.882000" : {"coup": 3, "jeu": ["N", "N", "N", "X", "B", "B", "B"], "histo": []},
"2022-09-20 09:59:57.797000" : {"coup": 3, "jeu": ["N", "B", "N", "X", "N", "B", "B"], "histo": []},
"2022-09-20 09:48:42.890000" : {"coup": 2, "jeu": ["N", "B", "X", "B", "N", "B", "N"], "histo": []},
"2022-09-20 10:28:06.364000" : {"coup": "Reset", "jeu": ["B", "B", "B", "X", "N", "N", "N"], "histo": []},
"2022-09-20 09:56:15.566000" : {"coup": 4, "jeu": ["B", "N", "N", "B", "X", "B", "N"], "histo": []},
"2022-09-20 09:59:51.079000" : {"coup": 1, "jeu": ["B", "X", "N", "B", "N", "B", "N"], "histo": []},
"2022-09-20 10:00:05.685000" : {"coup": 2, "jeu": ["B", "B", "X", "B", "N", "N", "N"], "histo": []},
"2022-09-20 09:56:19.002000" : {"coup": "Reset", "jeu": ["B", "B", "B", "X", "N", "N", "N"], "histo": []},
"2022-09-20 09:56:25.397000" : {"coup": 5, "jeu": ["B", "X", "N", "B", "B", "N", "N"], "histo": []},
"2022-09-20 10:00:40.319000" : {"coup": 3, "jeu": ["N", "B", "N", "X", "N", "B", "B"], "histo": []},
"2022-09-20 09:59:04.300000" : {"coup": 2, "jeu": ["B", "B", "X", "B", "N", "N", "N"], "histo": []},
"2022-09-20 10:26:40.844000" : {"coup": 4, "jeu": ["B", "B", "N", "B", "X", "N", "N"], "histo": [["B", "B", "B", "X", "N", "N", "N"], ["B", "B", "X", "B", "N", "N", "N"]]},
"2022-09-20 10:12:14.376000" : {"coup": "Undo", "jeu": ["B", "B", "B", "X", "N", "N", "N"], "histo": []},
"2022-09-20 10:18:23.844000" : {"coup": 5, "jeu": ["B", "B", "N", "B", "N", "X", "N"], "histo": []},
"2022-09-20 10:26:05.924000" : {"coup": "Undo", "jeu": ["B", "B", "X", "N", "N", "N"], "histo": [["B", "B", "B", "X", "N", "N", "N"], ["B", "B", "X", "N", "N", "N"]]},
"2022-09-20 10:00:27.209000" : {"coup": 5, "jeu": ["B", "B", "N", "B", "N", "X", "N"], "histo": []},
"2022-09-20 09:59:11.864000" : {"coup": 5, "jeu": ["B", "B", "N", "B", "N", "X", "N"], "histo": []},
"2022-09-20 10:30:34.932000" : {"coup": 2, "jeu": ["B", "N", "X", "B", "N", "N"], "histo": ["B", ["B", "B", "X", "N", "N", "N"], ["B", "B", "N", "X", "N", "N"], ["B", "X", "N", "B", "N", "N"]]},
"2022-09-20 10:22:17.212000" : {"coup": 2, "jeu": ["B", "B", "X", "B", "N", "N", "N"], "histo": [["B", "B", "B", "X", "N", "N", "N"]]},
"2022-09-20 10:09:52.614000" : {"coup": 2, "jeu": ["N", "N", "N", "X", "B", "B", "B"], "histo": []},
"2022-09-20 10:10:31.891000" : {"coup": 2, "jeu": ["B", "B", "X", "B", "N", "N", "N"], "histo": []},
"2022-09-20 10:00:52.941000" : {"coup": 6, "jeu": ["N", "B", "N", "B", "N", "B", "X"], "histo": []},
"2022-09-20 09:55:13.995000" : {"coup": "Load", "jeu": ["B", "B", "B", "X", "N", "N", "N"], "histo": []},
"2022-09-20 10:00:51.157000" : {"coup": 2, "jeu": ["N", "B", "X", "B", "N", "B", "N"], "histo": []},
"2022-09-20 09:49:04.170000" : {"coup": 6, "jeu": ["N", "B", "N", "B", "N", "B", "X"], "histo": []},
"2022-09-20 10:30:12.594000" : {"coup": "Reset", "jeu": ["B", "B", "B", "X", "N", "N", "N"], "histo": []},
"2022-09-20 10:26:38.824000" : {"coup": 2, "jeu": ["B", "B", "X", "B", "N", "N", "N"], "histo": [["B", "B", "B", "X", "N", "N", "N"]]},
"2022-09-20 09:52:45.299000" : {"coup": "Undo", "jeu": ["B", "B", "B", "X", "N", "N", "N"], "histo": []},
"2022-09-20 10:13:20.966000" : {"coup": 5, "jeu": ["N", "B", "N", "B", "N", "X", "B"], "histo": []},
"2022-09-20 09:56:26.258000" : {"coup": 1, "jeu": ["B", "X", "N", "B", "B", "N", "N"], "histo": []},
"2022-09-20 10:28:02.124000" : {"coup": "Reset", "jeu": ["B", "B", "B", "X", "N", "N", "N"], "histo": []},
"2022-09-20 10:23:27.515000" : {"coup": "Undo", "jeu": ["B", "B", "B", "X", "N", "N", "N"], "histo": []},
"2022-09-20 09:53:39.656000" : {"coup": 2, "jeu": ["B", "B", "X", "B", "N", "N", "N"], "histo": []},
"2022-09-20 09:52:38.365000" : {"coup": "Undo", "jeu": ["B", "B", "B", "X", "N", "N", "N"], "histo": []},
"2022-09-20 09:59:50.343000" : {"coup": 3, "jeu": ["B", "B", "N", "X", "N", "B", "N"], "histo": []},
"2022-09-20 10:29:01.114000" : {"coup": "Undo", "jeu": ["B", "B", "X", "N", "N", "N"], "histo": [["B", "B", "X", "B", "N", "N", "N"], "B"]},
"2022-09-20 10:23:56.396000" : {"coup": "Undo", "jeu": ["B", "B", "B", "X", "N", "N", "N"], "histo": [["B", "B", "B", "X", "N", "N", "N"], ["B", "B", "X", "B", "N", "N", "N"], ["B", "B", "N", "B", "X", "N", "N"], ["B", "B", "N", "B", "N", "X", "N"]]},
"2022-09-20 10:13:23.879000" : {"coup": 4, "jeu": ["N", "N", "N", "B", "X", "B", "B"], "histo": []},
"2022-09-20 10:23:26.166000" : {"coup": "Undo", "jeu": ["B", "B", "B", "X", "N", "N", "N"], "histo": [["B", "B", "X", "B", "N", "N", "N"]], "prog": "\ndef saute(i):\n    if jeu[i]==\"B\" and i<6 and jeu[i+1]==\"X\":\n        historique.append(jeu.copy())\n        jeu[i], jeu[i+1] = \"X\", \"B\"\n    elif jeu[i]==\"B\" and i<5 and jeu[i+1]==\"N\" and jeu[i+2]==\"X\":\n        historique.append(jeu.copy())\n        jeu[i], jeu[i+2] = \"X\", \"B\"\n    elif jeu[i]==\"N\" and i>0 and jeu[i-1]==\"X\":\n        historique.append(jeu.copy())\n        jeu[i], jeu[i-1] = \"X\", \"N\"\n    elif jeu[i]==\"N\" and i>1 and jeu[i-1]==\"B\" and jeu[i-2]==\"X\":\n        historique.append(jeu.copy())\n        jeu[i], jeu[i-2] = \"X\", \"N\"\n        \ndef undo():\n    global jeu\n    jeu = [\"B\", \"B\", \"B\", \"X\", \"N\", \"N\", \"N\"]\n    historique.pop(0)"},
"2022-09-20 09:55:45.412000" : {"coup": 0, "jeu": ["B", "N", "N", "X", "N", "B", "B"], "histo": []},
"2022-09-20 10:30:39.364000" : {"coup": "Undo", "jeu": ["B", "B", "X", "N", "N", "N"], "histo": [["B", "B", "X", "N", "N", "N"], ["B", "B", "N", "X", "N", "N"], ["B", "X", "N", "B", "N", "N"], ["B", "N", "X", "B", "N", "N"], ["X", "N", "B", "B", "N", "N"], "B"]},
"2022-09-20 10:03:24.994000" : {"coup": 4, "jeu": ["N", "N", "N", "X", "B", "B", "B"], "histo": []},
"2022-09-20 10:30:38.046000" : {"coup": 4, "jeu": ["N", "X", "B", "B", "N", "N"], "histo": ["B", ["B", "B", "X", "N", "N", "N"], ["B", "B", "N", "X", "N", "N"], ["B", "X", "N", "B", "N", "N"], ["B", "N", "X", "B", "N", "N"], ["X", "N", "B", "B", "N", "N"]]},
"2022-09-20 10:29:34.518000" : {"coup": "Undo", "jeu": ["B", "B", "X", "N", "N", "N"], "histo": [["B", "B", "X", "N", "N", "N"], "B", ["B", "B", "X", "N", "N", "N"], "B"]},
"2022-09-20 09:50:44.542000" : {"coup": 2, "jeu": ["B", "B", "X", "B", "N", "N", "N"], "histo": []},
"2022-09-20 10:26:45.951000" : {"coup": "Undo", "jeu": ["B", "B", "B", "X", "N", "N", "N"], "histo": []},
"2022-09-20 09:59:59.479000" : {"coup": 4, "jeu": ["N", "N", "N", "B", "X", "B", "B"], "histo": []},
"2022-09-20 10:29:31.518000" : {"coup": "Undo", "jeu": ["B", "B", "X", "N", "N", "N"], "histo": ["B", ["B", "B", "X", "N", "N", "N"], "B"]},
"2022-09-20 10:26:44.492000" : {"coup": "Undo", "jeu": ["B", "B", "B", "X", "N", "N", "N"], "histo": [["B", "B", "X", "B", "N", "N", "N"]]},
"2022-09-20 09:55:17.910000" : {"coup": 5, "jeu": ["B", "B", "N", "B", "N", "X", "N"], "histo": []},
"2022-09-20 09:53:47.856000" : {"coup": 2, "jeu": ["B", "N", "X", "B", "N", "B", "N"], "histo": []},
"2022-09-20 10:11:21.145000" : {"coup": 3, "jeu": ["B", "B", "B", "X", "N", "N", "N"], "histo": []},
"2022-09-20 10:25:17.728000" : {"coup": "Reset", "jeu": ["B", "B", "B", "X", "N", "N", "N"], "histo": [], "prog": "\ndef saute(i):\n    if jeu[i]==\"B\" and i<6 and jeu[i+1]==\"X\":\n        historique.append(jeu.copy())\n        jeu[i], jeu[i+1] = \"X\", \"B\"\n    elif jeu[i]==\"B\" and i<5 and jeu[i+1]==\"N\" and jeu[i+2]==\"X\":\n        historique.append(jeu.copy())\n        jeu[i], jeu[i+2] = \"X\", \"B\"\n    elif jeu[i]==\"N\" and i>0 and jeu[i-1]==\"X\":\n        historique.append(jeu.copy())\n        jeu[i], jeu[i-1] = \"X\", \"N\"\n    elif jeu[i]==\"N\" and i>1 and jeu[i-1]==\"B\" and jeu[i-2]==\"X\":\n        historique.append(jeu.copy())\n        jeu[i], jeu[i-2] = \"X\", \"N\"\n        \ndef undo():\n    global jeu\n    jeu = [\"B\", \"B\", \"B\", \"X\", \"N\", \"N\", \"N\"]\n    historique.pop(0)\n    jeu.pop(0)\n    historique.assert(jeu)"},
"2022-09-20 10:25:51.559000" : {"coup": "Reset", "jeu": ["B", "B", "B", "X", "N", "N", "N"], "histo": [], "prog": "\ndef saute(i):\n    if jeu[i]==\"B\" and i<6 and jeu[i+1]==\"X\":\n        historique.append(jeu.copy())\n        jeu[i], jeu[i+1] = \"X\", \"B\"\n    elif jeu[i]==\"B\" and i<5 and jeu[i+1]==\"N\" and jeu[i+2]==\"X\":\n        historique.append(jeu.copy())\n        jeu[i], jeu[i+2] = \"X\", \"B\"\n    elif jeu[i]==\"N\" and i>0 and jeu[i-1]==\"X\":\n        historique.append(jeu.copy())\n        jeu[i], jeu[i-1] = \"X\", \"N\"\n    elif jeu[i]==\"N\" and i>1 and jeu[i-1]==\"B\" and jeu[i-2]==\"X\":\n        historique.append(jeu.copy())\n        jeu[i], jeu[i-2] = \"X\", \"N\"\n        \ndef undo():\n    global jeu\n    jeu = [\"B\", \"B\", \"B\", \"X\", \"N\", \"N\", \"N\"]\n    jeu.pop(0)\n    historique.insert(jeu)"},
"2022-09-20 10:00:24.289000" : {"coup": 2, "jeu": ["B", "B", "X", "B", "N", "N", "N"], "histo": []},
"2022-09-20 09:52:23.956000" : {"coup": "Undo", "jeu": ["B", "B", "B", "X", "N", "N", "N"], "histo": []},
"2022-09-20 09:59:39.549000" : {"coup": 2, "jeu": ["N", "N", "N", "B", "X", "B", "B"], "histo": []},
"2022-09-20 09:47:42.391000" : {"coup": 1, "jeu": ["B", "X", "N", "B", "N", "B", "N"], "histo": []},
"2022-09-20 09:59:06.161000" : {"coup": 4, "jeu": ["B", "B", "N", "B", "X", "N", "N"], "histo": []},
"2022-09-20 10:18:23.393000" : {"coup": 4, "jeu": ["B", "B", "N", "B", "X", "N", "N"], "histo": []},
"2022-09-20 09:50:52.819000" : {"coup": 0, "jeu": ["X", "N", "B", "B", "B", "N", "N"], "histo": []},
"2022-09-20 09:53:59.373000" : {"coup": 4, "jeu": ["B", "B", "N", "B", "X", "N", "N"], "histo": []},
"2022-09-20 10:00:55.957000" : {"coup": 3, "jeu": ["N", "N", "N", "X", "B", "B", "B"], "histo": []},
"2022-09-20 09:54:57.189000" : {"coup": 0, "jeu": ["N", "X", "B", "B", "N", "B", "N"], "histo": []},
"2022-09-20 09:47:06.302000" : {"coup": 3, "jeu": ["B", "B", "N", "X", "B", "N", "N"], "histo": []},
"2022-09-20 09:55:42.261000" : {"coup": 4, "jeu": ["B", "N", "N", "B", "X", "B", "N"], "histo": []},
"2022-09-20 10:30:10.069000" : {"coup": "Undo", "jeu": ["B", "B", "X", "N", "N", "N"], "histo": ["B", "B"]},
"2022-09-20 09:54:55.974000" : {"coup": 4, "jeu": ["N", "X", "B", "B", "N", "B", "N"], "histo": []},
"2022-09-20 09:54:03.037000" : {"coup": 6, "jeu": ["B", "B", "N", "B", "X", "N", "N"], "histo": []},
"2022-09-20 09:53:41.986000" : {"coup": 5, "jeu": ["B", "B", "N", "B", "N", "X", "N"], "histo": []},
"2022-09-20 10:18:35.245000" : {"coup": 6, "jeu": ["N", "X", "B", "B", "N", "B", "N"], "histo": []},
"2022-09-20 09:53:54.510000" : {"coup": 4, "jeu": ["B", "N", "N", "B", "X", "B", "N"], "histo": []},
"2022-09-20 09:49:10.401000" : {"coup": 2, "jeu": ["N", "N", "X", "B", "N", "B", "B"], "histo": []},
"2022-09-20 09:54:59.304000" : {"coup": 4, "jeu": ["B", "B", "B", "N", "X", "N", "N"], "histo": []},
"2022-09-20 10:18:02.227000" : {"coup": 2, "jeu": ["B", "B", "X", "B", "N", "N", "N"], "histo": []},
"2022-09-20 09:55:15.488000" : {"coup": 2, "jeu": ["B", "B", "X", "B", "N", "N", "N"], "histo": []},
"2022-09-20 09:49:11.018000" : {"coup": 4, "jeu": ["N", "N", "N", "B", "X", "B", "B"], "histo": []},
"2022-09-20 10:00:47.127000" : {"coup": 5, "jeu": ["B", "B", "N", "B", "N", "X", "N"], "histo": []},
"2022-09-20 10:30:31.022000" : {"coup": 1, "jeu": ["B", "X", "N", "B", "N", "N"], "histo": ["B", ["B", "B", "X", "N", "N", "N"], ["B", "B", "N", "X", "N", "N"]]},
"2022-09-20 10:11:22.125000" : {"coup": 2, "jeu": ["B", "B", "X", "B", "N", "N", "N"], "histo": []},
"2022-09-20 10:12:13.472000" : {"coup": 3, "jeu": ["B", "B", "N", "X", "B", "N", "N"], "histo": []},
"2022-09-20 09:56:10.234000" : {"coup": 2, "jeu": ["B", "N", "X", "B", "N", "B", "N"], "histo": []},
"2022-09-20 10:18:19.073000" : {"coup": "Undo", "jeu": ["B", "B", "B", "X", "N", "N", "N"], "histo": []},
"2022-09-20 09:50:56.104000" : {"coup": 4, "jeu": ["B", "B", "B", "N", "X", "N", "N"], "histo": []},
"2022-09-20 09:54:13.820000" : {"coup": 3, "jeu": ["B", "B", "N", "X", "N", "B", "N"], "histo": []},
"2022-09-20 09:53:11.854000" : {"coup": 5, "jeu": ["B", "B", "N", "N", "B", "X", "N"], "histo": []},
"2022-09-20 09:52:11.244000" : {"coup": 2, "jeu": ["B", "B", "X", "B", "N", "N", "N"], "histo": []},
"2022-09-20 09:52:15.848000" : {"coup": 3, "jeu": ["B", "B", "N", "X", "B", "N", "N"], "histo": []},
"2022-09-20 09:54:20.148000" : {"coup": 2, "jeu": ["B", "N", "X", "B", "N", "B", "N"], "histo": []},
"2022-09-20 10:12:09.500000" : {"coup": 2, "jeu": ["B", "B", "X", "B", "N", "N", "N"], "histo": []},
"2022-09-20 10:29:37.055000" : {"coup": "Undo", "jeu": ["B", "B", "X", "N", "N", "N"], "histo": ["B", ["B", "B", "X", "N", "N", "N"], "B", ["B", "B", "X", "N", "N", "N"], ["B", "X", "B", "N", "N", "N"], "B"]},
"2022-09-20 10:26:22.143000" : {"coup": "Reset", "jeu": ["B", "B", "B", "X", "N", "N", "N"], "histo": []},
"2022-09-20 09:56:29.373000" : {"coup": "Undo", "jeu": ["B", "B", "B", "X", "N", "N", "N"], "histo": []},
"2022-09-20 09:59:28.072000" : {"coup": 1, "jeu": ["B", "X", "N", "B", "N", "B", "N"], "histo": []},
"2022-09-20 10:03:26.711000" : {"coup": 2, "jeu": ["N", "N", "N", "X", "B", "B", "B"], "histo": []},
"2022-09-20 10:33:03.978000" : {"coup": 4, "jeu": ["B", "B", "B", "N", "X", "N", "N"], "histo": [["B", "B", "X", "N", "N", "N"], ["B", "B", "N", "X", "N", "N"], ["B", "X", "N", "B", "N", "N"], ["B", "N", "X", "B", "N", "N"], ["X", "N", "B", "B", "N", "N"], "B", ["B", "B", "B", "X", "N", "N", "N"]]},
"2022-09-20 10:09:49.369000" : {"coup": 2, "jeu": ["N", "N", "N", "X", "B", "B", "B"], "histo": []},
"2022-09-20 09:47:07.568000" : {"coup": 1, "jeu": ["B", "X", "N", "B", "B", "N", "N"], "histo": []},
"2022-09-20 10:00:54.493000" : {"coup": 1, "jeu": ["N", "X", "N", "B", "N", "B", "B"], "histo": []},
"2022-09-20 09:55:31.356000" : {"coup": 2, "jeu": ["B", "N", "X", "B", "N", "B", "N"], "histo": []},
"2022-09-20 09:51:01.600000" : {"coup": 3, "jeu": ["B", "B", "N", "N", "X", "B", "N"], "histo": []},
"2022-09-20 09:53:58.027000" : {"coup": "Undo", "jeu": ["B", "B", "B", "X", "N", "N", "N"], "histo": []},
"2022-09-20 09:53:34.709000" : {"coup": 1, "jeu": ["N", "X", "B", "B", "N", "B", "N"], "histo": []},
"2022-09-20 10:23:30.858000" : {"coup": "Undo", "jeu": ["B", "B", "B", "X", "N", "N", "N"], "histo": [["B", "B", "X", "B", "N", "N", "N"]]},
"2022-09-20 09:52:24.669000" : {"coup": 2, "jeu": ["B", "B", "X", "B", "N", "N", "N"], "histo": []},
"2022-09-20 10:28:58.758000" : {"coup": 2, "jeu": ["B", "B", "X", "B", "N", "N", "N"], "histo": [["B", "B", "B", "X", "N", "N", "N"]]},
"2022-09-20 09:52:29.968000" : {"coup": 3, "jeu": ["B", "B", "N", "X", "B", "N", "N"], "histo": []},
"2022-09-20 10:18:18.171000" : {"coup": 4, "jeu": ["B", "B", "N", "B", "X", "N", "N"], "histo": []},
"2022-09-20 10:17:26.619000" : {"coup": "Undo", "jeu": ["B", "B", "B", "X", "N", "N", "N"], "histo": []},
"2022-09-20 09:59:55.942000" : {"coup": 6, "jeu": ["N", "B", "N", "B", "N", "B", "X"], "histo": []},
"2022-09-20 09:52:59.095000" : {"coup": "Undo", "jeu": ["B", "B", "B", "X", "N", "N", "N"], "histo": []},
"2022-09-20 10:13:19.934000" : {"coup": 4, "jeu": ["N", "B", "N", "B", "X", "B", "N"], "histo": []},
"2022-09-20 10:11:20.986000" : {"coup": 3, "jeu": ["B", "B", "B", "X", "N", "N", "N"], "histo": []},
"2022-09-20 10:17:38.899000" : {"coup": 2, "jeu": ["B", "B", "X", "B", "N", "N", "N"], "histo": []},
"2022-09-20 10:18:22.753000" : {"coup": 5, "jeu": ["B", "B", "X", "B", "N", "N", "N"], "histo": []},
"2022-09-20 10:20:19.542000" : {"coup": 4, "jeu": ["B", "B", "N", "B", "X", "N", "N"], "histo": []},
"2022-09-20 10:18:33.991000" : {"coup": 2, "jeu": ["N", "X", "B", "B", "N", "B", "N"], "histo": []},
"2022-09-20 09:52:36.238000" : {"coup": 1, "jeu": ["B", "X", "B", "B", "N", "N", "N"], "histo": []},
"2022-09-20 10:28:58.642000" : {"coup": 2, "jeu": ["B", "B", "X", "B", "N", "N", "N"], "histo": [["B", "B", "B", "X", "N", "N", "N"]]},
"2022-09-20 10:13:17.696000" : {"coup": 0, "jeu": ["X", "B", "N", "B", "N", "B", "N"], "histo": []},
"2022-09-20 10:17:33.721000" : {"coup": "Undo", "jeu": ["B", "B", "B", "X", "N", "N", "N"], "histo": []},
"2022-09-20 10:29:36.004000" : {"coup": 0, "jeu": ["X", "B", "B", "N", "N", "N"], "histo": [["B", "B", "X", "N", "N", "N"], "B", ["B", "B", "X", "N", "N", "N"], "B", ["B", "B", "X", "N", "N", "N"], ["B", "X", "B", "N", "N", "N"]]},
"2022-09-20 09:59:36.523000" : {"coup": 5, "jeu": ["N", "B", "N", "B", "N", "X", "B"], "histo": []},
"2022-09-20 10:10:31.966000" : {"coup": 2, "jeu": ["B", "B", "X", "B", "N", "N", "N"], "histo": []},
"2022-09-20 09:52:41.909000" : {"coup": 4, "jeu": ["B", "B", "N", "N", "X", "B", "N"], "histo": []},
"2022-09-20 10:18:34.566000" : {"coup": 4, "jeu": ["N", "X", "B", "B", "N", "B", "N"], "histo": []},
"2022-09-20 09:53:56.270000" : {"coup": 6, "jeu": ["B", "N", "N", "X", "B", "B", "N"], "histo": []},
"2022-09-20 09:56:24.277000" : {"coup": 1, "jeu": ["B", "X", "N", "B", "B", "N", "N"], "histo": []},
"2022-09-20 10:26:04.570000" : {"coup": 1, "jeu": ["B", "X", "B", "N", "N", "N"], "histo": [["B", "B", "B", "X", "N", "N", "N"], ["B", "B", "X", "N", "N", "N"]]},
"2022-09-20 10:00:14.834000" : {"coup": 5, "jeu": ["B", "B", "N", "B", "N", "X", "N"], "histo": []},
"2022-09-20 09:48:42.331000" : {"coup": 0, "jeu": ["X", "B", "N", "B", "N", "B", "N"], "histo": []},
"2022-09-20 10:00:39.767000" : {"coup": 5, "jeu": ["N", "B", "N", "B", "N", "X", "B"], "histo": []},
"2022-09-20 10:17:54.920000" : {"coup": "Reset", "jeu": ["B", "B", "B", "X", "N", "N", "N"], "histo": []},
"2022-09-20 10:29:49.157000" : {"coup": 3, "jeu": ["B", "B", "N", "X", "N", "N"], "histo": ["B", ["B", "B", "X", "N", "N", "N"]]},
"2022-09-20 10:00:13.273000" : {"coup": 4, "jeu": ["B", "B", "N", "B", "X", "N", "N"], "histo": []},
"2022-09-20 09:48:26.601000" : {"coup": "Reset", "jeu": ["B", "B", "B", "X", "N", "N", "N"], "histo": []},
"2022-09-20 10:22:15.689000" : {"coup": 2, "jeu": ["B", "B", "X", "B", "N", "N", "N"], "histo": [["B", "B", "B", "X", "N", "N", "N"]], "prog": "\ndef saute(i):\n    if jeu[i]==\"B\" and i<6 and jeu[i+1]==\"X\":\n        historique.append(jeu.copy())\n        jeu[i], jeu[i+1] = \"X\", \"B\"\n    elif jeu[i]==\"B\" and i<5 and jeu[i+1]==\"N\" and jeu[i+2]==\"X\":\n        historique.append(jeu.copy())\n        jeu[i], jeu[i+2] = \"X\", \"B\"\n    elif jeu[i]==\"N\" and i>0 and jeu[i-1]==\"X\":\n        historique.append(jeu.copy())\n        jeu[i], jeu[i-1] = \"X\", \"N\"\n    elif jeu[i]==\"N\" and i>1 and jeu[i-1]==\"B\" and jeu[i-2]==\"X\":\n        historique.append(jeu.copy())\n        jeu[i], jeu[i-2] = \"X\", \"N\"\n        \ndef undo():\n    global jeu\n    jeu = [\"B\", \"B\", \"B\", \"X\", \"N\", \"N\", \"N\"]\n    historique.copy(jeu)\n    historique.append([\"B\", \"B\", \"B\", \"X\", \"N\", \"N\", \"N\"])\n    historique.pop(0)"},
"2022-09-20 10:13:13.946000" : {"coup": 4, "jeu": ["B", "B", "N", "B", "X", "N", "N"], "histo": []},
"2022-09-20 10:18:27.597000" : {"coup": 2, "jeu": ["B", "N", "X", "B", "N", "B", "N"], "histo": []},
"2022-09-20 09:48:39.338000" : {"coup": 1, "jeu": ["B", "X", "N", "B", "N", "B", "N"], "histo": []},
"2022-09-20 10:11:21.068000" : {"coup": 3, "jeu": ["B", "B", "B", "X", "N", "N", "N"], "histo": []},
"2022-09-20 09:56:29.946000" : {"coup": 2, "jeu": ["B", "B", "X", "B", "N", "N", "N"], "histo": []},
"2022-09-20 10:23:29.766000" : {"coup": 4, "jeu": ["B", "B", "N", "B", "X", "N", "N"], "histo": [["B", "B", "B", "X", "N", "N", "N"], ["B", "B", "X", "B", "N", "N", "N"]]},
"2022-09-20 10:13:15.180000" : {"coup": 5, "jeu": ["B", "B", "N", "B", "N", "X", "N"], "histo": []},
"2022-09-20 10:29:42.386000" : {"coup": "Reset", "jeu": ["B", "B", "B", "X", "N", "N", "N"], "histo": []},
"2022-09-20 09:50:01.970000" : {"coup": "Undo", "jeu": ["B", "B", "B", "X", "N", "N", "N"], "histo": []}
}