{
"2022-09-20 08:36:17.576000" : {"coup": 4, "jeu": ["B", "B", "N", "B", "X", "N", "N"], "histo": []},
"2022-09-20 08:47:25.424000" : {"coup": 1, "jeu": ["B", "B", "N", "B", "X", "N", "N"], "histo": []},
"2022-09-20 09:18:46.411000" : {"coup": 2, "jeu": ["B", "B", "X", "B", "N", "N", "N"], "histo": [["B", "B", "X", "B", "N", "N", "N"]]},
"2022-09-20 09:19:06.351000" : {"coup": 2, "jeu": ["B", "B", "X", "B", "N", "N", "N"], "histo": [["B", "B", "X", "B", "N", "N", "N"]]},
"2022-09-20 09:19:12.177000" : {"coup": "Reset", "jeu": ["B", "B", "B", "X", "N", "N", "N"], "histo": []},
"2022-09-20 08:36:58.485000" : {"coup": 4, "jeu": ["N", "B", "N", "B", "X", "B", "N"], "histo": []},
"2022-09-20 08:33:05.652000" : {"coup": 3, "jeu": ["B", "B", "N", "X", "B", "N", "N"], "histo": []},
"2022-09-20 08:37:08.059000" : {"coup": 3, "jeu": ["N", "B", "N", "X", "N", "B", "B"], "histo": []},
"2022-09-20 09:07:24.196000" : {"coup": 2, "jeu": ["B", "B", "X", "B", "N", "N", "N"], "histo": [2, 2]},
"2022-09-20 08:54:47.205000" : {"coup": "Reset", "jeu": ["B", "B", "B", "X", "N", "N", "N"], "histo": []},
"2022-09-20 08:36:16.140000" : {"coup": "Undo", "jeu": ["B", "B", "B", "X", "N", "N", "N"], "histo": []},
"2022-09-20 09:18:14.092000" : {"coup": "Undo", "jeu": ["B", "B", "N", "B", "X", "N", "N"], "histo": [["B", "B", "N", "B", "X", "N", "N"], ["B", "B", "X", "B", "N", "N", "N"]]},
"2022-09-20 08:33:44.429000" : {"coup": 3, "jeu": ["B", "B", "N", "X", "B", "N", "N"], "histo": []},
"2022-09-20 09:03:31.872000" : {"coup": 2, "jeu": ["B", "B", "X", "B", "N", "N", "N"], "histo": [2]},
"2022-09-20 08:33:14.820000" : {"coup": 1, "jeu": ["B", "B", "N", "N", "X", "B", "N"], "histo": []},
"2022-09-20 09:10:21.876000" : {"coup": 3, "jeu": ["B", "B", "N", "X", "B", "N", "N"], "histo": ["B", "B"]},
"2022-09-20 09:17:33.129000" : {"coup": 4, "jeu": ["B", "B", "N", "B", "X", "N", "N"], "histo": [["B", "B", "N", "B", "X", "N", "N"], ["B", "B", "X", "B", "N", "N", "N"]]},
"2022-09-20 09:12:34.149000" : {"coup": 2, "jeu": ["B", "B", "X", "B", "N", "N", "N"], "histo": [["B", "B", "X", "B", "N", "N", "N"]]},
"2022-09-20 09:18:11.658000" : {"coup": "Undo", "jeu": ["B", "B", "X", "B", "N", "N", "N"], "histo": [["B", "B", "X", "B", "N", "N", "N"]]},
"2022-09-20 09:09:26.979000" : {"coup": "Reset", "jeu": ["B", "B", "B", "X", "N", "N", "N"], "histo": [], "prog": "def saute(i):\n    if jeu[i]==\"B\" and i<6 and jeu[i+1]==\"X\":\n        jeu[i], jeu[i+1] = \"X\", \"B\"\n        historique.append(jeu[i])\n    elif jeu[i]==\"B\" and i<5 and jeu[i+1]==\"N\" and jeu[i+2]==\"X\":\n        jeu[i], jeu[i+2] = \"X\", \"B\"\n    elif jeu[i]==\"N\" and i>0 and jeu[i-1]==\"X\":\n        jeu[i], jeu[i-1] = \"X\", \"N\"\n    elif jeu[i]==\"N\" and i>1 and jeu[i-1]==\"B\" and jeu[i-2]==\"X\":\n        jeu[i], jeu[i-2] = \"X\", \"N\"\ndef undo():\n    global jeu\n    historique.pop(0)\n    #jeu = [\"B\", \"B\", \"B\", \"X\", \"N\", \"N\", \"N\"]\n"},
"2022-09-20 09:07:38.186000" : {"coup": 2, "jeu": ["B", "B", "X", "B", "N", "N", "N"], "histo": [2]},
"2022-09-20 09:05:10.646000" : {"coup": "Undo", "jeu": ["B", "B", "X", "B", "N", "N", "N"], "histo": []},
"2022-09-20 08:54:36.361000" : {"coup": "Undo", "jeu": ["B", "X", "B", "N", "N", "N"], "histo": []},
"2022-09-20 08:54:39.102000" : {"coup": "Reset", "jeu": ["B", "B", "B", "X", "N", "N", "N"], "histo": []},
"2022-09-20 08:47:27.355000" : {"coup": 3, "jeu": ["B", "B", "N", "X", "B", "N", "N"], "histo": []},
"2022-09-20 09:18:48.617000" : {"coup": "Undo", "jeu": ["B", "B", "N", "B", "X", "N", "N"], "histo": []},
"2022-09-20 09:17:30.287000" : {"coup": "Reset", "jeu": ["B", "B", "B", "X", "N", "N", "N"], "histo": [], "prog": "def saute(i):\n    if jeu[i]==\"B\" and i<6 and jeu[i+1]==\"X\":\n        historique.append(jeu)\n        jeu[i], jeu[i+1] = \"X\", \"B\"\n    elif jeu[i]==\"B\" and i<5 and jeu[i+1]==\"N\" and jeu[i+2]==\"X\":\n        historique.append(jeu.copy())\n        jeu[i], jeu[i+2] = \"X\", \"B\"\n    elif jeu[i]==\"N\" and i>0 and jeu[i-1]==\"X\":\n        historique.append(jeu.copy())\n        jeu[i], jeu[i-1] = \"X\", \"N\"\n    elif jeu[i]==\"N\" and i>1 and jeu[i-1]==\"B\" and jeu[i-2]==\"X\":\n        historique.append(jeu.copy())\n        jeu[i], jeu[i-2] = \"X\", \"N\"\ndef undo():\n    \n    global jeu\n    \n"},
"2022-09-20 09:19:03.058000" : {"coup": 2, "jeu": ["B", "B", "X", "B", "N", "N", "N"], "histo": [["B", "B", "X", "B", "N", "N", "N"]]},
"2022-09-20 09:14:12.006000" : {"coup": "Undo", "jeu": ["B"], "histo": ["B"]},
"2022-09-20 08:54:35.483000" : {"coup": 2, "jeu": ["B", "B", "X", "B", "N", "N", "N"], "histo": []},
"2022-09-20 08:37:13.664000" : {"coup": 3, "jeu": ["N", "N", "N", "X", "B", "B", "B"], "histo": []},
"2022-09-20 08:33:30.085000" : {"coup": 4, "jeu": ["B", "B", "N", "B", "X", "N", "N"], "histo": []},
"2022-09-20 09:03:32.616000" : {"coup": 4, "jeu": ["B", "B", "N", "B", "X", "N", "N"], "histo": [2]},
"2022-09-20 09:18:57.970000" : {"coup": 2, "jeu": ["B", "B", "X", "B", "N", "N", "N"], "histo": [["B", "B", "X", "B", "N", "N", "N"]]},
"2022-09-20 09:19:15.948000" : {"coup": 4, "jeu": ["B", "B", "N", "B", "X", "N", "N"], "histo": [["B", "B", "N", "B", "X", "N", "N"], ["B", "B", "X", "B", "N", "N", "N"]]},
"2022-09-20 08:36:32.164000" : {"coup": 0, "jeu": ["X", "B", "N", "B", "N", "B", "N"], "histo": []},
"2022-09-20 09:17:53.793000" : {"coup": "Reset", "jeu": ["B", "B", "B", "X", "N", "N", "N"], "histo": [], "prog": "def saute(i):\n    if jeu[i]==\"B\" and i<6 and jeu[i+1]==\"X\":\n        historique.append(jeu)\n        jeu[i], jeu[i+1] = \"X\", \"B\"\n    elif jeu[i]==\"B\" and i<5 and jeu[i+1]==\"N\" and jeu[i+2]==\"X\":\n        historique.append(jeu.copy())\n        jeu[i], jeu[i+2] = \"X\", \"B\"\n    elif jeu[i]==\"N\" and i>0 and jeu[i-1]==\"X\":\n        historique.append(jeu.copy())\n        jeu[i], jeu[i-1] = \"X\", \"N\"\n    elif jeu[i]==\"N\" and i>1 and jeu[i-1]==\"B\" and jeu[i-2]==\"X\":\n        historique.append(jeu.copy())\n        jeu[i], jeu[i-2] = \"X\", \"N\"\ndef undo():\n    jeu = jistorique[0]\n    global jeu\n    \n"},
"2022-09-20 09:12:16.838000" : {"coup": 2, "jeu": ["B", "B", "X", "B", "N", "N", "N"], "histo": [["B", "B", "X", "B", "N", "N", "N"]]},
"2022-09-20 09:14:08.151000" : {"coup": 2, "jeu": ["B", "B", "X", "B", "N", "N", "N"], "histo": ["B"]},
"2022-09-20 09:18:58.521000" : {"coup": 4, "jeu": ["B", "B", "N", "B", "X", "N", "N"], "histo": [["B", "B", "N", "B", "X", "N", "N"], ["B", "B", "X", "B", "N", "N", "N"]]},
"2022-09-20 09:13:34.769000" : {"coup": "Reset", "jeu": ["B", "B", "B", "X", "N", "N", "N"], "histo": [], "prog": "def saute(i):\n    if jeu[i]==\"B\" and i<6 and jeu[i+1]==\"X\":\n        historique.append(jeu)\n        jeu[i], jeu[i+1] = \"X\", \"B\"\n    elif jeu[i]==\"B\" and i<5 and jeu[i+1]==\"N\" and jeu[i+2]==\"X\":\n        jeu[i], jeu[i+2] = \"X\", \"B\"\n    elif jeu[i]==\"N\" and i>0 and jeu[i-1]==\"X\":\n        jeu[i], jeu[i-1] = \"X\", \"N\"\n    elif jeu[i]==\"N\" and i>1 and jeu[i-1]==\"B\" and jeu[i-2]==\"X\":\n        jeu[i], jeu[i-2] = \"X\", \"N\"\ndef undo():\n    global jeu\n    jeu = historique\n"},
"2022-09-20 08:36:17.061000" : {"coup": 2, "jeu": ["B", "B", "X", "B", "N", "N", "N"], "histo": []},
"2022-09-20 09:18:12.150000" : {"coup": "Undo", "jeu": ["B", "B", "X", "B", "N", "N", "N"], "histo": [["B", "B", "X", "B", "N", "N", "N"]]},
"2022-09-20 08:33:16.002000" : {"coup": "Reset", "jeu": ["B", "B", "B", "X", "N", "N", "N"], "histo": []},
"2022-09-20 09:18:12.463000" : {"coup": "Undo", "jeu": ["B", "B", "X", "B", "N", "N", "N"], "histo": [["B", "B", "X", "B", "N", "N", "N"]]},
"2022-09-20 09:09:33.267000" : {"coup": "Undo", "jeu": ["B", "B", "N", "X", "B", "N", "N"], "histo": []},
"2022-09-20 09:17:00.171000" : {"coup": 4, "jeu": ["B", "B", "N", "B", "X", "N", "N"], "histo": [["B", "B", "N", "B", "X", "N", "N"], ["B", "B", "N", "B", "X", "N", "N"]]},
"2022-09-20 08:54:25.617000" : {"coup": 4, "jeu": ["B", "B", "N", "B", "X", "N", "N"], "histo": []},
"2022-09-20 09:19:25.268000" : {"coup": "Undo", "jeu": ["B", "B", "N", "B", "X", "N", "N"], "histo": []},
"2022-09-20 08:32:55.057000" : {"coup": 3, "jeu": ["B", "B", "N", "X", "B", "N", "N"], "histo": []},
"2022-09-20 09:16:33.140000" : {"coup": "Undo", "jeu": ["B", "B", "N", "B", "X", "N", "N"], "histo": [["B", "B", "N", "B", "X", "N", "N"]]},
"2022-09-20 09:15:59.484000" : {"coup": "Undo", "jeu": ["B", "B", "N", "B", "X", "N", "N"], "histo": [["B", "B", "N", "B", "X", "N", "N"]]},
"2022-09-20 08:47:09.817000" : {"coup": "Reset", "jeu": ["B", "B", "B", "X", "N", "N", "N"], "histo": [], "prog": "def saute(i):\n    if jeu[i]==\"B\" and i<6 and jeu[i+1]==\"X\":\n        jeu[i], jeu[i+1] = \"X\", \"B\"\n    elif jeu[i]==\"B\" and i<5 and jeu[i+1]==\"N\" and jeu[i+2]==\"X\":\n        jeu[i], jeu[i+2] = \"X\", \"B\"\n    elif jeu[i]==\"N\" and i>0 and jeu[i-1]==\"X\":\n        jeu[i], jeu[i-1] = \"X\", \"N\"\n    elif jeu[i]==\"N\" and i>1 and jeu[i-1]==\"B\" and jeu[i-2]==\"X\":\n        jeu[i], jeu[i-2] = \"X\", \"N\"\ndef undo():\n    global jeu\n    historique.\n    #jeu = [\"B\", \"B\", \"B\", \"X\", \"N\", \"N\", \"N\"]\n"},
"2022-09-20 09:18:18.224000" : {"coup": "Reset", "jeu": ["B", "B", "B", "X", "N", "N", "N"], "histo": [], "prog": "def saute(i):\n    if jeu[i]==\"B\" and i<6 and jeu[i+1]==\"X\":\n        historique.append(jeu)\n        jeu[i], jeu[i+1] = \"X\", \"B\"\n    elif jeu[i]==\"B\" and i<5 and jeu[i+1]==\"N\" and jeu[i+2]==\"X\":\n        historique.append(jeu.copy())\n        jeu[i], jeu[i+2] = \"X\", \"B\"\n    elif jeu[i]==\"N\" and i>0 and jeu[i-1]==\"X\":\n        historique.append(jeu.copy())\n        jeu[i], jeu[i-1] = \"X\", \"N\"\n    elif jeu[i]==\"N\" and i>1 and jeu[i-1]==\"B\" and jeu[i-2]==\"X\":\n        historique.append(jeu.copy())\n        jeu[i], jeu[i-2] = \"X\", \"N\"\ndef undo():\n    jeu = historique[-1]\n    global jeu\n    \n"},
"2022-09-20 09:16:57.143000" : {"coup": "Reset", "jeu": ["B", "B", "B", "X", "N", "N", "N"], "histo": []},
"2022-09-20 09:17:37.473000" : {"coup": "Reset", "jeu": ["B", "B", "B", "X", "N", "N", "N"], "histo": []},
"2022-09-20 09:19:09.173000" : {"coup": "Undo", "jeu": ["B", "B", "N", "B", "X", "N", "N"], "histo": []},
"2022-09-20 09:15:19.130000" : {"coup": "Reset", "jeu": ["B", "B", "B", "X", "N", "N", "N"], "histo": [], "prog": "def saute(i):\n    if jeu[i]==\"B\" and i<6 and jeu[i+1]==\"X\":\n        historique.append(jeu)\n        jeu[i], jeu[i+1] = \"X\", \"B\"\n    elif jeu[i]==\"B\" and i<5 and jeu[i+1]==\"N\" and jeu[i+2]==\"X\":\n        historique.append(jeu)\n        jeu[i], jeu[i+2] = \"X\", \"B\"\n    elif jeu[i]==\"N\" and i>0 and jeu[i-1]==\"X\":\n        historique.append(jeu)\n        jeu[i], jeu[i-1] = \"X\", \"N\"\n    elif jeu[i]==\"N\" and i>1 and jeu[i-1]==\"B\" and jeu[i-2]==\"X\":\n        historique.append(jeu)\n        jeu[i], jeu[i-2] = \"X\", \"N\"\ndef undo():\n    global jeu\n    jeu = historique\n"},
"2022-09-20 09:05:07.747000" : {"coup": "Reset", "jeu": ["B", "B", "B", "X", "N", "N", "N"], "histo": [], "prog": "def saute(i):\n    if jeu[i]==\"B\" and i<6 and jeu[i+1]==\"X\":\n        jeu[i], jeu[i+1] = \"X\", \"B\"\n        historique.append(i)\n    elif jeu[i]==\"B\" and i<5 and jeu[i+1]==\"N\" and jeu[i+2]==\"X\":\n        jeu[i], jeu[i+2] = \"X\", \"B\"\n    elif jeu[i]==\"N\" and i>0 and jeu[i-1]==\"X\":\n        jeu[i], jeu[i-1] = \"X\", \"N\"\n    elif jeu[i]==\"N\" and i>1 and jeu[i-1]==\"B\" and jeu[i-2]==\"X\":\n        jeu[i], jeu[i-2] = \"X\", \"N\"\ndef undo():\n    global jeu\n    historique.pop(0)\n    #jeu = [\"B\", \"B\", \"B\", \"X\", \"N\", \"N\", \"N\"]\n"},
"2022-09-20 08:32:20.708000" : {"coup": "Load", "jeu": ["B", "B", "B", "X", "N", "N", "N"], "histo": []},
"2022-09-20 09:17:32.064000" : {"coup": 2, "jeu": ["B", "B", "X", "B", "N", "N", "N"], "histo": [["B", "B", "X", "B", "N", "N", "N"]]},
"2022-09-20 09:16:29.821000" : {"coup": "Reset", "jeu": ["B", "B", "B", "X", "N", "N", "N"], "histo": [], "prog": "def saute(i):\n    if jeu[i]==\"B\" and i<6 and jeu[i+1]==\"X\":\n        historique.append(jeu)\n        jeu[i], jeu[i+1] = \"X\", \"B\"\n    elif jeu[i]==\"B\" and i<5 and jeu[i+1]==\"N\" and jeu[i+2]==\"X\":\n        historique.append(jeu)\n        jeu[i], jeu[i+2] = \"X\", \"B\"\n    elif jeu[i]==\"N\" and i>0 and jeu[i-1]==\"X\":\n        historique.append(jeu)\n        jeu[i], jeu[i-1] = \"X\", \"N\"\n    elif jeu[i]==\"N\" and i>1 and jeu[i-1]==\"B\" and jeu[i-2]==\"X\":\n        historique.append(jeu)\n        jeu[i], jeu[i-2] = \"X\", \"N\"\ndef undo():\n    jeu = historique.pop(0)\n    global jeu\n    \n"},
"2022-09-20 09:10:18.374000" : {"coup": 2, "jeu": ["B", "B", "X", "B", "N", "N", "N"], "histo": ["B"]},
"2022-09-20 09:10:16.330000" : {"coup": "Reset", "jeu": ["B", "B", "B", "X", "N", "N", "N"], "histo": [], "prog": "def saute(i):\n    if jeu[i]==\"B\" and i<6 and jeu[i+1]==\"X\":\n        jeu[i], jeu[i+1] = \"X\", \"B\"\n        historique.append(jeu[0])\n    elif jeu[i]==\"B\" and i<5 and jeu[i+1]==\"N\" and jeu[i+2]==\"X\":\n        jeu[i], jeu[i+2] = \"X\", \"B\"\n    elif jeu[i]==\"N\" and i>0 and jeu[i-1]==\"X\":\n        jeu[i], jeu[i-1] = \"X\", \"N\"\n    elif jeu[i]==\"N\" and i>1 and jeu[i-1]==\"B\" and jeu[i-2]==\"X\":\n        jeu[i], jeu[i-2] = \"X\", \"N\"\ndef undo():\n    global jeu\n    historique.pop(0)\n    #jeu = [\"B\", \"B\", \"B\", \"X\", \"N\", \"N\", \"N\"]\n"},
"2022-09-20 08:32:57.896000" : {"coup": 5, "jeu": ["B", "X", "N", "B", "B", "N", "N"], "histo": []},
"2022-09-20 09:09:32.555000" : {"coup": "Undo", "jeu": ["B", "B", "N", "X", "B", "N", "N"], "histo": ["X"]},
"2022-09-20 08:35:59.692000" : {"coup": "Undo", "jeu": ["B", "B", "B", "X", "N", "N", "N"], "histo": []},
"2022-09-20 08:37:07.372000" : {"coup": 5, "jeu": ["N", "B", "N", "B", "N", "X", "B"], "histo": []},
"2022-09-20 09:19:22.666000" : {"coup": "Undo", "jeu": ["B", "B", "X", "B", "N", "N", "N"], "histo": [["B", "B", "N", "B", "X", "N", "N"]]},
"2022-09-20 08:33:02.382000" : {"coup": 2, "jeu": ["B", "B", "X", "N", "B", "N", "N"], "histo": []},
"2022-09-20 09:16:07.708000" : {"coup": 3, "jeu": ["B", "B", "N", "X", "B", "N", "N"], "histo": [["B", "B", "N", "X", "B", "N", "N"]], "prog": "def saute(i):\n    if jeu[i]==\"B\" and i<6 and jeu[i+1]==\"X\":\n        historique.append(jeu)\n        jeu[i], jeu[i+1] = \"X\", \"B\"\n    elif jeu[i]==\"B\" and i<5 and jeu[i+1]==\"N\" and jeu[i+2]==\"X\":\n        historique.append(jeu)\n        jeu[i], jeu[i+2] = \"X\", \"B\"\n    elif jeu[i]==\"N\" and i>0 and jeu[i-1]==\"X\":\n        historique.append(jeu)\n        jeu[i], jeu[i-1] = \"X\", \"N\"\n    elif jeu[i]==\"N\" and i>1 and jeu[i-1]==\"B\" and jeu[i-2]==\"X\":\n        historique.append(jeu)\n        jeu[i], jeu[i-2] = \"X\", \"N\"\ndef undo():\n    global jeu\n    jeu = historique.pop(0)\n"},
"2022-09-20 09:03:29.762000" : {"coup": "Reset", "jeu": ["B", "B", "B", "X", "N", "N", "N"], "histo": [], "prog": "def saute(i):\n    if jeu[i]==\"B\" and i<6 and jeu[i+1]==\"X\":\n        jeu[i], jeu[i+1] = \"X\", \"B\"\n        historique.append(i)\n    elif jeu[i]==\"B\" and i<5 and jeu[i+1]==\"N\" and jeu[i+2]==\"X\":\n        jeu[i], jeu[i+2] = \"X\", \"B\"\n    elif jeu[i]==\"N\" and i>0 and jeu[i-1]==\"X\":\n        jeu[i], jeu[i-1] = \"X\", \"N\"\n    elif jeu[i]==\"N\" and i>1 and jeu[i-1]==\"B\" and jeu[i-2]==\"X\":\n        jeu[i], jeu[i-2] = \"X\", \"N\"\ndef undo():\n    global jeu\n    historique.pop()\n    #jeu = [\"B\", \"B\", \"B\", \"X\", \"N\", \"N\", \"N\"]\n"},
"2022-09-20 09:14:07.146000" : {"coup": "Reset", "jeu": ["B", "B", "B", "X", "N", "N", "N"], "histo": [], "prog": "def saute(i):\n    if jeu[i]==\"B\" and i<6 and jeu[i+1]==\"X\":\n        historique.append(jeu[i])\n        jeu[i], jeu[i+1] = \"X\", \"B\"\n    elif jeu[i]==\"B\" and i<5 and jeu[i+1]==\"N\" and jeu[i+2]==\"X\":\n        jeu[i], jeu[i+2] = \"X\", \"B\"\n    elif jeu[i]==\"N\" and i>0 and jeu[i-1]==\"X\":\n        jeu[i], jeu[i-1] = \"X\", \"N\"\n    elif jeu[i]==\"N\" and i>1 and jeu[i-1]==\"B\" and jeu[i-2]==\"X\":\n        jeu[i], jeu[i-2] = \"X\", \"N\"\ndef undo():\n    global jeu\n    jeu = historique\n"},
"2022-09-20 09:16:58.213000" : {"coup": 2, "jeu": ["B", "B", "X", "B", "N", "N", "N"], "histo": [["B", "B", "X", "B", "N", "N", "N"]]},
"2022-09-20 09:16:00.101000" : {"coup": "Undo", "jeu": ["B", "B", "N", "B", "X", "N", "N"], "histo": []},
"2022-09-20 08:36:05.284000" : {"coup": 2, "jeu": ["B", "B", "X", "B", "N", "N", "N"], "histo": []},
"2022-09-20 09:13:37.517000" : {"coup": 4, "jeu": ["B", "B", "N", "B", "X", "N", "N"], "histo": [["B", "B", "N", "B", "X", "N", "N"]]},
"2022-09-20 09:18:55.864000" : {"coup": "Reset", "jeu": ["B", "B", "B", "X", "N", "N", "N"], "histo": [], "prog": "def saute(i):\n    if jeu[i]==\"B\" and i<6 and jeu[i+1]==\"X\":\n        historique.append(jeu)\n        jeu[i], jeu[i+1] = \"X\", \"B\"\n    elif jeu[i]==\"B\" and i<5 and jeu[i+1]==\"N\" and jeu[i+2]==\"X\":\n        historique.append(jeu.copy())\n        jeu[i], jeu[i+2] = \"X\", \"B\"\n    elif jeu[i]==\"N\" and i>0 and jeu[i-1]==\"X\":\n        historique.append(jeu.copy())\n        jeu[i], jeu[i-1] = \"X\", \"N\"\n    elif jeu[i]==\"N\" and i>1 and jeu[i-1]==\"B\" and jeu[i-2]==\"X\":\n        historique.append(jeu.copy())\n        jeu[i], jeu[i-2] = \"X\", \"N\"\ndef undo():\n    global jeu\n    jeu = historique.pop(-1)\n    \n"},
"2022-09-20 09:18:59.944000" : {"coup": "Undo", "jeu": ["B", "B", "N", "B", "X", "N", "N"], "histo": []},
"2022-09-20 08:33:01.632000" : {"coup": 4, "jeu": ["B", "B", "B", "N", "X", "N", "N"], "histo": []},
"2022-09-20 09:19:06.967000" : {"coup": 4, "jeu": ["B", "B", "N", "B", "X", "N", "N"], "histo": [["B", "B", "N", "B", "X", "N", "N"], ["B", "B", "X", "B", "N", "N", "N"]]},
"2022-09-20 09:19:20.750000" : {"coup": 2, "jeu": ["B", "B", "X", "B", "N", "N", "N"], "histo": [["B", "B", "X", "B", "N", "N", "N"]]},
"2022-09-20 08:54:26.283000" : {"coup": "Undo", "jeu": ["B", "B", "B", "X", "N", "N", "N"], "histo": []},
"2022-09-20 09:16:32.554000" : {"coup": 4, "jeu": ["B", "B", "N", "B", "X", "N", "N"], "histo": [["B", "B", "N", "B", "X", "N", "N"], ["B", "B", "N", "B", "X", "N", "N"]]},
"2022-09-20 08:48:03.217000" : {"coup": 2, "jeu": ["B", "N", "X", "B", "N", "B", "N"], "histo": []},
"2022-09-20 08:36:07.310000" : {"coup": 1, "jeu": ["B", "B", "N", "B", "X", "N", "N"], "histo": []},
"2022-09-20 09:09:30.657000" : {"coup": 4, "jeu": ["B", "B", "N", "B", "X", "N", "N"], "histo": ["X"]},
"2022-09-20 08:36:14.735000" : {"coup": 5, "jeu": ["B", "N", "X", "B", "B", "N", "N"], "histo": []},
"2022-09-20 09:07:29.326000" : {"coup": 3, "jeu": ["B", "B", "X", "B", "N", "N", "N"], "histo": [2, 3]},
"2022-09-20 08:54:24.488000" : {"coup": 2, "jeu": ["B", "B", "X", "B", "N", "N", "N"], "histo": []},
"2022-09-20 09:13:38.850000" : {"coup": "Undo", "jeu": [["B", "B", "N", "B", "X", "N", "N"]], "histo": [["B", "B", "N", "B", "X", "N", "N"]]},
"2022-09-20 09:18:12.720000" : {"coup": "Undo", "jeu": ["B", "B", "X", "B", "N", "N", "N"], "histo": [["B", "B", "X", "B", "N", "N", "N"]]},
"2022-09-20 08:47:23.670000" : {"coup": 2, "jeu": ["B", "B", "X", "B", "N", "N", "N"], "histo": []},
"2022-09-20 09:07:32.541000" : {"coup": 3, "jeu": ["B", "B", "X", "B", "N", "N", "N"], "histo": [2, 3, 3, 3]},
"2022-09-20 09:05:39.302000" : {"coup": 2, "jeu": ["B", "B", "X", "B", "N", "N", "N"], "histo": [2]},
"2022-09-20 09:05:09.707000" : {"coup": 2, "jeu": ["B", "B", "X", "B", "N", "N", "N"], "histo": [2]},
"2022-09-20 09:13:48.713000" : {"coup": "Reset", "jeu": ["B", "B", "B", "X", "N", "N", "N"], "histo": []},
"2022-09-20 08:47:24.738000" : {"coup": 4, "jeu": ["B", "B", "N", "B", "X", "N", "N"], "histo": []},
"2022-09-20 09:15:39.988000" : {"coup": 2, "jeu": ["B", "B", "X", "B", "N", "N", "N"], "histo": [["B", "B", "X", "B", "N", "N", "N"]]},
"2022-09-20 09:05:47.110000" : {"coup": 3, "jeu": ["B", "B", "N", "X", "B", "N", "N"], "histo": [2, 3]},
"2022-09-20 08:50:14.391000" : {"coup": "Reset", "jeu": ["B", "B", "B", "X", "N", "N", "N"], "histo": []},
"2022-09-20 09:18:47.190000" : {"coup": 4, "jeu": ["B", "B", "N", "B", "X", "N", "N"], "histo": [["B", "B", "N", "B", "X", "N", "N"], ["B", "B", "X", "B", "N", "N", "N"]]},
"2022-09-20 08:47:53.790000" : {"coup": 4, "jeu": ["B", "B", "N", "B", "X", "N", "N"], "histo": []},
"2022-09-20 09:19:15.243000" : {"coup": 2, "jeu": ["B", "B", "X", "B", "N", "N", "N"], "histo": [["B", "B", "X", "B", "N", "N", "N"]]},
"2022-09-20 09:15:54.953000" : {"coup": "Reset", "jeu": ["B", "B", "B", "X", "N", "N", "N"], "histo": [], "prog": "def saute(i):\n    if jeu[i]==\"B\" and i<6 and jeu[i+1]==\"X\":\n        historique.append(jeu)\n        jeu[i], jeu[i+1] = \"X\", \"B\"\n    elif jeu[i]==\"B\" and i<5 and jeu[i+1]==\"N\" and jeu[i+2]==\"X\":\n        historique.append(jeu)\n        jeu[i], jeu[i+2] = \"X\", \"B\"\n    elif jeu[i]==\"N\" and i>0 and jeu[i-1]==\"X\":\n        historique.append(jeu)\n        jeu[i], jeu[i-1] = \"X\", \"N\"\n    elif jeu[i]==\"N\" and i>1 and jeu[i-1]==\"B\" and jeu[i-2]==\"X\":\n        historique.append(jeu)\n        jeu[i], jeu[i-2] = \"X\", \"N\"\ndef undo():\n    global jeu\n    jeu = historique.pop(0)\n    jeu\n"},
"2022-09-20 08:34:49.413000" : {"coup": 2, "jeu": ["B", "B", "X", "B", "N", "N", "N"], "histo": []},
"2022-09-20 08:37:09.144000" : {"coup": 1, "jeu": ["N", "X", "N", "B", "N", "B", "B"], "histo": []},
"2022-09-20 08:48:04.153000" : {"coup": 0, "jeu": ["X", "N", "B", "B", "N", "B", "N"], "histo": []},
"2022-09-20 08:47:33.913000" : {"coup": 2, "jeu": ["B", "N", "X", "B", "B", "N", "N"], "histo": []},
"2022-09-20 08:36:22.886000" : {"coup": 5, "jeu": ["B", "B", "N", "B", "N", "X", "N"], "histo": []},
"2022-09-20 09:15:22.133000" : {"coup": 2, "jeu": ["B", "B", "X", "B", "N", "N", "N"], "histo": [["B", "B", "X", "B", "N", "N", "N"]]},
"2022-09-20 09:18:47.875000" : {"coup": "Undo", "jeu": ["B", "B", "N", "B", "X", "N", "N"], "histo": [["B", "B", "N", "B", "X", "N", "N"]]},
"2022-09-20 08:32:51.290000" : {"coup": 2, "jeu": ["B", "B", "X", "B", "N", "N", "N"], "histo": []},
"2022-09-20 08:37:05.868000" : {"coup": 6, "jeu": ["N", "B", "N", "B", "N", "B", "X"], "histo": []},
"2022-09-20 09:07:25.851000" : {"coup": "Reset", "jeu": ["B", "B", "B", "X", "N", "N", "N"], "histo": []},
"2022-09-20 08:32:55.643000" : {"coup": 1, "jeu": ["B", "X", "N", "B", "B", "N", "N"], "histo": []},
"2022-09-20 09:13:36.446000" : {"coup": 2, "jeu": ["B", "B", "X", "B", "N", "N", "N"], "histo": [["B", "B", "X", "B", "N", "N", "N"]]},
"2022-09-20 09:19:16.569000" : {"coup": "Undo", "jeu": ["B", "B", "X", "B", "N", "N", "N"], "histo": [["B", "B", "N", "B", "X", "N", "N"]]},
"2022-09-20 09:03:34.080000" : {"coup": "Undo", "jeu": ["B", "B", "N", "B", "X", "N", "N"], "histo": []},
"2022-09-20 08:36:06.132000" : {"coup": 4, "jeu": ["B", "B", "N", "B", "X", "N", "N"], "histo": []},
"2022-09-20 08:47:58.001000" : {"coup": 3, "jeu": ["B", "B", "N", "X", "N", "B", "N"], "histo": []},
"2022-09-20 08:54:40.969000" : {"coup": 2, "jeu": ["B", "B", "X", "B", "N", "N", "N"], "histo": []},
"2022-09-20 09:12:34.871000" : {"coup": "Undo", "jeu": [], "histo": []},
"2022-09-20 08:36:25.861000" : {"coup": 1, "jeu": ["B", "X", "N", "B", "N", "B", "N"], "histo": []},
"2022-09-20 09:03:13.227000" : {"coup": 2, "jeu": ["B", "B", "X", "B", "N", "N", "N"], "histo": [2]},
"2022-09-20 09:07:34.171000" : {"coup": "Reset", "jeu": ["B", "B", "B", "X", "N", "N", "N"], "histo": []},
"2022-09-20 08:36:01.524000" : {"coup": "Undo", "jeu": ["B", "B", "B", "X", "N", "N", "N"], "histo": []},
"2022-09-20 09:16:34.639000" : {"coup": "Undo", "jeu": ["B", "B", "N", "B", "X", "N", "N"], "histo": []},
"2022-09-20 09:15:56.540000" : {"coup": 2, "jeu": ["B", "B", "X", "B", "N", "N", "N"], "histo": [["B", "B", "X", "B", "N", "N", "N"]]},
"2022-09-20 08:34:52.045000" : {"coup": 4, "jeu": ["B", "B", "N", "B", "X", "N", "N"], "histo": []},
"2022-09-20 09:18:12.839000" : {"coup": "Undo", "jeu": ["B", "B", "X", "B", "N", "N", "N"], "histo": [["B", "B", "X", "B", "N", "N", "N"]]},
"2022-09-20 08:32:59.005000" : {"coup": "Reset", "jeu": ["B", "B", "B", "X", "N", "N", "N"], "histo": []},
"2022-09-20 09:19:03.859000" : {"coup": "Undo", "jeu": ["B", "B", "X", "B", "N", "N", "N"], "histo": []},
"2022-09-20 09:19:07.980000" : {"coup": "Undo", "jeu": ["B", "B", "X", "B", "N", "N", "N"], "histo": [["B", "B", "N", "B", "X", "N", "N"]]},
"2022-09-20 08:54:42.060000" : {"coup": "Undo", "jeu": ["B", "X", "B", "N", "N", "N"], "histo": []},
"2022-09-20 09:07:30.093000" : {"coup": 3, "jeu": ["B", "B", "X", "B", "N", "N", "N"], "histo": [2, 3, 3]},
"2022-09-20 08:47:32.723000" : {"coup": 1, "jeu": ["B", "X", "N", "B", "B", "N", "N"], "histo": []},
"2022-09-20 08:54:34.509000" : {"coup": "Reset", "jeu": ["B", "B", "B", "X", "N", "N", "N"], "histo": [], "prog": "def saute(i):\n    if jeu[i]==\"B\" and i<6 and jeu[i+1]==\"X\":\n        jeu[i], jeu[i+1] = \"X\", \"B\"\n    elif jeu[i]==\"B\" and i<5 and jeu[i+1]==\"N\" and jeu[i+2]==\"X\":\n        jeu[i], jeu[i+2] = \"X\", \"B\"\n    elif jeu[i]==\"N\" and i>0 and jeu[i-1]==\"X\":\n        jeu[i], jeu[i-1] = \"X\", \"N\"\n    elif jeu[i]==\"N\" and i>1 and jeu[i-1]==\"B\" and jeu[i-2]==\"X\":\n        jeu[i], jeu[i-2] = \"X\", \"N\"\ndef undo():\n    global jeu\n    jeu.pop(0)\n    #jeu = [\"B\", \"B\", \"B\", \"X\", \"N\", \"N\", \"N\"]\n"},
"2022-09-20 09:17:55.838000" : {"coup": 4, "jeu": ["B", "B", "N", "B", "X", "N", "N"], "histo": [["B", "B", "N", "B", "X", "N", "N"], ["B", "B", "X", "B", "N", "N", "N"]]},
"2022-09-20 09:18:06.970000" : {"coup": "Reset", "jeu": ["B", "B", "B", "X", "N", "N", "N"], "histo": [], "prog": "def saute(i):\n    if jeu[i]==\"B\" and i<6 and jeu[i+1]==\"X\":\n        historique.append(jeu)\n        jeu[i], jeu[i+1] = \"X\", \"B\"\n    elif jeu[i]==\"B\" and i<5 and jeu[i+1]==\"N\" and jeu[i+2]==\"X\":\n        historique.append(jeu.copy())\n        jeu[i], jeu[i+2] = \"X\", \"B\"\n    elif jeu[i]==\"N\" and i>0 and jeu[i-1]==\"X\":\n        historique.append(jeu.copy())\n        jeu[i], jeu[i-1] = \"X\", \"N\"\n    elif jeu[i]==\"N\" and i>1 and jeu[i-1]==\"B\" and jeu[i-2]==\"X\":\n        historique.append(jeu.copy())\n        jeu[i], jeu[i-2] = \"X\", \"N\"\ndef undo():\n    jeu = historique[0]\n    global jeu\n    \n"},
"2022-09-20 09:16:55.932000" : {"coup": "Reset", "jeu": ["B", "B", "B", "X", "N", "N", "N"], "histo": [], "prog": "def saute(i):\n    if jeu[i]==\"B\" and i<6 and jeu[i+1]==\"X\":\n        historique.append(jeu)\n        jeu[i], jeu[i+1] = \"X\", \"B\"\n    elif jeu[i]==\"B\" and i<5 and jeu[i+1]==\"N\" and jeu[i+2]==\"X\":\n        historique.append(jeu)\n        jeu[i], jeu[i+2] = \"X\", \"B\"\n    elif jeu[i]==\"N\" and i>0 and jeu[i-1]==\"X\":\n        historique.append(jeu)\n        jeu[i], jeu[i-1] = \"X\", \"N\"\n    elif jeu[i]==\"N\" and i>1 and jeu[i-1]==\"B\" and jeu[i-2]==\"X\":\n        historique.append(jeu)\n        jeu[i], jeu[i-2] = \"X\", \"N\"\ndef undo():\n    jeu = [historique.pop(0)]\n    global jeu\n    \n"},
"2022-09-20 08:50:08.913000" : {"coup": 2, "jeu": ["B", "B", "X", "B", "N", "N", "N"], "histo": [], "prog": "def saute(i):\n    if jeu[i]==\"B\" and i<6 and jeu[i+1]==\"X\":\n        jeu[i], jeu[i+1] = \"X\", \"B\"\n    elif jeu[i]==\"B\" and i<5 and jeu[i+1]==\"N\" and jeu[i+2]==\"X\":\n        jeu[i], jeu[i+2] = \"X\", \"B\"\n    elif jeu[i]==\"N\" and i>0 and jeu[i-1]==\"X\":\n        jeu[i], jeu[i-1] = \"X\", \"N\"\n    elif jeu[i]==\"N\" and i>1 and jeu[i-1]==\"B\" and jeu[i-2]==\"X\":\n        jeu[i], jeu[i-2] = \"X\", \"N\"\ndef undo():\n    global jeu\n    \n    jeu = [\"B\", \"B\", \"B\", \"X\", \"N\", \"N\", \"N\"]\n"},
"2022-09-20 08:47:21.855000" : {"coup": "Reset", "jeu": ["B", "B", "B", "X", "N", "N", "N"], "histo": [], "prog": "def saute(i):\n    if jeu[i]==\"B\" and i<6 and jeu[i+1]==\"X\":\n        jeu[i], jeu[i+1] = \"X\", \"B\"\n    elif jeu[i]==\"B\" and i<5 and jeu[i+1]==\"N\" and jeu[i+2]==\"X\":\n        jeu[i], jeu[i+2] = \"X\", \"B\"\n    elif jeu[i]==\"N\" and i>0 and jeu[i-1]==\"X\":\n        jeu[i], jeu[i-1] = \"X\", \"N\"\n    elif jeu[i]==\"N\" and i>1 and jeu[i-1]==\"B\" and jeu[i-2]==\"X\":\n        jeu[i], jeu[i-2] = \"X\", \"N\"\ndef undo():\n    global jeu\n    #jeu = [\"B\", \"B\", \"B\", \"X\", \"N\", \"N\", \"N\"]\n"},
"2022-09-20 09:15:23.148000" : {"coup": 3, "jeu": ["B", "B", "X", "B", "N", "N", "N"], "histo": [["B", "B", "X", "B", "N", "N", "N"]]},
"2022-09-20 09:06:13.555000" : {"coup": "Reset", "jeu": ["B", "B", "B", "X", "N", "N", "N"], "histo": []},
"2022-09-20 09:17:55.019000" : {"coup": 2, "jeu": ["B", "B", "X", "B", "N", "N", "N"], "histo": [["B", "B", "X", "B", "N", "N", "N"]]},
"2022-09-20 09:07:22.911000" : {"coup": "Reset", "jeu": ["B", "B", "B", "X", "N", "N", "N"], "histo": [], "prog": "def saute(i):\n    if jeu[i]==\"B\" and i<6 and jeu[i+1]==\"X\":\n        jeu[i], jeu[i+1] = \"X\", \"B\"\n    elif jeu[i]==\"B\" and i<5 and jeu[i+1]==\"N\" and jeu[i+2]==\"X\":\n        jeu[i], jeu[i+2] = \"X\", \"B\"\n    elif jeu[i]==\"N\" and i>0 and jeu[i-1]==\"X\":\n        jeu[i], jeu[i-1] = \"X\", \"N\"\n    elif jeu[i]==\"N\" and i>1 and jeu[i-1]==\"B\" and jeu[i-2]==\"X\":\n        jeu[i], jeu[i-2] = \"X\", \"N\"\n    historique.append(i)\ndef undo():\n    global jeu\n    historique.pop(0)\n    #jeu = [\"B\", \"B\", \"B\", \"X\", \"N\", \"N\", \"N\"]\n"},
"2022-09-20 09:15:24.806000" : {"coup": 4, "jeu": ["B", "B", "N", "B", "X", "N", "N"], "histo": [["B", "B", "N", "B", "X", "N", "N"], ["B", "B", "N", "B", "X", "N", "N"]]},
"2022-09-20 08:36:33.231000" : {"coup": 2, "jeu": ["N", "B", "X", "B", "N", "B", "N"], "histo": []},
"2022-09-20 08:47:36.071000" : {"coup": "Reset", "jeu": ["B", "B", "B", "X", "N", "N", "N"], "histo": []},
"2022-09-20 09:19:18.805000" : {"coup": "Undo", "jeu": ["B", "B", "N", "B", "X", "N", "N"], "histo": []},
"2022-09-20 09:16:09.241000" : {"coup": "Reset", "jeu": ["B", "B", "B", "X", "N", "N", "N"], "histo": []},
"2022-09-20 08:34:48.226000" : {"coup": "Reset", "jeu": ["B", "B", "B", "X", "N", "N", "N"], "histo": []},
"2022-09-20 09:18:21.164000" : {"coup": "Undo", "jeu": ["B", "B", "X", "B", "N", "N", "N"], "histo": [["B", "B", "X", "B", "N", "N", "N"]]},
"2022-09-20 09:12:18.630000" : {"coup": "Undo", "jeu": ["B", "B", "X", "B", "N", "N", "N"], "histo": []},
"2022-09-20 09:12:32.042000" : {"coup": "Reset", "jeu": ["B", "B", "B", "X", "N", "N", "N"], "histo": [], "prog": "def saute(i):\n    if jeu[i]==\"B\" and i<6 and jeu[i+1]==\"X\":\n        historique.append(jeu)\n        jeu[i], jeu[i+1] = \"X\", \"B\"\n    elif jeu[i]==\"B\" and i<5 and jeu[i+1]==\"N\" and jeu[i+2]==\"X\":\n        jeu[i], jeu[i+2] = \"X\", \"B\"\n    elif jeu[i]==\"N\" and i>0 and jeu[i-1]==\"X\":\n        jeu[i], jeu[i-1] = \"X\", \"N\"\n    elif jeu[i]==\"N\" and i>1 and jeu[i-1]==\"B\" and jeu[i-2]==\"X\":\n        jeu[i], jeu[i-2] = \"X\", \"N\"\ndef undo():\n    global jeu\n    historique.pop(0)\n    jeu = historique\n"},
"2022-09-20 09:07:24.037000" : {"coup": 2, "jeu": ["B", "B", "X", "B", "N", "N", "N"], "histo": [2]},
"2022-09-20 09:15:26.466000" : {"coup": "Undo", "jeu": [["B", "B", "N", "B", "X", "N", "N"], ["B", "B", "N", "B", "X", "N", "N"]], "histo": [["B", "B", "N", "B", "X", "N", "N"], ["B", "B", "N", "B", "X", "N", "N"]]},
"2022-09-20 09:18:09.006000" : {"coup": 2, "jeu": ["B", "B", "X", "B", "N", "N", "N"], "histo": [["B", "B", "X", "B", "N", "N", "N"]]},
"2022-09-20 08:54:23.471000" : {"coup": "Reset", "jeu": ["B", "B", "B", "X", "N", "N", "N"], "histo": [], "prog": "def saute(i):\n    if jeu[i]==\"B\" and i<6 and jeu[i+1]==\"X\":\n        jeu[i], jeu[i+1] = \"X\", \"B\"\n    elif jeu[i]==\"B\" and i<5 and jeu[i+1]==\"N\" and jeu[i+2]==\"X\":\n        jeu[i], jeu[i+2] = \"X\", \"B\"\n    elif jeu[i]==\"N\" and i>0 and jeu[i-1]==\"X\":\n        jeu[i], jeu[i-1] = \"X\", \"N\"\n    elif jeu[i]==\"N\" and i>1 and jeu[i-1]==\"B\" and jeu[i-2]==\"X\":\n        jeu[i], jeu[i-2] = \"X\", \"N\"\ndef undo():\n    global jeu\n    jeu.pop(0)\n    jeu = [\"B\", \"B\", \"B\", \"X\", \"N\", \"N\", \"N\"]\n"},
"2022-09-20 09:14:09.893000" : {"coup": 4, "jeu": ["B", "B", "N", "B", "X", "N", "N"], "histo": ["B"]},
"2022-09-20 08:48:06.711000" : {"coup": "Reset", "jeu": ["B", "B", "B", "X", "N", "N", "N"], "histo": []},
"2022-09-20 09:14:19.737000" : {"coup": "Reset", "jeu": ["B", "B", "B", "X", "N", "N", "N"], "histo": [], "prog": "def saute(i):\n    if jeu[i]==\"B\" and i<6 and jeu[i+1]==\"X\":\n        historique.append()\n        jeu[i], jeu[i+1] = \"X\", \"B\"\n    elif jeu[i]==\"B\" and i<5 and jeu[i+1]==\"N\" and jeu[i+2]==\"X\":\n        jeu[i], jeu[i+2] = \"X\", \"B\"\n    elif jeu[i]==\"N\" and i>0 and jeu[i-1]==\"X\":\n        jeu[i], jeu[i-1] = \"X\", \"N\"\n    elif jeu[i]==\"N\" and i>1 and jeu[i-1]==\"B\" and jeu[i-2]==\"X\":\n        jeu[i], jeu[i-2] = \"X\", \"N\"\ndef undo():\n    global jeu\n    jeu = historique\n"},
"2022-09-20 09:15:38.273000" : {"coup": "Reset", "jeu": ["B", "B", "B", "X", "N", "N", "N"], "histo": [], "prog": "def saute(i):\n    if jeu[i]==\"B\" and i<6 and jeu[i+1]==\"X\":\n        historique.append(jeu)\n        jeu[i], jeu[i+1] = \"X\", \"B\"\n    elif jeu[i]==\"B\" and i<5 and jeu[i+1]==\"N\" and jeu[i+2]==\"X\":\n        historique.append(jeu)\n        jeu[i], jeu[i+2] = \"X\", \"B\"\n    elif jeu[i]==\"N\" and i>0 and jeu[i-1]==\"X\":\n        historique.append(jeu)\n        jeu[i], jeu[i-1] = \"X\", \"N\"\n    elif jeu[i]==\"N\" and i>1 and jeu[i-1]==\"B\" and jeu[i-2]==\"X\":\n        historique.append(jeu)\n        jeu[i], jeu[i-2] = \"X\", \"N\"\ndef undo():\n    global jeu\n    jeu = historique.pop(0)\n"},
"2022-09-20 09:15:41.627000" : {"coup": "Undo", "jeu": ["B", "B", "N", "B", "X", "N", "N"], "histo": [["B", "B", "N", "B", "X", "N", "N"]]},
"2022-09-20 08:36:09.851000" : {"coup": 3, "jeu": ["B", "B", "N", "X", "B", "N", "N"], "histo": []},
"2022-09-20 09:16:31.702000" : {"coup": 2, "jeu": ["B", "B", "X", "B", "N", "N", "N"], "histo": [["B", "B", "X", "B", "N", "N", "N"]]},
"2022-09-20 08:33:14.267000" : {"coup": 2, "jeu": ["B", "B", "N", "N", "X", "B", "N"], "histo": []},
"2022-09-20 08:47:59.333000" : {"coup": 1, "jeu": ["B", "X", "N", "B", "N", "B", "N"], "histo": []},
"2022-09-20 09:15:40.700000" : {"coup": 4, "jeu": ["B", "B", "N", "B", "X", "N", "N"], "histo": [["B", "B", "N", "B", "X", "N", "N"], ["B", "B", "N", "B", "X", "N", "N"]]},
"2022-09-20 09:18:44.449000" : {"coup": "Reset", "jeu": ["B", "B", "B", "X", "N", "N", "N"], "histo": [], "prog": "def saute(i):\n    if jeu[i]==\"B\" and i<6 and jeu[i+1]==\"X\":\n        historique.append(jeu)\n        jeu[i], jeu[i+1] = \"X\", \"B\"\n    elif jeu[i]==\"B\" and i<5 and jeu[i+1]==\"N\" and jeu[i+2]==\"X\":\n        historique.append(jeu.copy())\n        jeu[i], jeu[i+2] = \"X\", \"B\"\n    elif jeu[i]==\"N\" and i>0 and jeu[i-1]==\"X\":\n        historique.append(jeu.copy())\n        jeu[i], jeu[i-1] = \"X\", \"N\"\n    elif jeu[i]==\"N\" and i>1 and jeu[i-1]==\"B\" and jeu[i-2]==\"X\":\n        historique.append(jeu.copy())\n        jeu[i], jeu[i-2] = \"X\", \"N\"\ndef undo():\n    global jeu\n    historique.pop(-1)\n    \n"},
"2022-09-20 08:47:51.915000" : {"coup": 2, "jeu": ["B", "B", "X", "B", "N", "N", "N"], "histo": [], "prog": "def saute(i):\n    if jeu[i]==\"B\" and i<6 and jeu[i+1]==\"X\":\n        jeu[i], jeu[i+1] = \"X\", \"B\"\n    elif jeu[i]==\"B\" and i<5 and jeu[i+1]==\"N\" and jeu[i+2]==\"X\":\n        jeu[i], jeu[i+2] = \"X\", \"B\"\n    elif jeu[i]==\"N\" and i>0 and jeu[i-1]==\"X\":\n        jeu[i], jeu[i-1] = \"X\", \"N\"\n    elif jeu[i]==\"N\" and i>1 and jeu[i-1]==\"B\" and jeu[i-2]==\"X\":\n        jeu[i], jeu[i-2] = \"X\", \"N\"\ndef undo():\n    global jeu\n    \n    #jeu = [\"B\", \"B\", \"B\", \"X\", \"N\", \"N\", \"N\"]\n"},
"2022-09-20 08:35:55.204000" : {"coup": 1, "jeu": ["B", "X", "N", "B", "B", "N", "N"], "histo": []},
"2022-09-20 08:36:14.087000" : {"coup": 2, "jeu": ["B", "N", "X", "B", "B", "N", "N"], "histo": []},
"2022-09-20 08:47:53.098000" : {"coup": 2, "jeu": ["B", "B", "X", "B", "N", "N", "N"], "histo": []},
"2022-09-20 09:19:20.032000" : {"coup": "Reset", "jeu": ["B", "B", "B", "X", "N", "N", "N"], "histo": []},
"2022-09-20 08:33:25.524000" : {"coup": 2, "jeu": ["B", "B", "X", "B", "N", "N", "N"], "histo": []},
"2022-09-20 09:12:14.745000" : {"coup": "Reset", "jeu": ["B", "B", "B", "X", "N", "N", "N"], "histo": [], "prog": "def saute(i):\n    if jeu[i]==\"B\" and i<6 and jeu[i+1]==\"X\":\n        historique.append(jeu)\n        jeu[i], jeu[i+1] = \"X\", \"B\"\n    elif jeu[i]==\"B\" and i<5 and jeu[i+1]==\"N\" and jeu[i+2]==\"X\":\n        jeu[i], jeu[i+2] = \"X\", \"B\"\n    elif jeu[i]==\"N\" and i>0 and jeu[i-1]==\"X\":\n        jeu[i], jeu[i-1] = \"X\", \"N\"\n    elif jeu[i]==\"N\" and i>1 and jeu[i-1]==\"B\" and jeu[i-2]==\"X\":\n        jeu[i], jeu[i-2] = \"X\", \"N\"\ndef undo():\n    global jeu\n    historique.pop(0)\n    #jeu = [\"B\", \"B\", \"B\", \"X\", \"N\", \"N\", \"N\"]\n"},
"2022-09-20 09:18:09.865000" : {"coup": "Undo", "jeu": ["B", "B", "X", "B", "N", "N", "N"], "histo": [["B", "B", "X", "B", "N", "N", "N"]]},
"2022-09-20 09:19:05.617000" : {"coup": "Reset", "jeu": ["B", "B", "B", "X", "N", "N", "N"], "histo": []},
"2022-09-20 09:07:39.606000" : {"coup": "Undo", "jeu": ["B", "B", "X", "B", "N", "N", "N"], "histo": []},
"2022-09-20 09:05:41.163000" : {"coup": 4, "jeu": ["B", "B", "N", "B", "X", "N", "N"], "histo": [2]},
"2022-09-20 09:09:31.787000" : {"coup": 3, "jeu": ["B", "B", "N", "X", "B", "N", "N"], "histo": ["X", "X"]},
"2022-09-20 09:19:01.832000" : {"coup": "Reset", "jeu": ["B", "B", "B", "X", "N", "N", "N"], "histo": []},
"2022-09-20 09:10:23.813000" : {"coup": "Undo", "jeu": ["B", "B", "N", "X", "B", "N", "N"], "histo": []},
"2022-09-20 09:17:01.002000" : {"coup": "Undo", "jeu": [["B", "B", "N", "B", "X", "N", "N"]], "histo": [["B", "B", "N", "B", "X", "N", "N"]]},
"2022-09-20 09:16:59.089000" : {"coup": 3, "jeu": ["B", "B", "X", "B", "N", "N", "N"], "histo": [["B", "B", "X", "B", "N", "N", "N"]]},
"2022-09-20 09:17:55.123000" : {"coup": 2, "jeu": ["B", "B", "X", "B", "N", "N", "N"], "histo": [["B", "B", "X", "B", "N", "N", "N"]]},
"2022-09-20 09:03:09.804000" : {"coup": "Reset", "jeu": ["B", "B", "B", "X", "N", "N", "N"], "histo": [], "prog": "def saute(i):\n    if jeu[i]==\"B\" and i<6 and jeu[i+1]==\"X\":\n        jeu[i], jeu[i+1] = \"X\", \"B\"\n        historique.append(i)\n    elif jeu[i]==\"B\" and i<5 and jeu[i+1]==\"N\" and jeu[i+2]==\"X\":\n        jeu[i], jeu[i+2] = \"X\", \"B\"\n    elif jeu[i]==\"N\" and i>0 and jeu[i-1]==\"X\":\n        jeu[i], jeu[i-1] = \"X\", \"N\"\n    elif jeu[i]==\"N\" and i>1 and jeu[i-1]==\"B\" and jeu[i-2]==\"X\":\n        jeu[i], jeu[i-2] = \"X\", \"N\"\ndef undo(i):\n    global jeu\n    historique.pop(i)\n    #jeu = [\"B\", \"B\", \"B\", \"X\", \"N\", \"N\", \"N\"]\n"},
"2022-09-20 08:36:13.076000" : {"coup": 1, "jeu": ["B", "X", "N", "B", "B", "N", "N"], "histo": []},
"2022-09-20 09:15:42.863000" : {"coup": "Undo", "jeu": ["B", "B", "N", "B", "X", "N", "N"], "histo": []},
"2022-09-20 09:16:10.333000" : {"coup": 2, "jeu": ["B", "B", "X", "B", "N", "N", "N"], "histo": [["B", "B", "X", "B", "N", "N", "N"]]},
"2022-09-20 09:18:59.212000" : {"coup": "Undo", "jeu": ["B", "B", "X", "B", "N", "N", "N"], "histo": [["B", "B", "N", "B", "X", "N", "N"]]},
"2022-09-20 09:16:11.707000" : {"coup": 4, "jeu": ["B", "B", "N", "B", "X", "N", "N"], "histo": [["B", "B", "N", "B", "X", "N", "N"], ["B", "B", "N", "B", "X", "N", "N"]]},
"2022-09-20 08:36:23.540000" : {"coup": 3, "jeu": ["B", "B", "N", "X", "N", "B", "N"], "histo": []},
"2022-09-20 09:07:42.899000" : {"coup": 2, "jeu": ["B", "B", "X", "B", "N", "N", "N"], "histo": [2]},
"2022-09-20 09:07:41.203000" : {"coup": "Reset", "jeu": ["B", "B", "B", "X", "N", "N", "N"], "histo": []},
"2022-09-20 08:37:10.675000" : {"coup": 2, "jeu": ["N", "N", "X", "B", "N", "B", "B"], "histo": []},
"2022-09-20 09:18:13.438000" : {"coup": 4, "jeu": ["B", "B", "N", "B", "X", "N", "N"], "histo": [["B", "B", "N", "B", "X", "N", "N"], ["B", "B", "X", "B", "N", "N", "N"]]},
"2022-09-20 08:33:12.961000" : {"coup": 4, "jeu": ["B", "B", "N", "N", "X", "B", "N"], "histo": []},
"2022-09-20 09:18:20.256000" : {"coup": 2, "jeu": ["B", "B", "X", "B", "N", "N", "N"], "histo": [["B", "B", "X", "B", "N", "N", "N"]]},
"2022-09-20 09:09:29.162000" : {"coup": 2, "jeu": ["B", "B", "X", "B", "N", "N", "N"], "histo": ["X"]},
"2022-09-20 08:32:52.088000" : {"coup": 4, "jeu": ["B", "B", "N", "B", "X", "N", "N"], "histo": []},
"2022-09-20 08:33:11.197000" : {"coup": 5, "jeu": ["B", "B", "N", "N", "B", "X", "N"], "histo": []},
"2022-09-20 09:10:23.317000" : {"coup": "Undo", "jeu": ["B", "B", "N", "X", "B", "N", "N"], "histo": ["B"]},
"2022-09-20 08:37:11.523000" : {"coup": 4, "jeu": ["N", "N", "N", "B", "X", "B", "B"], "histo": []},
"2022-09-20 09:19:21.316000" : {"coup": 4, "jeu": ["B", "B", "N", "B", "X", "N", "N"], "histo": [["B", "B", "N", "B", "X", "N", "N"], ["B", "B", "X", "B", "N", "N", "N"]]},
"2022-09-20 09:05:37.243000" : {"coup": "Reset", "jeu": ["B", "B", "B", "X", "N", "N", "N"], "histo": []},
"2022-09-20 08:35:31.356000" : {"coup": 3, "jeu": ["B", "B", "N", "X", "B", "N", "N"], "histo": []},
"2022-09-20 09:07:26.775000" : {"coup": 2, "jeu": ["B", "B", "X", "B", "N", "N", "N"], "histo": [2]},
"2022-09-20 09:15:57.443000" : {"coup": 4, "jeu": ["B", "B", "N", "B", "X", "N", "N"], "histo": [["B", "B", "N", "B", "X", "N", "N"], ["B", "B", "N", "B", "X", "N", "N"]]},
"2022-09-20 09:10:19.798000" : {"coup": 4, "jeu": ["B", "B", "N", "B", "X", "N", "N"], "histo": ["B"]},
"2022-09-20 08:47:57.338000" : {"coup": 5, "jeu": ["B", "B", "N", "B", "N", "X", "N"], "histo": []}
}