{
"2022-09-20 10:32:28.034000" : {"coup": "Undo", "jeu": ["B", "B", "X", "N", "B", "N", "N"], "histo": []},
"2022-09-20 09:54:01.867000" : {"coup": 1, "jeu": ["B", "X", "N", "B", "B", "N", "N"], "histo": []},
"2022-09-20 10:11:41.694000" : {"coup": 4, "jeu": ["B", "B", "B", "N", "X", "N", "N"], "histo": []},
"2022-09-20 10:11:02.641000" : {"coup": 6, "jeu": ["N", "N", "B", "X", "B", "B", "N"], "histo": []},
"2022-09-20 10:11:53.476000" : {"coup": "Reset", "jeu": ["B", "B", "B", "X", "N", "N", "N"], "histo": []},
"2022-09-20 09:51:36.157000" : {"coup": 4, "jeu": ["B", "N", "B", "X", "B", "N", "N"], "histo": []},
"2022-09-20 10:10:18.664000" : {"coup": 3, "jeu": ["B", "N", "N", "X", "B", "B", "N"], "histo": []},
"2022-09-20 10:21:46.590000" : {"coup": "Undo", "jeu": ["B", "B", "X", "N", "B", "N", "N"], "histo": []},
"2022-09-20 10:32:17.151000" : {"coup": "Reset", "jeu": ["B", "B", "B", "X", "N", "N", "N"], "histo": [], "prog": "\n\ndef saute(i):\n    O = 0\n    if jeu[i]==\"B\" and i<6 and jeu[i+1]==\"X\":\n        jeu[i], jeu[i+1] = \"X\", \"B\"\n        O = 1\n    elif jeu[i]==\"B\" and i<5 and jeu[i+1]==\"N\" and jeu[i+2]==\"X\":\n        jeu[i], jeu[i+2] = \"X\", \"B\"\n        O = 2\n    elif jeu[i]==\"N\" and i>0 and jeu[i-1]==\"X\":\n        jeu[i], jeu[i-1] = \"X\", \"N\"\n        O = 3\n    elif jeu[i]==\"N\" and i>1 and jeu[i-1]==\"B\" and jeu[i-2]==\"X\":\n        jeu[i], jeu[i-2] = \"X\", \"N\"\n        O = 4\n\ndef test_O():\n    if O == 1:\n        jeu[i], jeu[i+1] = \"B\", \"X\"\n        print(O)\n    elif O == 2:\n        jeu[i], jeu[i+2] = \"B\", \"X\"\n    elif O == 3:\n        jeu[i], jeu[i-1] = \"N\", \"X\"\n    elif O == 4:\n        jeu[i], jeu[i-2] = \"N\", \"X\"\n\ndef undo():\n    global jeu\n    test_O()\n"},
"2022-09-20 09:53:52.013000" : {"coup": 3, "jeu": ["B", "B", "N", "X", "B", "N", "N"], "histo": []},
"2022-09-20 10:32:29.418000" : {"coup": "Undo", "jeu": ["B", "B", "X", "N", "B", "N", "N"], "histo": []},
"2022-09-20 09:52:03.702000" : {"coup": 2, "jeu": ["B", "B", "X", "N", "B", "N", "N"], "histo": []},
"2022-09-20 09:53:53.107000" : {"coup": 5, "jeu": ["B", "B", "N", "N", "B", "X", "N"], "histo": []},
"2022-09-20 09:48:32.514000" : {"coup": 6, "jeu": ["B", "B", "N", "N", "N", "B", "X"], "histo": []},
"2022-09-20 09:58:45.177000" : {"coup": 2, "jeu": ["B", "B", "X", "N", "B", "N", "N"], "histo": []},
"2022-09-20 10:04:17.552000" : {"coup": 1, "jeu": ["N", "X", "B", "B", "B", "N", "N"], "histo": []},
"2022-09-20 10:06:17.956000" : {"coup": 1, "jeu": ["N", "X", "B", "X", "N", "B", "B", "N"], "histo": []},
"2022-09-20 09:52:41.609000" : {"coup": 2, "jeu": ["B", "B", "X", "N", "B", "N", "N"], "histo": []},
"2022-09-20 09:53:04.716000" : {"coup": 5, "jeu": ["B", "B", "N", "N", "B", "X", "N"], "histo": []},
"2022-09-20 10:32:24.631000" : {"coup": "Undo", "jeu": ["B", "B", "X", "N", "B", "N", "N"], "histo": []},
"2022-09-20 10:10:25.902000" : {"coup": "Reset", "jeu": ["B", "B", "B", "X", "N", "N", "N"], "histo": []},
"2022-09-20 10:32:28.375000" : {"coup": "Undo", "jeu": ["B", "B", "X", "N", "B", "N", "N"], "histo": []},
"2022-09-20 09:58:51.352000" : {"coup": 1, "jeu": ["B", "N", "B", "N", "B", "X", "N"], "histo": []},
"2022-09-20 09:59:12.216000" : {"coup": 2, "jeu": ["B", "B", "X", "N", "B", "N", "N"], "histo": []},
"2022-09-20 09:48:43.817000" : {"coup": 2, "jeu": ["B", "B", "X", "B", "N", "N", "N"], "histo": []},
"2022-09-20 10:12:13.614000" : {"coup": 4, "jeu": ["B", "N", "B", "N", "X", "N", "B"], "histo": []},
"2022-09-20 10:04:12.080000" : {"coup": 2, "jeu": ["B", "B", "X", "N", "B", "N", "N"], "histo": []},
"2022-09-20 09:47:50.274000" : {"coup": 4, "jeu": ["B", "N", "X", "B", "B", "N", "N"], "histo": []},
"2022-09-20 09:54:21.556000" : {"coup": 4, "jeu": ["B", "B", "B", "N", "X", "N", "N"], "histo": []},
"2022-09-20 10:24:16.084000" : {"coup": "Reset", "jeu": ["B", "B", "B", "X", "N", "N", "N"], "histo": []},
"2022-09-20 09:58:52.263000" : {"coup": 0, "jeu": ["B", "N", "B", "N", "B", "X", "N"], "histo": []},
"2022-09-20 09:57:16.178000" : {"coup": 3, "jeu": ["B", "N", "B", "X", "B", "N", "N"], "histo": []},
"2022-09-20 09:53:55.729000" : {"coup": "Reset", "jeu": ["B", "B", "B", "X", "N", "N", "N"], "histo": []},
"2022-09-20 10:24:13.079000" : {"coup": "Undo", "jeu": ["B", "B", "B", "X", "N", "N", "N"], "histo": [], "prog": "O = 0\n\ndef saute(i):\n    if jeu[i]==\"B\" and i<6 and jeu[i+1]==\"X\":\n        jeu[i], jeu[i+1] = \"X\", \"B\"\n        O = 1\n    elif jeu[i]==\"B\" and i<5 and jeu[i+1]==\"N\" and jeu[i+2]==\"X\":\n        jeu[i], jeu[i+2] = \"X\", \"B\"\n        O = 2\n    elif jeu[i]==\"N\" and i>0 and jeu[i-1]==\"X\":\n        jeu[i], jeu[i-1] = \"X\", \"N\"\n        O = 3\n    elif jeu[i]==\"N\" and i>1 and jeu[i-1]==\"B\" and jeu[i-2]==\"X\":\n        jeu[i], jeu[i-2] = \"X\", \"N\"\n        O = 4\ndef undo():\n    global jeu\n    if O == 1:\n        jeu[i], jeu[i+1] = \"B\", \"X\"\n        print(O)\n    elif O == 2:\n        jeu[i], jeu[i+2] = \"B\", \"X\"\n    elif O == 3:\n        jeu[i], jeu[i-1] = \"N\", \"X\"\n    elif O == 4:\n        jeu[i], jeu[i-2] = \"N\", \"X\"\n"},
"2022-09-20 09:48:17.208000" : {"coup": 4, "jeu": ["B", "X", "N", "B", "B", "N", "N"], "histo": []},
"2022-09-20 10:24:44.720000" : {"coup": "Undo", "jeu": ["B", "X", "N", "B", "B", "N", "N"], "histo": []},
"2022-09-20 09:53:29.044000" : {"coup": 2, "jeu": ["B", "N", "X", "B", "B", "N", "N"], "histo": []},
"2022-09-20 09:48:55.649000" : {"coup": 5, "jeu": ["B", "X", "N", "B", "B", "N", "N"], "histo": []},
"2022-09-20 09:51:50.499000" : {"coup": "Reset", "jeu": ["B", "B", "B", "X", "N", "N", "N"], "histo": []},
"2022-09-20 09:49:47.889000" : {"coup": 5, "jeu": ["B", "B", "N", "B", "N", "X", "N"], "histo": []},
"2022-09-20 10:11:22.896000" : {"coup": 4, "jeu": ["N", "N", "B", "N", "X", "B", "B"], "histo": []},
"2022-09-20 10:05:21.617000" : {"coup": "Reset", "jeu": ["B", "B", "B", "X", "N", "N", "N"], "histo": []},
"2022-09-20 09:58:31.426000" : {"coup": 0, "jeu": ["B", "N", "B", "N", "X", "B", "N"], "histo": []},
"2022-09-20 09:52:45.359000" : {"coup": 5, "jeu": ["B", "N", "B", "N", "B", "X", "N"], "histo": []},
"2022-09-20 09:53:03.828000" : {"coup": 3, "jeu": ["B", "B", "N", "X", "B", "N", "N"], "histo": []},
"2022-09-20 09:53:33.331000" : {"coup": 2, "jeu": ["B", "B", "X", "N", "B", "N", "N"], "histo": []},
"2022-09-20 09:53:49.899000" : {"coup": 4, "jeu": ["B", "B", "B", "N", "X", "N", "N"], "histo": []},
"2022-09-20 09:49:57.525000" : {"coup": 1, "jeu": ["N", "X", "B", "B", "N", "B", "N"], "histo": []},
"2022-09-20 10:04:13.263000" : {"coup": 3, "jeu": ["B", "N", "B", "X", "B", "N", "N"], "histo": []},
"2022-09-20 09:47:15.809000" : {"coup": 4, "jeu": ["B", "B", "N", "N", "X", "B", "N"], "histo": []},
"2022-09-20 10:11:18.217000" : {"coup": 2, "jeu": ["B", "N", "X", "N", "B", "N", "B"], "histo": []},
"2022-09-20 10:06:21.498000" : {"coup": 2, "jeu": ["N", "N", "X", "B", "X", "B", "B", "N"], "histo": []},
"2022-09-20 10:04:05.453000" : {"coup": 5, "jeu": ["B", "B", "N", "N", "B", "X", "N"], "histo": []},
"2022-09-20 09:47:38.654000" : {"coup": "Reset", "jeu": ["B", "B", "B", "X", "N", "N", "N"], "histo": []},
"2022-09-20 09:48:35.243000" : {"coup": 0, "jeu": ["B", "B", "N", "N", "N", "X", "B"], "histo": []},
"2022-09-20 09:50:55.063000" : {"coup": 1, "jeu": ["B", "X", "B", "N", "B", "N", "N"], "histo": []},
"2022-09-20 09:53:08.795000" : {"coup": 4, "jeu": ["B", "B", "N", "N", "X", "B", "N"], "histo": []},
"2022-09-20 09:57:28.012000" : {"coup": 0, "jeu": ["B", "N", "N", "X", "B", "B", "N"], "histo": []},
"2022-09-20 09:55:59.563000" : {"coup": 4, "jeu": ["B", "B", "B", "N", "X", "N", "N"], "histo": [], "prog": "def saute(i):\n    if jeu[i]==\"B\" and i<6 and jeu[i+1]==\"X\":\n        jeu[i], jeu[i+1] = \"X\", \"B\"\n        historique = jeu\n    elif jeu[i]==\"B\" and i<5 and jeu[i+1]==\"N\" and jeu[i+2]==\"X\":\n        jeu[i], jeu[i+2] = \"X\", \"B\"\n        historique = jeu\n    elif jeu[i]==\"N\" and i>0 and jeu[i-1]==\"X\":\n        jeu[i], jeu[i-1] = \"X\", \"N\"\n        historique = jeu\n    elif jeu[i]==\"N\" and i>1 and jeu[i-1]==\"B\" and jeu[i-2]==\"X\":\n        jeu[i], jeu[i-2] = \"X\", \"N\"\n        historique = jeu\ndef undo():\n    global jeu\n    jeu = historique\n"},
"2022-09-20 10:27:31.298000" : {"coup": "Reset", "jeu": ["B", "B", "B", "X", "N", "N", "N"], "histo": []},
"2022-09-20 10:00:20.492000" : {"coup": "Reset", "jeu": ["B", "B", "B", "X", "N", "N", "N"], "histo": []},
"2022-09-20 09:58:15.072000" : {"coup": 6, "jeu": ["B", "B", "B", "X", "N", "N", "N"], "histo": []},
"2022-09-20 09:57:51.090000" : {"coup": 1, "jeu": ["B", "X", "N", "B", "N", "B", "N"], "histo": []},
"2022-09-20 09:47:40.935000" : {"coup": 2, "jeu": ["B", "B", "X", "N", "B", "N", "N"], "histo": []},
"2022-09-20 10:06:10.549000" : {"coup": 4, "jeu": ["B", "B", "N", "X", "X", "B", "N", "N"], "histo": []},
"2022-09-20 09:54:16.267000" : {"coup": 5, "jeu": ["B", "B", "X", "N", "B", "N", "N"], "histo": []},
"2022-09-20 10:06:02.129000" : {"coup": 3, "jeu": ["B", "B", "N", "X", "B", "N", "X", "N"], "histo": []},
"2022-09-20 09:58:06.885000" : {"coup": 2, "jeu": ["B", "B", "X", "N", "B", "N", "N"], "histo": []},
"2022-09-20 10:21:47.625000" : {"coup": "Undo", "jeu": ["B", "B", "X", "N", "B", "N", "N"], "histo": []},
"2022-09-20 09:58:51.861000" : {"coup": 1, "jeu": ["B", "N", "B", "N", "B", "X", "N"], "histo": []},
"2022-09-20 10:01:11.688000" : {"coup": "Undo", "jeu": ["B", "B", "B", "X", "N", "N", "N"], "histo": []},
"2022-09-20 09:48:34.956000" : {"coup": 2, "jeu": ["B", "B", "N", "N", "N", "X", "B"], "histo": []},
"2022-09-20 10:21:46.257000" : {"coup": "Undo", "jeu": ["B", "B", "X", "N", "B", "N", "N"], "histo": []},
"2022-09-20 09:51:36.650000" : {"coup": 5, "jeu": ["B", "N", "B", "N", "B", "X", "N"], "histo": []},
"2022-09-20 09:47:56.170000" : {"coup": 2, "jeu": ["B", "B", "X", "N", "B", "N", "N"], "histo": []},
"2022-09-20 10:21:43.847000" : {"coup": "Undo", "jeu": ["B", "B", "B", "N", "X", "N", "N"], "histo": []},
"2022-09-20 10:05:22.806000" : {"coup": "Undo", "jeu": ["N", "N", "N", "X", "X", "B", "B", "B"], "histo": []},
"2022-09-20 09:51:44.232000" : {"coup": 2, "jeu": ["B", "B", "X", "N", "B", "N", "N"], "histo": []},
"2022-09-20 09:51:55.710000" : {"coup": 3, "jeu": ["B", "B", "N", "X", "B", "N", "N"], "histo": []},
"2022-09-20 09:50:06.694000" : {"coup": "Reset", "jeu": ["B", "B", "B", "X", "N", "N", "N"], "histo": []},
"2022-09-20 10:24:57.312000" : {"coup": 1, "jeu": ["B", "X", "B", "B", "N", "N", "N"], "histo": []},
"2022-09-20 09:52:32.684000" : {"coup": 4, "jeu": ["B", "B", "B", "N", "X", "N", "N"], "histo": []},
"2022-09-20 09:47:41.516000" : {"coup": 3, "jeu": ["B", "B", "N", "X", "B", "N", "N"], "histo": []},
"2022-09-20 10:10:15.721000" : {"coup": 4, "jeu": ["B", "N", "B", "N", "X", "B", "N"], "histo": []},
"2022-09-20 10:32:23.923000" : {"coup": "Undo", "jeu": ["B", "B", "X", "N", "B", "N", "N"], "histo": []},
"2022-09-20 09:57:18.913000" : {"coup": 6, "jeu": ["B", "N", "B", "X", "B", "N", "N"], "histo": []},
"2022-09-20 09:50:46.489000" : {"coup": 3, "jeu": ["B", "B", "N", "X", "B", "N", "N"], "histo": []},
"2022-09-20 09:51:52.459000" : {"coup": 2, "jeu": ["B", "B", "X", "B", "N", "N", "N"], "histo": []},
"2022-09-20 09:50:58.134000" : {"coup": 4, "jeu": ["B", "N", "B", "N", "X", "B", "N"], "histo": []},
"2022-09-20 09:49:55.440000" : {"coup": 6, "jeu": ["X", "N", "B", "B", "N", "B", "N"], "histo": []},
"2022-09-20 09:57:37.393000" : {"coup": 5, "jeu": ["B", "N", "B", "N", "B", "X", "N"], "histo": []},
"2022-09-20 09:53:49.017000" : {"coup": "Reset", "jeu": ["B", "B", "B", "X", "N", "N", "N"], "histo": []},
"2022-09-20 09:57:14.372000" : {"coup": 4, "jeu": ["B", "B", "B", "N", "X", "N", "N"], "histo": []},
"2022-09-20 09:53:45.139000" : {"coup": 1, "jeu": ["B", "X", "N", "B", "B", "N", "N"], "histo": []},
"2022-09-20 09:58:50.608000" : {"coup": 2, "jeu": ["B", "N", "B", "N", "B", "X", "N"], "histo": []},
"2022-09-20 09:51:38.437000" : {"coup": 2, "jeu": ["B", "N", "X", "N", "B", "B", "N"], "histo": []},
"2022-09-20 09:58:42.008000" : {"coup": 2, "jeu": ["B", "N", "N", "X", "B", "B", "N"], "histo": []},
"2022-09-20 10:01:09.022000" : {"coup": "Undo", "jeu": ["B", "B", "B", "X", "N", "N", "N"], "histo": []},
"2022-09-20 09:53:13.276000" : {"coup": 3, "jeu": ["B", "N", "B", "X", "B", "N", "N"], "histo": []},
"2022-09-20 10:32:28.511000" : {"coup": "Undo", "jeu": ["B", "B", "X", "N", "B", "N", "N"], "histo": []},
"2022-09-20 09:58:39.577000" : {"coup": 0, "jeu": ["B", "N", "N", "X", "B", "B", "N"], "histo": []},
"2022-09-20 10:24:34.972000" : {"coup": 4, "jeu": ["B", "X", "B", "B", "N", "N", "N"], "histo": []},
"2022-09-20 09:59:06.963000" : {"coup": 0, "jeu": ["B", "N", "N", "X", "B", "B", "N"], "histo": []},
"2022-09-20 09:58:15.641000" : {"coup": 4, "jeu": ["B", "B", "B", "N", "X", "N", "N"], "histo": []},
"2022-09-20 09:49:53.196000" : {"coup": 0, "jeu": ["X", "N", "B", "B", "N", "B", "N"], "histo": []},
"2022-09-20 09:51:59.315000" : {"coup": "Reset", "jeu": ["B", "B", "B", "X", "N", "N", "N"], "histo": []},
"2022-09-20 10:21:46.423000" : {"coup": "Undo", "jeu": ["B", "B", "X", "N", "B", "N", "N"], "histo": []},
"2022-09-20 10:06:23.859000" : {"coup": 5, "jeu": ["N", "N", "X", "X", "B", "B", "B", "N"], "histo": []},
"2022-09-20 10:00:13.216000" : {"coup": 3, "jeu": ["B", "B", "B", "N", "N", "N", "N"], "histo": []},
"2022-09-20 09:57:21.816000" : {"coup": 4, "jeu": ["B", "N", "B", "N", "X", "B", "N"], "histo": []},
"2022-09-20 10:10:26.756000" : {"coup": 4, "jeu": ["B", "B", "B", "N", "X", "N", "N"], "histo": []},
"2022-09-20 09:53:46.531000" : {"coup": 5, "jeu": ["B", "X", "N", "B", "B", "N", "N"], "histo": []},
"2022-09-20 10:21:46.798000" : {"coup": "Undo", "jeu": ["B", "B", "X", "N", "B", "N", "N"], "histo": []},
"2022-09-20 09:54:24.118000" : {"coup": 1, "jeu": ["B", "X", "B", "N", "B", "N", "N"], "histo": []},
"2022-09-20 09:47:48.257000" : {"coup": 2, "jeu": ["B", "N", "X", "B", "B", "N", "N"], "histo": []},
"2022-09-20 10:06:13.296000" : {"coup": 5, "jeu": ["B", "B", "N", "X", "N", "X", "B", "N"], "histo": []},
"2022-09-20 10:01:09.421000" : {"coup": "Undo", "jeu": ["B", "B", "B", "X", "N", "N", "N"], "histo": []},
"2022-09-20 09:53:35.444000" : {"coup": 3, "jeu": ["B", "B", "N", "X", "B", "N", "N"], "histo": []},
"2022-09-20 09:49:56.503000" : {"coup": 3, "jeu": ["X", "N", "B", "B", "N", "B", "N"], "histo": []},
"2022-09-20 10:21:45.364000" : {"coup": "Undo", "jeu": ["B", "B", "X", "N", "B", "N", "N"], "histo": []},
"2022-09-20 10:22:40.984000" : {"coup": "Undo", "jeu": ["B", "B", "B", "X", "N", "N", "N"], "histo": []},
"2022-09-20 09:53:14.420000" : {"coup": 5, "jeu": ["B", "N", "B", "N", "B", "X", "N"], "histo": []},
"2022-09-20 10:10:14.744000" : {"coup": 5, "jeu": ["B", "N", "B", "N", "B", "X", "N"], "histo": []},
"2022-09-20 09:58:42.493000" : {"coup": 1, "jeu": ["B", "N", "N", "X", "B", "B", "N"], "histo": []},
"2022-09-20 09:58:41.033000" : {"coup": 6, "jeu": ["B", "N", "N", "X", "B", "B", "N"], "histo": []},
"2022-09-20 09:52:35.051000" : {"coup": 5, "jeu": ["B", "B", "X", "N", "B", "N", "N"], "histo": []},
"2022-09-20 09:58:41.681000" : {"coup": 4, "jeu": ["B", "N", "N", "X", "B", "B", "N"], "histo": []},
"2022-09-20 10:04:09.240000" : {"coup": 4, "jeu": ["B", "B", "N", "N", "N", "X", "B"], "histo": []},
"2022-09-20 09:54:03.801000" : {"coup": "Reset", "jeu": ["B", "B", "B", "X", "N", "N", "N"], "histo": []},
"2022-09-20 09:48:31.793000" : {"coup": 4, "jeu": ["B", "B", "N", "N", "X", "B", "N"], "histo": []},
"2022-09-20 09:47:20.659000" : {"coup": "Undo", "jeu": ["B", "B", "B", "X", "N", "N", "N"], "histo": []},
"2022-09-20 09:51:44.847000" : {"coup": 3, "jeu": ["B", "B", "N", "X", "B", "N", "N"], "histo": []},
"2022-09-20 09:57:29.658000" : {"coup": 4, "jeu": ["B", "B", "B", "N", "X", "N", "N"], "histo": []},
"2022-09-20 09:58:49.544000" : {"coup": 5, "jeu": ["B", "N", "B", "N", "B", "X", "N"], "histo": []},
"2022-09-20 10:11:05.961000" : {"coup": 1, "jeu": ["B", "X", "B", "N", "B", "N", "N"], "histo": []},
"2022-09-20 09:56:07.577000" : {"coup": "Reset", "jeu": ["B", "B", "B", "X", "N", "N", "N"], "histo": []},
"2022-09-20 09:49:14.455000" : {"coup": 4, "jeu": ["B", "N", "B", "N", "X", "B", "N"], "histo": []},
"2022-09-20 10:11:44.979000" : {"coup": 5, "jeu": ["B", "N", "B", "N", "B", "X", "N"], "histo": []},
"2022-09-20 09:49:28.691000" : {"coup": 0, "jeu": ["X", "N", "B", "N", "B", "B", "N"], "histo": []},
"2022-09-20 10:24:55.607000" : {"coup": 2, "jeu": ["B", "B", "X", "B", "N", "N", "N"], "histo": []},
"2022-09-20 10:07:06.056000" : {"coup": "Reset", "jeu": ["B", "B", "B", "X", "N", "N", "N"], "histo": [], "prog": "def saute(i):\n    if jeu[i]==\"B\" and i<6 and jeu[i+1]==\"X\":\n        jeu[i], jeu[i+1] = \"X\", \"B\"\n    elif jeu[i]==\"B\" and i<5 and jeu[i+1]==\"N\" and jeu[i+2]==\"X\":\n        jeu[i], jeu[i+2] = \"X\", \"B\"\n    elif jeu[i]==\"N\" and i>0 and jeu[i-1]==\"X\":\n        jeu[i], jeu[i-1] = \"X\", \"N\"\n    elif jeu[i]==\"N\" and i>1 and jeu[i-1]==\"B\" and jeu[i-2]==\"X\":\n        jeu[i], jeu[i-2] = \"X\", \"N\"\ndef undo():\n    global jeu\n    jeu = [\"B\", \"B\", \"B\", \"X\", \"N\", \"N\", \"N\"]\n"},
"2022-09-20 10:27:30.818000" : {"coup": "Undo", "jeu": ["B", "X", "B", "N", "B", "N", "N"], "histo": []},
"2022-09-20 09:52:04.389000" : {"coup": 5, "jeu": ["B", "B", "X", "N", "B", "N", "N"], "histo": []},
"2022-09-20 10:24:54.571000" : {"coup": "Reset", "jeu": ["B", "B", "B", "X", "N", "N", "N"], "histo": []},
"2022-09-20 09:51:25.285000" : {"coup": 2, "jeu": ["B", "B", "X", "N", "B", "N", "N"], "histo": []},
"2022-09-20 09:51:58.429000" : {"coup": 5, "jeu": ["B", "X", "N", "B", "B", "N", "N"], "histo": []},
"2022-09-20 09:52:55.170000" : {"coup": 6, "jeu": ["N", "N", "B", "X", "B", "B", "N"], "histo": []},
"2022-09-20 10:23:12.601000" : {"coup": "Undo", "jeu": ["B", "B", "X", "N", "B", "N", "N"], "histo": []},
"2022-09-20 09:57:09.614000" : {"coup": 5, "jeu": ["B", "N", "X", "B", "B", "N", "N"], "histo": []},
"2022-09-20 09:57:31.913000" : {"coup": 3, "jeu": ["B", "N", "B", "X", "B", "N", "N"], "histo": []},
"2022-09-20 10:03:19.067000" : {"coup": "Reset", "jeu": ["B", "B", "B", "X", "N", "N", "N"], "histo": []},
"2022-09-20 10:23:06.033000" : {"coup": 4, "jeu": ["B", "B", "B", "N", "X", "N", "N"], "histo": [], "prog": "O = 0\n\ndef saute(i):\n    if jeu[i]==\"B\" and i<6 and jeu[i+1]==\"X\":\n        jeu[i], jeu[i+1] = \"X\", \"B\"\n        O = 1\n    elif jeu[i]==\"B\" and i<5 and jeu[i+1]==\"N\" and jeu[i+2]==\"X\":\n        jeu[i], jeu[i+2] = \"X\", \"B\"\n        O = 2\n    elif jeu[i]==\"N\" and i>0 and jeu[i-1]==\"X\":\n        jeu[i], jeu[i-1] = \"X\", \"N\"\n        O = 3\n    elif jeu[i]==\"N\" and i>1 and jeu[i-1]==\"B\" and jeu[i-2]==\"X\":\n        jeu[i], jeu[i-2] = \"X\", \"N\"\n        O = 4\ndef undo():\n    global jeu\n    if O == 1:\n        jeu[i], jeu[i+1] = \"B\", \"X\"\n    elif O == 2:\n        jeu[i], jeu[i+2] = \"B\", \"X\"\n    elif O == 3:\n        jeu[i], jeu[i-1] = \"N\", \"X\"\n    elif O == 4:\n        jeu[i], jeu[i-2] = \"N\", \"X\"\n"},
"2022-09-20 09:50:08.247000" : {"coup": 2, "jeu": ["B", "B", "X", "N", "B", "N", "N"], "histo": []},
"2022-09-20 09:50:04.160000" : {"coup": 2, "jeu": ["B", "N", "X", "B", "B", "N", "N"], "histo": []},
"2022-09-20 09:48:30.118000" : {"coup": 1, "jeu": ["B", "B", "N", "N", "B", "X", "N"], "histo": []},
"2022-09-20 10:03:17.573000" : {"coup": 5, "jeu": ["B", "B", "N", "N", "B", "X", "N"], "histo": []},
"2022-09-20 09:57:48.289000" : {"coup": 3, "jeu": ["B", "B", "N", "X", "N", "B", "N"], "histo": []},
"2022-09-20 09:58:52.447000" : {"coup": 0, "jeu": ["B", "N", "B", "N", "B", "X", "N"], "histo": []},
"2022-09-20 10:11:20.783000" : {"coup": 3, "jeu": ["N", "N", "B", "X", "B", "N", "B"], "histo": []},
"2022-09-20 09:53:25.477000" : {"coup": 2, "jeu": ["B", "B", "X", "N", "B", "N", "N"], "histo": []},
"2022-09-20 10:29:40.816000" : {"coup": 2, "jeu": ["B", "B", "X", "B", "N", "N", "N"], "histo": []},
"2022-09-20 09:57:11.873000" : {"coup": 2, "jeu": ["B", "B", "X", "N", "B", "N", "N"], "histo": []},
"2022-09-20 10:06:00.461000" : {"coup": 4, "jeu": ["B", "B", "B", "N", "X", "N", "X", "N"], "histo": []},
"2022-09-20 09:57:47.177000" : {"coup": 4, "jeu": ["B", "B", "N", "B", "X", "N", "N"], "histo": []},
"2022-09-20 09:50:08.966000" : {"coup": 5, "jeu": ["B", "B", "X", "N", "B", "N", "N"], "histo": []},
"2022-09-20 09:49:02.473000" : {"coup": 2, "jeu": ["B", "B", "X", "N", "B", "N", "N"], "histo": []},
"2022-09-20 09:49:10.870000" : {"coup": 3, "jeu": ["B", "N", "B", "X", "B", "N", "N"], "histo": []},
"2022-09-20 09:57:22.824000" : {"coup": 2, "jeu": ["B", "N", "X", "N", "B", "B", "N"], "histo": []},
"2022-09-20 09:59:16.971000" : {"coup": 5, "jeu": ["B", "N", "X", "B", "B", "N", "N"], "histo": []},
"2022-09-20 09:52:42.437000" : {"coup": 1, "jeu": ["B", "X", "B", "N", "B", "N", "N"], "histo": []},
"2022-09-20 09:50:07.550000" : {"coup": 4, "jeu": ["B", "B", "B", "N", "X", "N", "N"], "histo": []},
"2022-09-20 09:57:12.319000" : {"coup": 3, "jeu": ["B", "B", "N", "X", "B", "N", "N"], "histo": []},
"2022-09-20 09:48:48.369000" : {"coup": 4, "jeu": ["B", "B", "N", "B", "X", "N", "N"], "histo": []},
"2022-09-20 09:51:23.873000" : {"coup": 4, "jeu": ["B", "B", "B", "N", "X", "N", "N"], "histo": []},
"2022-09-20 10:21:47.141000" : {"coup": "Undo", "jeu": ["B", "B", "X", "N", "B", "N", "N"], "histo": []},
"2022-09-20 10:22:41.162000" : {"coup": "Undo", "jeu": ["B", "B", "B", "X", "N", "N", "N"], "histo": []},
"2022-09-20 09:52:38.862000" : {"coup": 2, "jeu": ["B", "B", "N", "N", "X", "B", "N"], "histo": []},
"2022-09-20 10:00:51.548000" : {"coup": "Reset", "jeu": ["B", "B", "B", "X", "N", "N", "N"], "histo": []},
"2022-09-20 10:24:52.580000" : {"coup": "Undo", "jeu": ["B", "X", "N", "B", "B", "N", "N"], "histo": [], "prog": "O = 0\n\ndef saute(i):\n    if jeu[i]==\"B\" and i<6 and jeu[i+1]==\"X\":\n        jeu[i], jeu[i+1] = \"X\", \"B\"\n        O = 1\n        print(O)\n    elif jeu[i]==\"B\" and i<5 and jeu[i+1]==\"N\" and jeu[i+2]==\"X\":\n        jeu[i], jeu[i+2] = \"X\", \"B\"\n        O = 2\n    elif jeu[i]==\"N\" and i>0 and jeu[i-1]==\"X\":\n        jeu[i], jeu[i-1] = \"X\", \"N\"\n        O = 3\n    elif jeu[i]==\"N\" and i>1 and jeu[i-1]==\"B\" and jeu[i-2]==\"X\":\n        jeu[i], jeu[i-2] = \"X\", \"N\"\n        O = 4\ndef undo():\n    global jeu\n    if O == 1:\n        jeu[i], jeu[i+1] = \"B\", \"X\"\n        print(O)\n    elif O == 2:\n        jeu[i], jeu[i+2] = \"B\", \"X\"\n    elif O == 3:\n        jeu[i], jeu[i-1] = \"N\", \"X\"\n    elif O == 4:\n        jeu[i], jeu[i-2] = \"N\", \"X\"\n"},
"2022-09-20 10:24:42.173000" : {"coup": 3, "jeu": ["B", "B", "N", "X", "B", "N", "N"], "histo": []},
"2022-09-20 09:50:10.893000" : {"coup": 5, "jeu": ["B", "B", "N", "N", "B", "X", "N"], "histo": []},
"2022-09-20 09:48:26.743000" : {"coup": 2, "jeu": ["B", "B", "X", "N", "B", "N", "N"], "histo": []},
"2022-09-20 10:24:31.035000" : {"coup": "Undo", "jeu": ["B", "B", "X", "B", "N", "N", "N"], "histo": []},
"2022-09-20 09:52:30.094000" : {"coup": 5, "jeu": ["B", "N", "X", "B", "B", "N", "N"], "histo": []},
"2022-09-20 10:05:24.989000" : {"coup": 6, "jeu": ["N", "N", "N", "X", "X", "B", "B", "B"], "histo": []},
"2022-09-20 10:22:37.898000" : {"coup": "Undo", "jeu": ["B", "B", "N", "X", "B", "N", "N"], "histo": []},
"2022-09-20 09:59:10.124000" : {"coup": 4, "jeu": ["B", "B", "B", "N", "X", "N", "N"], "histo": []},
"2022-09-20 10:05:24.375000" : {"coup": 2, "jeu": ["N", "N", "N", "X", "X", "B", "B", "B"], "histo": []},
"2022-09-20 09:57:49.216000" : {"coup": 6, "jeu": ["B", "B", "N", "X", "N", "B", "N"], "histo": []},
"2022-09-20 09:52:06.940000" : {"coup": 3, "jeu": ["B", "B", "N", "N", "X", "B", "N"], "histo": []},
"2022-09-20 09:52:59.316000" : {"coup": 1, "jeu": ["N", "N", "B", "X", "B", "B", "N"], "histo": []},
"2022-09-20 10:03:15.636000" : {"coup": 2, "jeu": ["B", "B", "X", "B", "N", "N", "N"], "histo": []},
"2022-09-20 10:06:14.981000" : {"coup": 3, "jeu": ["B", "X", "N", "X", "N", "B", "B", "N"], "histo": []},
"2022-09-20 09:47:12.322000" : {"coup": 2, "jeu": ["B", "B", "X", "N", "B", "N", "N"], "histo": []},
"2022-09-20 09:52:31.706000" : {"coup": "Reset", "jeu": ["B", "B", "B", "X", "N", "N", "N"], "histo": []},
"2022-09-20 09:53:56.373000" : {"coup": 4, "jeu": ["B", "B", "B", "N", "X", "N", "N"], "histo": []},
"2022-09-20 10:24:14.988000" : {"coup": "Reset", "jeu": ["B", "B", "B", "X", "N", "N", "N"], "histo": []},
"2022-09-20 10:11:01.482000" : {"coup": 3, "jeu": ["N", "N", "B", "X", "B", "B", "N"], "histo": []},
"2022-09-20 10:10:28.328000" : {"coup": 3, "jeu": ["B", "N", "B", "X", "B", "N", "N"], "histo": []},
"2022-09-20 09:48:33.418000" : {"coup": 5, "jeu": ["B", "B", "N", "N", "N", "X", "B"], "histo": []},
"2022-09-20 10:00:16.121000" : {"coup": 2, "jeu": ["B", "B", "N", "B", "N", "N", "N"], "histo": []},
"2022-09-20 10:24:43.368000" : {"coup": 1, "jeu": ["B", "X", "N", "B", "B", "N", "N"], "histo": []},
"2022-09-20 10:04:23.140000" : {"coup": 4, "jeu": ["B", "B", "N", "N", "X", "B", "N"], "histo": []},
"2022-09-20 10:21:46.955000" : {"coup": "Undo", "jeu": ["B", "B", "X", "N", "B", "N", "N"], "histo": []},
"2022-09-20 09:49:30.257000" : {"coup": 1, "jeu": ["N", "X", "B", "N", "B", "B", "N"], "histo": []},
"2022-09-20 10:02:36.064000" : {"coup": 0, "jeu": ["X", "B", "B", "N", "B", "N", "N"], "histo": []},
"2022-09-20 10:11:56.143000" : {"coup": 1, "jeu": ["B", "X", "B", "N", "B", "N", "N"], "histo": []},
"2022-09-20 10:04:49.437000" : {"coup": 4, "jeu": ["B", "B", "N", "N", "X", "B", "N"], "histo": []},
"2022-09-20 10:32:20.825000" : {"coup": 4, "jeu": ["B", "B", "B", "N", "X", "N", "N"], "histo": []},
"2022-09-20 09:59:30.631000" : {"coup": 2, "jeu": ["B", "B", "X", "N", "B", "N", "N"], "histo": []},
"2022-09-20 09:51:56.958000" : {"coup": 1, "jeu": ["B", "X", "N", "B", "B", "N", "N"], "histo": []},
"2022-09-20 09:47:33.756000" : {"coup": 5, "jeu": ["B", "B", "N", "N", "B", "X", "N"], "histo": []},
"2022-09-20 09:51:40.501000" : {"coup": 3, "jeu": ["B", "N", "N", "X", "B", "B", "N"], "histo": []},
"2022-09-20 09:49:54.936000" : {"coup": 5, "jeu": ["X", "N", "B", "B", "N", "B", "N"], "histo": []},
"2022-09-20 09:57:01.816000" : {"coup": 4, "jeu": ["B", "B", "B", "N", "X", "N", "N"], "histo": []},
"2022-09-20 10:23:12.732000" : {"coup": "Undo", "jeu": ["B", "B", "X", "N", "B", "N", "N"], "histo": []},
"2022-09-20 09:58:00.958000" : {"coup": "Reset", "jeu": ["B", "B", "B", "X", "N", "N", "N"], "histo": []},
"2022-09-20 09:53:11.223000" : {"coup": 2, "jeu": ["B", "B", "X", "N", "B", "N", "N"], "histo": []},
"2022-09-20 09:58:21.473000" : {"coup": 1, "jeu": ["B", "X", "B", "N", "B", "N", "N"], "histo": []},
"2022-09-20 10:12:09.136000" : {"coup": 4, "jeu": ["B", "B", "B", "N", "X", "N", "N"], "histo": []},
"2022-09-20 10:06:09.882000" : {"coup": 3, "jeu": ["B", "B", "N", "X", "B", "X", "N", "N"], "histo": []},
"2022-09-20 10:32:29.118000" : {"coup": "Undo", "jeu": ["B", "B", "X", "N", "B", "N", "N"], "histo": []},
"2022-09-20 09:53:12.523000" : {"coup": 1, "jeu": ["B", "X", "B", "N", "B", "N", "N"], "histo": []},
"2022-09-20 09:52:23.646000" : {"coup": 4, "jeu": ["B", "B", "B", "N", "X", "N", "N"], "histo": []},
"2022-09-20 10:06:03.065000" : {"coup": 4, "jeu": ["B", "B", "N", "N", "X", "B", "X", "N"], "histo": []},
"2022-09-20 09:48:34.546000" : {"coup": 3, "jeu": ["B", "B", "N", "N", "N", "X", "B"], "histo": []},
"2022-09-20 09:59:14.649000" : {"coup": 3, "jeu": ["B", "N", "B", "X", "B", "N", "N"], "histo": []},
"2022-09-20 10:27:26.794000" : {"coup": 4, "jeu": ["B", "B", "B", "N", "X", "N", "N"], "histo": []},
"2022-09-20 09:57:05.992000" : {"coup": 1, "jeu": ["B", "X", "B", "N", "B", "N", "N"], "histo": []},
"2022-09-20 10:21:48.518000" : {"coup": "Undo", "jeu": ["B", "B", "X", "N", "B", "N", "N"], "histo": []},
"2022-09-20 09:49:21.919000" : {"coup": 1, "jeu": ["B", "N", "B", "N", "X", "B", "N"], "histo": []},
"2022-09-20 09:52:54.461000" : {"coup": 4, "jeu": ["N", "N", "B", "X", "B", "B", "N"], "histo": []},
"2022-09-20 09:50:03.622000" : {"coup": 1, "jeu": ["B", "X", "N", "B", "B", "N", "N"], "histo": []},
"2022-09-20 10:12:18.217000" : {"coup": 3, "jeu": ["N", "N", "B", "X", "B", "N", "B"], "histo": []},
"2022-09-20 10:00:12.847000" : {"coup": 2, "jeu": ["B", "B", "B", "N", "N", "N", "N"], "histo": []},
"2022-09-20 09:49:58.304000" : {"coup": 4, "jeu": ["N", "X", "B", "B", "N", "B", "N"], "histo": []},
"2022-09-20 10:24:44.391000" : {"coup": "Undo", "jeu": ["B", "X", "N", "B", "B", "N", "N"], "histo": []},
"2022-09-20 10:04:31.916000" : {"coup": 2, "jeu": ["B", "B", "X", "N", "B", "N", "N"], "histo": []},
"2022-09-20 10:04:04.128000" : {"coup": 4, "jeu": ["B", "B", "N", "B", "X", "N", "N"], "histo": []},
"2022-09-20 10:03:13.846000" : {"coup": 3, "jeu": ["B", "X", "B", "B", "N", "N", "N"], "histo": []},
"2022-09-20 10:04:11.523000" : {"coup": 4, "jeu": ["B", "B", "B", "N", "X", "N", "N"], "histo": []},
"2022-09-20 10:10:00.538000" : {"coup": 1, "jeu": ["B", "X", "B", "N", "B", "N", "N"], "histo": []},
"2022-09-20 09:49:56.087000" : {"coup": 4, "jeu": ["X", "N", "B", "B", "N", "B", "N"], "histo": []},
"2022-09-20 09:53:41.700000" : {"coup": 4, "jeu": ["B", "B", "B", "N", "X", "N", "N"], "histo": []},
"2022-09-20 10:11:19.511000" : {"coup": 0, "jeu": ["X", "N", "B", "N", "B", "N", "B"], "histo": []},
"2022-09-20 10:24:44.558000" : {"coup": "Undo", "jeu": ["B", "X", "N", "B", "B", "N", "N"], "histo": []},
"2022-09-20 10:04:03.559000" : {"coup": 2, "jeu": ["B", "B", "X", "B", "N", "N", "N"], "histo": []},
"2022-09-20 10:25:03.190000" : {"coup": 4, "jeu": ["B", "B", "N", "B", "X", "N", "N"], "histo": []},
"2022-09-20 09:49:31.343000" : {"coup": 3, "jeu": ["N", "N", "B", "X", "B", "B", "N"], "histo": []},
"2022-09-20 09:49:59.951000" : {"coup": 4, "jeu": ["B", "B", "B", "N", "X", "N", "N"], "histo": []},
"2022-09-20 10:11:43" : {"coup": 1, "jeu": ["B", "X", "B", "N", "B", "N", "N"], "histo": []},
"2022-09-20 10:25:05.057000" : {"coup": 1, "jeu": ["B", "X", "N", "B", "B", "N", "N"], "histo": []},
"2022-09-20 09:52:35.715000" : {"coup": 3, "jeu": ["B", "B", "N", "X", "B", "N", "N"], "histo": []},
"2022-09-20 09:58:16.380000" : {"coup": 6, "jeu": ["B", "B", "B", "N", "N", "N", "X"], "histo": []},
"2022-09-20 10:10:01.124000" : {"coup": 3, "jeu": ["B", "N", "B", "X", "B", "N", "N"], "histo": []},
"2022-09-20 09:54:33.323000" : {"coup": 1, "jeu": ["B", "N", "B", "N", "X", "B", "N"], "histo": []},
"2022-09-20 10:04:02.272000" : {"coup": 2, "jeu": ["B", "B", "X", "B", "N", "N", "N"], "histo": [], "prog": "def saute(i):\n    if jeu[i]==\"B\" and i<6 and jeu[i+1]==\"X\":\n        jeu[i], jeu[i+1] = \"X\", \"B\"\n        historique = jeu\n        \n    elif jeu[i]==\"B\" and i<5 and jeu[i+1]==\"N\" and jeu[i+2]==\"X\":\n        jeu[i], jeu[i+2] = \"X\", \"B\"\n        historique = jeu\n       \n    elif jeu[i]==\"N\" and i>0 and jeu[i-1]==\"X\":\n        jeu[i], jeu[i-1] = \"X\", \"N\"\n    elif jeu[i]==\"N\" and i>1 and jeu[i-1]==\"B\" and jeu[i-2]==\"X\":\n        jeu[i], jeu[i-2] = \"X\", \"N\"\ndef undo():\n    global jeu\n    jeu = historique\n"},
"2022-09-20 09:54:17.915000" : {"coup": 3, "jeu": ["B", "N", "B", "X", "B", "N", "N"], "histo": []},
"2022-09-20 09:48:16.087000" : {"coup": 5, "jeu": ["B", "X", "N", "B", "B", "N", "N"], "histo": []},
"2022-09-20 10:06:22.875000" : {"coup": 6, "jeu": ["N", "N", "X", "X", "B", "B", "B", "N"], "histo": []},
"2022-09-20 09:53:31.532000" : {"coup": "Reset", "jeu": ["B", "B", "B", "X", "N", "N", "N"], "histo": []},
"2022-09-20 10:00:10.631000" : {"coup": 4, "jeu": ["B", "B", "B", "N", "N", "N", "N"], "histo": [], "prog": "def saute(i):\n    if jeu[i]==\"B\" and i<6 and jeu[i+1]==\"X\":\n        jeu[i], jeu[i+1] = \"N\", \"B\"\n    elif jeu[i]==\"B\" and i<5 and jeu[i+1]==\"N\" and jeu[i+2]==\"X\":\n        jeu[i], jeu[i+2] = \"N\", \"B\"\n    elif jeu[i]==\"N\" and i>0 and jeu[i-1]==\"X\":\n        jeu[i], jeu[i-1] = \"N\", \"N\"\n    elif jeu[i]==\"N\" and i>1 and jeu[i-1]==\"B\" and jeu[i-2]==\"X\":\n        jeu[i], jeu[i-2] = \"N\", \"N\"\ndef undo():\n    global jeu\n    jeu = [\"B\", \"B\", \"B\", \"X\", \"N\", \"N\", \"N\"]\n"},
"2022-09-20 09:58:45.576000" : {"coup": 1, "jeu": ["B", "X", "B", "N", "B", "N", "N"], "histo": []},
"2022-09-20 10:05:42.942000" : {"coup": "Load", "jeu": ["B", "B", "B", "X", "N", "N", "N"], "histo": []},
"2022-09-20 10:21:47.479000" : {"coup": "Undo", "jeu": ["B", "B", "X", "N", "B", "N", "N"], "histo": []},
"2022-09-20 10:00:45.319000" : {"coup": "Undo", "jeu": ["N", "N", "N", "X", "B", "B", "B"], "histo": [], "prog": "def saute(i):\n    if jeu[i]==\"B\" and i<6 and jeu[i+1]==\"X\":\n        jeu[i], jeu[i+1] = \"X\", \"B\"\n    elif jeu[i]==\"B\" and i<5 and jeu[i+1]==\"N\" and jeu[i+2]==\"X\":\n        jeu[i], jeu[i+2] = \"X\", \"B\"\n    elif jeu[i]==\"N\" and i>0 and jeu[i-1]==\"X\":\n        jeu[i], jeu[i-1] = \"X\", \"N\"\n    elif jeu[i]==\"N\" and i>1 and jeu[i-1]==\"B\" and jeu[i-2]==\"X\":\n        jeu[i], jeu[i-2] = \"X\", \"N\"\ndef undo():\n    global jeu\n    jeu = [\"N\", \"N\", \"N\", \"X\", \"B\", \"B\", \"B\"]\n"},
"2022-09-20 10:00:52.542000" : {"coup": "Undo", "jeu": ["N", "N", "N", "X", "B", "B", "B"], "histo": []},
"2022-09-20 10:00:18.303000" : {"coup": 3, "jeu": ["B", "B", "N", "B", "N", "N", "N"], "histo": []},
"2022-09-20 09:53:18.821000" : {"coup": 0, "jeu": ["B", "N", "B", "N", "B", "X", "N"], "histo": []},
"2022-09-20 10:22:36.297000" : {"coup": 3, "jeu": ["B", "B", "N", "X", "B", "N", "N"], "histo": []},
"2022-09-20 10:32:29.245000" : {"coup": "Undo", "jeu": ["B", "B", "X", "N", "B", "N", "N"], "histo": []},
"2022-09-20 09:54:12.130000" : {"coup": 4, "jeu": ["B", "B", "B", "N", "X", "N", "N"], "histo": []},
"2022-09-20 10:04:34.532000" : {"coup": 3, "jeu": ["B", "B", "N", "X", "B", "N", "N"], "histo": []},
"2022-09-20 10:11:57.920000" : {"coup": 5, "jeu": ["B", "N", "B", "N", "B", "X", "N"], "histo": []},
"2022-09-20 09:52:51.972000" : {"coup": 1, "jeu": ["N", "X", "B", "N", "B", "B", "N"], "histo": []},
"2022-09-20 09:57:26.724000" : {"coup": 5, "jeu": ["B", "N", "N", "X", "B", "B", "N"], "histo": []},
"2022-09-20 09:47:32.021000" : {"coup": 3, "jeu": ["B", "B", "N", "X", "B", "N", "N"], "histo": []},
"2022-09-20 10:23:11.148000" : {"coup": 2, "jeu": ["B", "B", "X", "N", "B", "N", "N"], "histo": []},
"2022-09-20 10:32:24.503000" : {"coup": "Undo", "jeu": ["B", "B", "X", "N", "B", "N", "N"], "histo": []},
"2022-09-20 10:01:10.773000" : {"coup": "Undo", "jeu": ["B", "B", "B", "X", "N", "N", "N"], "histo": []},
"2022-09-20 09:49:48.593000" : {"coup": 3, "jeu": ["B", "B", "N", "X", "N", "B", "N"], "histo": []},
"2022-09-20 09:52:28.491000" : {"coup": 1, "jeu": ["B", "X", "N", "B", "B", "N", "N"], "histo": []},
"2022-09-20 09:58:04.499000" : {"coup": 4, "jeu": ["B", "B", "B", "N", "X", "N", "N"], "histo": []},
"2022-09-20 09:53:47.917000" : {"coup": 4, "jeu": ["B", "N", "X", "B", "B", "N", "N"], "histo": []},
"2022-09-20 09:53:25.021000" : {"coup": 4, "jeu": ["B", "B", "B", "N", "X", "N", "N"], "histo": []},
"2022-09-20 09:57:38.013000" : {"coup": 4, "jeu": ["B", "N", "B", "N", "X", "B", "N"], "histo": []},
"2022-09-20 09:59:15.520000" : {"coup": 0, "jeu": ["B", "N", "B", "X", "B", "N", "N"], "histo": []},
"2022-09-20 10:22:40.118000" : {"coup": "Undo", "jeu": ["B", "B", "B", "X", "N", "N", "N"], "histo": []},
"2022-09-20 09:53:26.555000" : {"coup": 3, "jeu": ["B", "B", "N", "X", "B", "N", "N"], "histo": []},
"2022-09-20 10:06:00.932000" : {"coup": 2, "jeu": ["B", "B", "X", "N", "B", "N", "X", "N"], "histo": []},
"2022-09-20 10:00:58.309000" : {"coup": "Undo", "jeu": ["N", "N", "N", "X", "B", "B", "B"], "histo": []},
"2022-09-20 10:05:59.046000" : {"coup": 6, "jeu": ["B", "B", "B", "X", "N", "N", "X", "N"], "histo": []},
"2022-09-20 09:54:05.579000" : {"coup": 2, "jeu": ["B", "B", "X", "N", "B", "N", "N"], "histo": []},
"2022-09-20 09:53:01.810000" : {"coup": "Reset", "jeu": ["B", "B", "B", "X", "N", "N", "N"], "histo": []},
"2022-09-20 10:25:04.110000" : {"coup": 3, "jeu": ["B", "B", "N", "X", "B", "N", "N"], "histo": []},
"2022-09-20 09:57:46.426000" : {"coup": 2, "jeu": ["B", "B", "X", "B", "N", "N", "N"], "histo": []},
"2022-09-20 10:12:02.297000" : {"coup": 4, "jeu": ["B", "N", "B", "N", "X", "B", "N"], "histo": []},
"2022-09-20 10:02:33.400000" : {"coup": 2, "jeu": ["B", "B", "X", "N", "B", "N", "N"], "histo": []},
"2022-09-20 09:52:06.549000" : {"coup": 4, "jeu": ["B", "B", "N", "N", "X", "B", "N"], "histo": []},
"2022-09-20 10:04:04.887000" : {"coup": 3, "jeu": ["B", "B", "N", "X", "B", "N", "N"], "histo": []},
"2022-09-20 10:02:37.500000" : {"coup": 4, "jeu": ["X", "B", "B", "N", "B", "N", "N"], "histo": []},
"2022-09-20 09:57:53.489000" : {"coup": 2, "jeu": ["B", "N", "X", "B", "N", "B", "N"], "histo": []},
"2022-09-20 09:52:08.202000" : {"coup": "Reset", "jeu": ["B", "B", "B", "X", "N", "N", "N"], "histo": []},
"2022-09-20 09:57:28.663000" : {"coup": "Reset", "jeu": ["B", "B", "B", "X", "N", "N", "N"], "histo": []},
"2022-09-20 09:58:14.713000" : {"coup": 5, "jeu": ["B", "B", "B", "X", "N", "N", "N"], "histo": []},
"2022-09-20 10:04:08.622000" : {"coup": 5, "jeu": ["B", "B", "N", "N", "N", "X", "B"], "histo": []},
"2022-09-20 10:12:17.286000" : {"coup": 0, "jeu": ["X", "N", "B", "N", "B", "N", "B"], "histo": []},
"2022-09-20 10:27:25.318000" : {"coup": "Undo", "jeu": ["B", "B", "B", "X", "N", "N", "N"], "histo": [], "prog": "O = 0\n\ndef saute(i):\n    if jeu[i]==\"B\" and i<6 and jeu[i+1]==\"X\":\n        jeu[i], jeu[i+1] = \"X\", \"B\"\n        O = 1\n    elif jeu[i]==\"B\" and i<5 and jeu[i+1]==\"N\" and jeu[i+2]==\"X\":\n        jeu[i], jeu[i+2] = \"X\", \"B\"\n        O = 2\n    elif jeu[i]==\"N\" and i>0 and jeu[i-1]==\"X\":\n        jeu[i], jeu[i-1] = \"X\", \"N\"\n        O = 3\n    elif jeu[i]==\"N\" and i>1 and jeu[i-1]==\"B\" and jeu[i-2]==\"X\":\n        jeu[i], jeu[i-2] = \"X\", \"N\"\n        O = 4\n\ndef test_O():\n    if O == 1:\n        jeu[i], jeu[i+1] = \"B\", \"X\"\n        print(O)\n    elif O == 2:\n        jeu[i], jeu[i+2] = \"B\", \"X\"\n    elif O == 3:\n        jeu[i], jeu[i-1] = \"N\", \"X\"\n    elif O == 4:\n        jeu[i], jeu[i-2] = \"N\", \"X\"\n\ndef undo():\n    global jeu\n    test_O()\n"},
"2022-09-20 09:52:05.653000" : {"coup": 5, "jeu": ["B", "B", "N", "N", "B", "X", "N"], "histo": []},
"2022-09-20 09:53:02.772000" : {"coup": 4, "jeu": ["B", "B", "B", "N", "X", "N", "N"], "histo": []},
"2022-09-20 09:48:34.201000" : {"coup": 4, "jeu": ["B", "B", "N", "N", "N", "X", "B"], "histo": []},
"2022-09-20 10:24:44.907000" : {"coup": "Undo", "jeu": ["B", "X", "N", "B", "B", "N", "N"], "histo": []},
"2022-09-20 09:52:25.863000" : {"coup": 3, "jeu": ["B", "B", "N", "X", "B", "N", "N"], "histo": []},
"2022-09-20 09:52:43.065000" : {"coup": 3, "jeu": ["B", "N", "B", "X", "B", "N", "N"], "histo": []},
"2022-09-20 10:12:14.518000" : {"coup": 2, "jeu": ["B", "N", "X", "N", "B", "N", "B"], "histo": []},
"2022-09-20 09:52:01.280000" : {"coup": 2, "jeu": ["B", "B", "B", "N", "N", "X", "N"], "histo": []},
"2022-09-20 09:53:53.803000" : {"coup": 4, "jeu": ["B", "B", "N", "N", "X", "B", "N"], "histo": []},
"2022-09-20 10:29:38.817000" : {"coup": "Reset", "jeu": ["B", "B", "B", "X", "N", "N", "N"], "histo": []},
"2022-09-20 10:01:11.290000" : {"coup": "Undo", "jeu": ["B", "B", "B", "X", "N", "N", "N"], "histo": []},
"2022-09-20 10:10:17.318000" : {"coup": 2, "jeu": ["B", "N", "X", "N", "B", "B", "N"], "histo": []},
"2022-09-20 10:04:12.857000" : {"coup": 1, "jeu": ["B", "X", "B", "N", "B", "N", "N"], "histo": []},
"2022-09-20 10:24:43.883000" : {"coup": "Undo", "jeu": ["B", "X", "N", "B", "B", "N", "N"], "histo": []},
"2022-09-20 09:57:30.466000" : {"coup": 2, "jeu": ["B", "B", "X", "N", "B", "N", "N"], "histo": []},
"2022-09-20 10:22:38.774000" : {"coup": "Reset", "jeu": ["B", "B", "B", "X", "N", "N", "N"], "histo": []},
"2022-09-20 09:53:27.908000" : {"coup": 1, "jeu": ["B", "X", "N", "B", "B", "N", "N"], "histo": []},
"2022-09-20 10:10:44.695000" : {"coup": 4, "jeu": ["B", "N", "B", "N", "X", "B", "N"], "histo": []},
"2022-09-20 10:06:08.214000" : {"coup": 5, "jeu": ["B", "B", "X", "N", "B", "X", "N", "N"], "histo": []},
"2022-09-20 09:47:30.997000" : {"coup": 2, "jeu": ["B", "B", "X", "N", "B", "N", "N"], "histo": []},
"2022-09-20 10:10:27.897000" : {"coup": 1, "jeu": ["B", "X", "B", "N", "B", "N", "N"], "histo": []},
"2022-09-20 10:06:14.228000" : {"coup": 1, "jeu": ["B", "X", "N", "B", "N", "X", "B", "N"], "histo": []},
"2022-09-20 10:00:53.796000" : {"coup": "Undo", "jeu": ["N", "N", "N", "X", "B", "B", "B"], "histo": []},
"2022-09-20 09:51:43.410000" : {"coup": 4, "jeu": ["B", "B", "B", "N", "X", "N", "N"], "histo": []},
"2022-09-20 09:57:59.896000" : {"coup": 6, "jeu": ["B", "N", "X", "B", "N", "B", "N"], "histo": []},
"2022-09-20 10:11:14.888000" : {"coup": 6, "jeu": ["B", "N", "B", "N", "B", "N", "X"], "histo": []},
"2022-09-20 10:06:24.548000" : {"coup": 4, "jeu": ["N", "N", "X", "X", "B", "B", "B", "N"], "histo": []},
"2022-09-20 09:51:21.283000" : {"coup": "Reset", "jeu": ["B", "B", "B", "X", "N", "N", "N"], "histo": []},
"2022-09-20 10:23:08.568000" : {"coup": "Undo", "jeu": ["B", "B", "B", "N", "X", "N", "N"], "histo": []},
"2022-09-20 10:23:12.917000" : {"coup": "Undo", "jeu": ["B", "B", "X", "N", "B", "N", "N"], "histo": []},
"2022-09-20 09:49:37.184000" : {"coup": 4, "jeu": ["B", "B", "N", "B", "X", "N", "N"], "histo": []},
"2022-09-20 10:32:24.995000" : {"coup": "Undo", "jeu": ["B", "B", "X", "N", "B", "N", "N"], "histo": []},
"2022-09-20 10:24:28.413000" : {"coup": 2, "jeu": ["B", "B", "X", "B", "N", "N", "N"], "histo": []},
"2022-09-20 10:21:40.683000" : {"coup": 4, "jeu": ["B", "B", "B", "N", "X", "N", "N"], "histo": []},
"2022-09-20 10:05:28.111000" : {"coup": "Undo", "jeu": ["N", "N", "N", "X", "X", "B", "B", "B"], "histo": []},
"2022-09-20 10:01:11.140000" : {"coup": "Undo", "jeu": ["B", "B", "B", "X", "N", "N", "N"], "histo": []},
"2022-09-20 10:21:39.136000" : {"coup": 4, "jeu": ["B", "B", "B", "N", "X", "N", "N"], "histo": [], "prog": "O = 0\n\ndef saute(i):\n    if jeu[i]==\"B\" and i<6 and jeu[i+1]==\"X\":\n        jeu[i], jeu[i+1] = \"X\", \"B\"\n        O = 1\n    elif jeu[i]==\"B\" and i<5 and jeu[i+1]==\"N\" and jeu[i+2]==\"X\":\n        jeu[i], jeu[i+2] = \"X\", \"B\"\n        O = 2\n    elif jeu[i]==\"N\" and i>0 and jeu[i-1]==\"X\":\n        jeu[i], jeu[i-1] = \"X\", \"N\"\n        O = 3\n    elif jeu[i]==\"N\" and i>1 and jeu[i-1]==\"B\" and jeu[i-2]==\"X\":\n        jeu[i], jeu[i-2] = \"X\", \"N\"\n        O = 4\ndef undo():\n    global jeu\n    if O == 1:\n        jeu[i], jeu[i+1] = \"B\", \"X\"\n    elif O == 2:\n        jeu[i], jeu[i+2] = \"B\", \"X\"\n    elif O == 1:\n        jeu[i], jeu[i-1] = \"N\", \"X\"\n    elif O == 2:\n        jeu[i], jeu[i-2] = \"N\", \"X\"\n"},
"2022-09-20 10:04:19.810000" : {"coup": "Reset", "jeu": ["B", "B", "B", "X", "N", "N", "N"], "histo": []},
"2022-09-20 09:47:49.631000" : {"coup": 5, "jeu": ["B", "N", "X", "B", "B", "N", "N"], "histo": []},
"2022-09-20 10:32:29.540000" : {"coup": "Undo", "jeu": ["B", "B", "X", "N", "B", "N", "N"], "histo": []},
"2022-09-20 10:24:58.511000" : {"coup": 4, "jeu": ["B", "X", "B", "B", "N", "N", "N"], "histo": []},
"2022-09-20 09:47:13.171000" : {"coup": 3, "jeu": ["B", "B", "N", "X", "B", "N", "N"], "histo": []},
"2022-09-20 10:24:58.924000" : {"coup": 5, "jeu": ["B", "X", "B", "B", "N", "N", "N"], "histo": []},
"2022-09-20 10:27:29.731000" : {"coup": 1, "jeu": ["B", "X", "B", "N", "B", "N", "N"], "histo": []},
"2022-09-20 10:23:12.298000" : {"coup": "Undo", "jeu": ["B", "B", "X", "N", "B", "N", "N"], "histo": []},
"2022-09-20 09:58:26.682000" : {"coup": 5, "jeu": ["B", "N", "B", "N", "B", "X", "N"], "histo": []},
"2022-09-20 09:57:23.676000" : {"coup": 6, "jeu": ["B", "N", "X", "N", "B", "B", "N"], "histo": []},
"2022-09-20 09:59:08.258000" : {"coup": 6, "jeu": ["B", "N", "N", "X", "B", "B", "N"], "histo": []},
"2022-09-20 09:49:07.840000" : {"coup": 5, "jeu": ["B", "B", "X", "N", "B", "N", "N"], "histo": []},
"2022-09-20 10:11:56.547000" : {"coup": 3, "jeu": ["B", "N", "B", "X", "B", "N", "N"], "histo": []},
"2022-09-20 10:11:54.577000" : {"coup": 2, "jeu": ["B", "B", "X", "N", "B", "N", "N"], "histo": []},
"2022-09-20 09:54:17.429000" : {"coup": 1, "jeu": ["B", "X", "B", "N", "B", "N", "N"], "histo": []},
"2022-09-20 09:58:28.512000" : {"coup": 4, "jeu": ["B", "N", "B", "N", "X", "B", "N"], "histo": []},
"2022-09-20 09:57:31.450000" : {"coup": 1, "jeu": ["B", "X", "B", "N", "B", "N", "N"], "histo": []},
"2022-09-20 10:00:13.538000" : {"coup": 5, "jeu": ["B", "B", "B", "N", "N", "N", "N"], "histo": []},
"2022-09-20 10:29:39.529000" : {"coup": "Reset", "jeu": ["B", "B", "B", "X", "N", "N", "N"], "histo": []},
"2022-09-20 10:27:28.957000" : {"coup": "Undo", "jeu": ["B", "B", "X", "N", "B", "N", "N"], "histo": []},
"2022-09-20 09:50:55.624000" : {"coup": 3, "jeu": ["B", "N", "B", "X", "B", "N", "N"], "histo": []},
"2022-09-20 10:11:15.520000" : {"coup": 4, "jeu": ["B", "N", "B", "N", "X", "N", "B"], "histo": []},
"2022-09-20 09:50:00.622000" : {"coup": 2, "jeu": ["B", "B", "X", "N", "B", "N", "N"], "histo": []},
"2022-09-20 10:11:28.847000" : {"coup": "Reset", "jeu": ["B", "B", "B", "X", "N", "N", "N"], "histo": []},
"2022-09-20 10:32:28.934000" : {"coup": "Undo", "jeu": ["B", "B", "X", "N", "B", "N", "N"], "histo": []},
"2022-09-20 09:54:04.825000" : {"coup": 4, "jeu": ["B", "B", "B", "N", "X", "N", "N"], "histo": []},
"2022-09-20 09:54:22.031000" : {"coup": 2, "jeu": ["B", "B", "X", "N", "B", "N", "N"], "histo": []},
"2022-09-20 09:52:29.140000" : {"coup": 2, "jeu": ["B", "N", "X", "B", "B", "N", "N"], "histo": []},
"2022-09-20 10:25:06.363000" : {"coup": "Reset", "jeu": ["B", "B", "B", "X", "N", "N", "N"], "histo": []},
"2022-09-20 10:23:10.460000" : {"coup": "Undo", "jeu": ["B", "B", "B", "N", "X", "N", "N"], "histo": []},
"2022-09-20 10:06:04.827000" : {"coup": "Undo", "jeu": ["B", "B", "B", "X", "X", "N", "N", "N"], "histo": []},
"2022-09-20 09:53:39.619000" : {"coup": 1, "jeu": ["B", "B", "N", "N", "X", "B", "N"], "histo": []},
"2022-09-20 10:05:54.738000" : {"coup": "Undo", "jeu": ["B", "B", "B", "X", "X", "N", "N", "N"], "histo": [], "prog": "def saute(i):\n    if jeu[i]==\"B\" and i<6 and jeu[i+1]==\"X\":\n        jeu[i], jeu[i+1] = \"X\", \"B\"\n    elif jeu[i]==\"B\" and i<5 and jeu[i+1]==\"N\" and jeu[i+2]==\"X\":\n        jeu[i], jeu[i+2] = \"X\", \"B\"\n    elif jeu[i]==\"N\" and i>0 and jeu[i-1]==\"X\":\n        jeu[i], jeu[i-1] = \"X\", \"N\"\n    elif jeu[i]==\"N\" and i>1 and jeu[i-1]==\"B\" and jeu[i-2]==\"X\":\n        jeu[i], jeu[i-2] = \"X\", \"N\"\ndef undo():\n    global jeu\n    jeu = [\"B\", \"B\", \"B\", \"X\", \"X\", \"N\", \"N\", \"N\"]\n"},
"2022-09-20 09:53:38.195000" : {"coup": 4, "jeu": ["B", "B", "N", "N", "X", "B", "N"], "histo": []},
"2022-09-20 09:54:18.785000" : {"coup": 2, "jeu": ["B", "N", "X", "B", "B", "N", "N"], "histo": []},
"2022-09-20 09:52:00.424000" : {"coup": 5, "jeu": ["B", "B", "B", "N", "N", "X", "N"], "histo": []},
"2022-09-20 09:50:12.534000" : {"coup": 4, "jeu": ["B", "B", "N", "N", "X", "B", "N"], "histo": []},
"2022-09-20 10:12:22.213000" : {"coup": "Reset", "jeu": ["B", "B", "B", "X", "N", "N", "N"], "histo": []},
"2022-09-20 09:52:37.756000" : {"coup": 5, "jeu": ["B", "B", "N", "N", "B", "X", "N"], "histo": []},
"2022-09-20 10:12:10.665000" : {"coup": 1, "jeu": ["B", "X", "B", "N", "B", "N", "N"], "histo": []},
"2022-09-20 09:48:23.688000" : {"coup": 4, "jeu": ["B", "B", "B", "N", "X", "N", "N"], "histo": []},
"2022-09-20 09:59:05.941000" : {"coup": 3, "jeu": ["B", "N", "N", "X", "B", "B", "N"], "histo": []},
"2022-09-20 09:59:17.743000" : {"coup": 4, "jeu": ["B", "N", "X", "B", "B", "N", "N"], "histo": []},
"2022-09-20 10:24:36.371000" : {"coup": "Reset", "jeu": ["B", "B", "B", "X", "N", "N", "N"], "histo": []},
"2022-09-20 10:00:19.374000" : {"coup": 1, "jeu": ["B", "B", "N", "B", "N", "N", "N"], "histo": []},
"2022-09-20 10:11:04.869000" : {"coup": 4, "jeu": ["B", "B", "B", "N", "X", "N", "N"], "histo": []},
"2022-09-20 09:59:19.821000" : {"coup": "Reset", "jeu": ["B", "B", "B", "X", "N", "N", "N"], "histo": []},
"2022-09-20 09:52:52.734000" : {"coup": 3, "jeu": ["N", "N", "B", "X", "B", "B", "N"], "histo": []},
"2022-09-20 09:53:42.691000" : {"coup": 3, "jeu": ["B", "B", "N", "X", "B", "N", "N"], "histo": []},
"2022-09-20 09:48:36.053000" : {"coup": "Reset", "jeu": ["B", "B", "B", "X", "N", "N", "N"], "histo": []},
"2022-09-20 10:03:16.306000" : {"coup": 4, "jeu": ["B", "B", "N", "B", "X", "N", "N"], "histo": []},
"2022-09-20 09:54:09.144000" : {"coup": 5, "jeu": ["B", "B", "N", "N", "B", "X", "N"], "histo": []},
"2022-09-20 09:58:15.942000" : {"coup": 5, "jeu": ["B", "B", "B", "N", "N", "X", "N"], "histo": []},
"2022-09-20 09:47:22.671000" : {"coup": "Reset", "jeu": ["B", "B", "B", "X", "N", "N", "N"], "histo": []},
"2022-09-20 09:49:13.391000" : {"coup": 5, "jeu": ["B", "N", "B", "N", "B", "X", "N"], "histo": []},
"2022-09-20 10:24:45.069000" : {"coup": "Undo", "jeu": ["B", "X", "N", "B", "B", "N", "N"], "histo": []},
"2022-09-20 10:22:40.650000" : {"coup": "Undo", "jeu": ["B", "B", "B", "X", "N", "N", "N"], "histo": []},
"2022-09-20 09:58:10.577000" : {"coup": 0, "jeu": ["X", "B", "B", "N", "B", "N", "N"], "histo": []},
"2022-09-20 09:57:15.713000" : {"coup": 1, "jeu": ["B", "X", "B", "N", "B", "N", "N"], "histo": []},
"2022-09-20 10:04:10" : {"coup": 2, "jeu": ["B", "B", "N", "N", "N", "X", "B"], "histo": []},
"2022-09-20 10:06:02.605000" : {"coup": 5, "jeu": ["B", "B", "N", "N", "B", "X", "X", "N"], "histo": []},
"2022-09-20 09:58:46.800000" : {"coup": 3, "jeu": ["B", "N", "B", "X", "B", "N", "N"], "histo": []},
"2022-09-20 10:24:45.427000" : {"coup": "Undo", "jeu": ["B", "X", "N", "B", "B", "N", "N"], "histo": []},
"2022-09-20 10:04:06.098000" : {"coup": 4, "jeu": ["B", "B", "N", "N", "X", "B", "N"], "histo": []},
"2022-09-20 10:06:22.074000" : {"coup": 3, "jeu": ["N", "N", "X", "X", "B", "B", "B", "N"], "histo": []},
"2022-09-20 10:32:25.857000" : {"coup": "Undo", "jeu": ["B", "B", "X", "N", "B", "N", "N"], "histo": []},
"2022-09-20 09:54:25.016000" : {"coup": 3, "jeu": ["B", "N", "B", "X", "B", "N", "N"], "histo": []},
"2022-09-20 09:58:08.779000" : {"coup": 1, "jeu": ["B", "X", "B", "N", "B", "N", "N"], "histo": []},
"2022-09-20 10:32:19.814000" : {"coup": "Undo", "jeu": ["B", "B", "B", "X", "N", "N", "N"], "histo": []},
"2022-09-20 10:21:44.500000" : {"coup": 2, "jeu": ["B", "B", "X", "N", "B", "N", "N"], "histo": []},
"2022-09-20 09:57:42.895000" : {"coup": "Reset", "jeu": ["B", "B", "B", "X", "N", "N", "N"], "histo": []},
"2022-09-20 10:24:17.489000" : {"coup": "Undo", "jeu": ["B", "B", "B", "X", "N", "N", "N"], "histo": []},
"2022-09-20 09:52:25.239000" : {"coup": 2, "jeu": ["B", "B", "X", "N", "B", "N", "N"], "histo": []},
"2022-09-20 10:10:55.024000" : {"coup": 2, "jeu": ["B", "N", "X", "N", "B", "B", "N"], "histo": []},
"2022-09-20 09:57:14.886000" : {"coup": 2, "jeu": ["B", "B", "X", "N", "B", "N", "N"], "histo": []},
"2022-09-20 10:05:13.776000" : {"coup": "Undo", "jeu": ["N", "N", "N", "X", "X", "B", "B", "B"], "histo": [], "prog": "def saute(i):\n    if jeu[i]==\"B\" and i<6 and jeu[i+1]==\"X\":\n        jeu[i], jeu[i+1] = \"X\", \"B\"\n    elif jeu[i]==\"B\" and i<5 and jeu[i+1]==\"N\" and jeu[i+2]==\"X\":\n        jeu[i], jeu[i+2] = \"X\", \"B\"\n    elif jeu[i]==\"N\" and i>0 and jeu[i-1]==\"X\":\n        jeu[i], jeu[i-1] = \"X\", \"N\"\n    elif jeu[i]==\"N\" and i>1 and jeu[i-1]==\"B\" and jeu[i-2]==\"X\":\n        jeu[i], jeu[i-2] = \"X\", \"N\"\ndef undo():\n    global jeu\n    jeu = [\"N\", \"N\", \"N\", \"X\",\"X\", \"B\", \"B\", \"B\"]\n"},
"2022-09-20 10:24:37.624000" : {"coup": 2, "jeu": ["B", "B", "X", "B", "N", "N", "N"], "histo": []},
"2022-09-20 09:53:18.227000" : {"coup": 1, "jeu": ["B", "N", "B", "N", "B", "X", "N"], "histo": []},
"2022-09-20 09:52:05.005000" : {"coup": 3, "jeu": ["B", "B", "N", "X", "B", "N", "N"], "histo": []},
"2022-09-20 10:23:15.461000" : {"coup": "Reset", "jeu": ["B", "B", "B", "X", "N", "N", "N"], "histo": []},
"2022-09-20 10:12:12.134000" : {"coup": 5, "jeu": ["B", "N", "B", "N", "B", "X", "N"], "histo": []},
"2022-09-20 10:06:20.964000" : {"coup": 4, "jeu": ["N", "X", "N", "B", "X", "B", "B", "N"], "histo": []},
"2022-09-20 10:04:06.662000" : {"coup": 6, "jeu": ["B", "B", "N", "N", "N", "B", "X"], "histo": []},
"2022-09-20 09:47:29.824000" : {"coup": 4, "jeu": ["B", "B", "B", "N", "X", "N", "N"], "histo": []},
"2022-09-20 10:21:47.333000" : {"coup": "Undo", "jeu": ["B", "B", "X", "N", "B", "N", "N"], "histo": []},
"2022-09-20 09:53:10.573000" : {"coup": 4, "jeu": ["B", "B", "B", "N", "X", "N", "N"], "histo": []},
"2022-09-20 10:11:20.007000" : {"coup": 1, "jeu": ["N", "X", "B", "N", "B", "N", "B"], "histo": []},
"2022-09-20 09:54:06.218000" : {"coup": 3, "jeu": ["B", "B", "N", "X", "B", "N", "N"], "histo": []},
"2022-09-20 09:50:49.678000" : {"coup": 2, "jeu": ["B", "N", "X", "B", "B", "N", "N"], "histo": []},
"2022-09-20 09:50:02.246000" : {"coup": 3, "jeu": ["B", "B", "N", "X", "B", "N", "N"], "histo": []},
"2022-09-20 09:58:32.517000" : {"coup": 2, "jeu": ["B", "N", "X", "N", "B", "B", "N"], "histo": []},
"2022-09-20 09:53:47.459000" : {"coup": 2, "jeu": ["B", "N", "X", "B", "B", "N", "N"], "histo": []},
"2022-09-20 09:56:01.954000" : {"coup": "Undo", "jeu": [], "histo": []},
"2022-09-20 10:03:12.920000" : {"coup": 1, "jeu": ["B", "X", "B", "B", "N", "N", "N"], "histo": []},
"2022-09-20 09:59:16.283000" : {"coup": 2, "jeu": ["B", "N", "X", "B", "B", "N", "N"], "histo": []},
"2022-09-20 10:01:10.381000" : {"coup": "Undo", "jeu": ["B", "B", "B", "X", "N", "N", "N"], "histo": []},
"2022-09-20 10:11:05.194000" : {"coup": 2, "jeu": ["B", "B", "X", "N", "B", "N", "N"], "histo": []},
"2022-09-20 10:12:12.950000" : {"coup": 6, "jeu": ["B", "N", "B", "N", "B", "N", "X"], "histo": []},
"2022-09-20 09:54:09.881000" : {"coup": 4, "jeu": ["B", "B", "N", "N", "X", "B", "N"], "histo": []},
"2022-09-20 09:58:50.748000" : {"coup": 2, "jeu": ["B", "N", "B", "N", "B", "X", "N"], "histo": []},
"2022-09-20 09:58:56.312000" : {"coup": 4, "jeu": ["B", "N", "B", "N", "X", "B", "N"], "histo": []},
"2022-09-20 09:54:03.216000" : {"coup": 5, "jeu": ["B", "N", "X", "B", "B", "N", "N"], "histo": []},
"2022-09-20 09:48:27.387000" : {"coup": 3, "jeu": ["B", "B", "N", "X", "B", "N", "N"], "histo": []},
"2022-09-20 10:00:11.622000" : {"coup": 4, "jeu": ["B", "B", "B", "N", "N", "N", "N"], "histo": []},
"2022-09-20 09:56:00.752000" : {"coup": 4, "jeu": ["B", "B", "B", "N", "X", "N", "N"], "histo": []},
"2022-09-20 09:49:36.605000" : {"coup": 2, "jeu": ["B", "B", "X", "B", "N", "N", "N"], "histo": []},
"2022-09-20 09:53:37.404000" : {"coup": 5, "jeu": ["B", "B", "N", "N", "B", "X", "N"], "histo": []},
"2022-09-20 10:04:47.956000" : {"coup": 5, "jeu": ["B", "B", "N", "N", "B", "X", "N"], "histo": []},
"2022-09-20 10:04:20.709000" : {"coup": 4, "jeu": ["B", "B", "B", "N", "X", "N", "N"], "histo": []},
"2022-09-20 10:27:30.281000" : {"coup": "Undo", "jeu": ["B", "X", "B", "N", "B", "N", "N"], "histo": []},
"2022-09-20 10:09:57.611000" : {"coup": 4, "jeu": ["B", "B", "B", "N", "X", "N", "N"], "histo": []},
"2022-09-20 09:51:23.109000" : {"coup": 3, "jeu": ["B", "B", "B", "X", "N", "N", "N"], "histo": []},
"2022-09-20 10:03:01.817000" : {"coup": 2, "jeu": ["B", "B", "X", "B", "N", "N", "N"], "histo": []},
"2022-09-20 10:02:38.891000" : {"coup": "Reset", "jeu": ["B", "B", "B", "X", "N", "N", "N"], "histo": []},
"2022-09-20 10:04:24.122000" : {"coup": 1, "jeu": ["B", "B", "N", "N", "X", "B", "N"], "histo": []},
"2022-09-20 09:58:17.958000" : {"coup": "Reset", "jeu": ["B", "B", "B", "X", "N", "N", "N"], "histo": []},
"2022-09-20 10:04:47.539000" : {"coup": 4, "jeu": ["B", "B", "N", "X", "B", "N", "N"], "histo": []},
"2022-09-20 10:04:15.784000" : {"coup": 0, "jeu": ["X", "N", "B", "B", "B", "N", "N"], "histo": []},
"2022-09-20 09:57:10.655000" : {"coup": "Reset", "jeu": ["B", "B", "B", "X", "N", "N", "N"], "histo": []},
"2022-09-20 09:57:00.754000" : {"coup": 4, "jeu": ["B", "B", "B", "N", "X", "N", "N"], "histo": [], "prog": "def saute(i):\n    if jeu[i]==\"B\" and i<6 and jeu[i+1]==\"X\":\n        jeu[i], jeu[i+1] = \"X\", \"B\"\n    elif jeu[i]==\"B\" and i<5 and jeu[i+1]==\"N\" and jeu[i+2]==\"X\":\n        jeu[i], jeu[i+2] = \"X\", \"B\"\n    elif jeu[i]==\"N\" and i>0 and jeu[i-1]==\"X\":\n        jeu[i], jeu[i-1] = \"X\", \"N\"\n    elif jeu[i]==\"N\" and i>1 and jeu[i-1]==\"B\" and jeu[i-2]==\"X\":\n        jeu[i], jeu[i-2] = \"X\", \"N\"\ndef undo():\n    global jeu\n    jeu = [\"B\", \"B\", \"B\", \"X\", \"N\", \"N\", \"N\"]\n"},
"2022-09-20 09:50:57.154000" : {"coup": 5, "jeu": ["B", "N", "B", "N", "B", "X", "N"], "histo": []},
"2022-09-20 09:48:53.760000" : {"coup": 1, "jeu": ["B", "X", "N", "B", "B", "N", "N"], "histo": []},
"2022-09-20 10:32:24.301000" : {"coup": "Undo", "jeu": ["B", "B", "X", "N", "B", "N", "N"], "histo": []},
"2022-09-20 10:22:16.830000" : {"coup": "Undo", "jeu": ["B", "B", "X", "N", "B", "N", "N"], "histo": []},
"2022-09-20 10:29:37.898000" : {"coup": 2, "jeu": ["B", "B", "X", "B", "N", "N", "N"], "histo": []},
"2022-09-20 10:09:56.413000" : {"coup": 4, "jeu": ["B", "B", "B", "N", "X", "N", "N"], "histo": [], "prog": "def saute(i):\n    if jeu[i]==\"B\" and i<6 and jeu[i+1]==\"X\":\n        jeu[i], jeu[i+1] = \"X\", \"B\"\n    elif jeu[i]==\"B\" and i<5 and jeu[i+1]==\"N\" and jeu[i+2]==\"X\":\n        jeu[i], jeu[i+2] = \"X\", \"B\"\n    elif jeu[i]==\"N\" and i>0 and jeu[i-1]==\"X\":\n        jeu[i], jeu[i-1] = \"X\", \"N\"\n    elif jeu[i]==\"N\" and i>1 and jeu[i-1]==\"B\" and jeu[i-2]==\"X\":\n        jeu[i], jeu[i-2] = \"X\", \"N\"\ndef undo():\n    global jeu\n    jeu = historique\n"},
"2022-09-20 09:53:03.317000" : {"coup": 2, "jeu": ["B", "B", "X", "N", "B", "N", "N"], "histo": []},
"2022-09-20 09:53:32.829000" : {"coup": 4, "jeu": ["B", "B", "B", "N", "X", "N", "N"], "histo": []},
"2022-09-20 09:49:33.875000" : {"coup": 6, "jeu": ["N", "N", "B", "X", "B", "B", "N"], "histo": []},
"2022-09-20 09:58:53.814000" : {"coup": 0, "jeu": ["B", "N", "B", "N", "B", "X", "N"], "histo": []},
"2022-09-20 09:48:56.589000" : {"coup": "Reset", "jeu": ["B", "B", "B", "X", "N", "N", "N"], "histo": []},
"2022-09-20 09:58:18.696000" : {"coup": 4, "jeu": ["B", "B", "B", "N", "X", "N", "N"], "histo": []},
"2022-09-20 10:22:37.195000" : {"coup": "Undo", "jeu": ["B", "B", "N", "X", "B", "N", "N"], "histo": []},
"2022-09-20 10:23:11.980000" : {"coup": "Undo", "jeu": ["B", "B", "X", "N", "B", "N", "N"], "histo": []},
"2022-09-20 09:47:17.402000" : {"coup": 6, "jeu": ["B", "B", "N", "N", "N", "B", "X"], "histo": []},
"2022-09-20 10:00:53.332000" : {"coup": "Reset", "jeu": ["B", "B", "B", "X", "N", "N", "N"], "histo": []},
"2022-09-20 10:10:59.204000" : {"coup": 1, "jeu": ["N", "X", "B", "N", "B", "B", "N"], "histo": []},
"2022-09-20 09:50:05.311000" : {"coup": 4, "jeu": ["B", "N", "X", "B", "B", "N", "N"], "histo": []},
"2022-09-20 09:46:50.524000" : {"coup": "Load", "jeu": ["B", "B", "B", "X", "N", "N", "N"], "histo": []},
"2022-09-20 09:52:48.405000" : {"coup": 2, "jeu": ["B", "N", "X", "N", "B", "B", "N"], "histo": []},
"2022-09-20 10:11:09.736000" : {"coup": 5, "jeu": ["B", "N", "B", "N", "B", "X", "N"], "histo": []},
"2022-09-20 10:23:13.055000" : {"coup": "Undo", "jeu": ["B", "B", "X", "N", "B", "N", "N"], "histo": []},
"2022-09-20 10:02:32.263000" : {"coup": 4, "jeu": ["B", "B", "B", "N", "X", "N", "N"], "histo": [], "prog": "def saute(i):\n    if jeu[i]==\"B\" and i<6 and jeu[i+1]==\"X\":\n        jeu[i], jeu[i+1] = \"X\", \"B\"\n        historique = jeu\n        print(historique)\n    elif jeu[i]==\"B\" and i<5 and jeu[i+1]==\"N\" and jeu[i+2]==\"X\":\n        jeu[i], jeu[i+2] = \"X\", \"B\"\n    elif jeu[i]==\"N\" and i>0 and jeu[i-1]==\"X\":\n        jeu[i], jeu[i-1] = \"X\", \"N\"\n    elif jeu[i]==\"N\" and i>1 and jeu[i-1]==\"B\" and jeu[i-2]==\"X\":\n        jeu[i], jeu[i-2] = \"X\", \"N\"\ndef undo():\n    global jeu\n    jeu = historique\n"},
"2022-09-20 09:52:50.806000" : {"coup": 0, "jeu": ["X", "N", "B", "N", "B", "B", "N"], "histo": []},
"2022-09-20 09:57:47.692000" : {"coup": 5, "jeu": ["B", "B", "N", "B", "N", "X", "N"], "histo": []},
"2022-09-20 09:49:57.194000" : {"coup": 2, "jeu": ["X", "N", "B", "B", "N", "B", "N"], "histo": []},
"2022-09-20 09:59:29.231000" : {"coup": 4, "jeu": ["B", "B", "B", "N", "X", "N", "N"], "histo": []},
"2022-09-20 09:58:53.656000" : {"coup": 0, "jeu": ["B", "N", "B", "N", "B", "X", "N"], "histo": []},
"2022-09-20 09:58:40.275000" : {"coup": 4, "jeu": ["B", "N", "N", "X", "B", "B", "N"], "histo": []},
"2022-09-20 10:24:33.247000" : {"coup": "Undo", "jeu": ["B", "X", "B", "B", "N", "N", "N"], "histo": []},
"2022-09-20 10:25:04.578000" : {"coup": 0, "jeu": ["B", "B", "N", "X", "B", "N", "N"], "histo": []},
"2022-09-20 09:57:13.614000" : {"coup": "Reset", "jeu": ["B", "B", "B", "X", "N", "N", "N"], "histo": []},
"2022-09-20 10:01:11.501000" : {"coup": "Undo", "jeu": ["B", "B", "B", "X", "N", "N", "N"], "histo": []},
"2022-09-20 10:03:20.630000" : {"coup": 2, "jeu": ["B", "B", "X", "N", "B", "N", "N"], "histo": []},
"2022-09-20 09:52:39.164000" : {"coup": 3, "jeu": ["B", "B", "N", "N", "X", "B", "N"], "histo": []},
"2022-09-20 09:58:16.945000" : {"coup": 2, "jeu": ["B", "B", "B", "N", "N", "N", "X"], "histo": []},
"2022-09-20 10:21:43.302000" : {"coup": "Undo", "jeu": ["B", "B", "B", "N", "X", "N", "N"], "histo": []},
"2022-09-20 09:58:11.218000" : {"coup": 5, "jeu": ["X", "B", "B", "N", "B", "N", "N"], "histo": []},
"2022-09-20 09:48:59.730000" : {"coup": 4, "jeu": ["B", "B", "B", "N", "X", "N", "N"], "histo": []},
"2022-09-20 09:53:50.346000" : {"coup": 2, "jeu": ["B", "B", "X", "N", "B", "N", "N"], "histo": []},
"2022-09-20 09:47:39.707000" : {"coup": 4, "jeu": ["B", "B", "B", "N", "X", "N", "N"], "histo": []},
"2022-09-20 09:59:18.041000" : {"coup": 5, "jeu": ["B", "N", "X", "B", "B", "N", "N"], "histo": []},
"2022-09-20 09:49:52.359000" : {"coup": 2, "jeu": ["B", "N", "X", "B", "N", "B", "N"], "histo": []},
"2022-09-20 09:54:15.379000" : {"coup": 2, "jeu": ["B", "B", "X", "N", "B", "N", "N"], "histo": []},
"2022-09-20 10:22:40.836000" : {"coup": "Undo", "jeu": ["B", "B", "B", "X", "N", "N", "N"], "histo": []},
"2022-09-20 09:52:39.882000" : {"coup": "Reset", "jeu": ["B", "B", "B", "X", "N", "N", "N"], "histo": []},
"2022-09-20 10:03:19.886000" : {"coup": 4, "jeu": ["B", "B", "B", "N", "X", "N", "N"], "histo": []},
"2022-09-20 09:47:57.688000" : {"coup": 3, "jeu": ["B", "B", "N", "X", "B", "N", "N"], "histo": []},
"2022-09-20 10:06:16.254000" : {"coup": 2, "jeu": ["B", "N", "X", "X", "N", "B", "B", "N"], "histo": []},
"2022-09-20 09:48:28.335000" : {"coup": 5, "jeu": ["B", "B", "N", "N", "B", "X", "N"], "histo": []},
"2022-09-20 10:04:10.796000" : {"coup": "Reset", "jeu": ["B", "B", "B", "X", "N", "N", "N"], "histo": []},
"2022-09-20 09:58:51.719000" : {"coup": 1, "jeu": ["B", "N", "B", "N", "B", "X", "N"], "histo": []},
"2022-09-20 09:52:38.283000" : {"coup": 4, "jeu": ["B", "B", "N", "N", "X", "B", "N"], "histo": []},
"2022-09-20 10:06:20.060000" : {"coup": 2, "jeu": ["N", "X", "X", "B", "N", "B", "B", "N"], "histo": []},
"2022-09-20 10:04:22.692000" : {"coup": 5, "jeu": ["B", "B", "N", "N", "B", "X", "N"], "histo": []},
"2022-09-20 09:57:06.650000" : {"coup": 3, "jeu": ["B", "N", "B", "X", "B", "N", "N"], "histo": []},
"2022-09-20 09:50:52.307000" : {"coup": 4, "jeu": ["B", "B", "B", "N", "X", "N", "N"], "histo": []},
"2022-09-20 10:32:21.723000" : {"coup": "Undo", "jeu": ["B", "B", "B", "N", "X", "N", "N"], "histo": []},
"2022-09-20 10:11:54.211000" : {"coup": 4, "jeu": ["B", "B", "B", "N", "X", "N", "N"], "histo": []},
"2022-09-20 10:12:09.624000" : {"coup": 2, "jeu": ["B", "B", "X", "N", "B", "N", "N"], "histo": []},
"2022-09-20 10:04:25.138000" : {"coup": "Reset", "jeu": ["B", "B", "B", "X", "N", "N", "N"], "histo": []},
"2022-09-20 10:11:25.362000" : {"coup": 3, "jeu": ["N", "N", "N", "X", "B", "B", "B"], "histo": []},
"2022-09-20 10:10:27.190000" : {"coup": 2, "jeu": ["B", "B", "X", "N", "B", "N", "N"], "histo": []},
"2022-09-20 10:32:28.701000" : {"coup": "Undo", "jeu": ["B", "B", "X", "N", "B", "N", "N"], "histo": []},
"2022-09-20 10:32:29.653000" : {"coup": "Undo", "jeu": ["B", "B", "X", "N", "B", "N", "N"], "histo": []},
"2022-09-20 10:32:26.280000" : {"coup": "Undo", "jeu": ["B", "B", "X", "N", "B", "N", "N"], "histo": []},
"2022-09-20 10:25:02.670000" : {"coup": 2, "jeu": ["B", "B", "X", "B", "N", "N", "N"], "histo": []},
"2022-09-20 09:51:12.187000" : {"coup": 5, "jeu": ["B", "N", "B", "N", "X", "B", "N"], "histo": []},
"2022-09-20 10:10:24.456000" : {"coup": 0, "jeu": ["B", "N", "N", "X", "B", "B", "N"], "histo": []},
"2022-09-20 09:53:40.690000" : {"coup": "Reset", "jeu": ["B", "B", "B", "X", "N", "N", "N"], "histo": []},
"2022-09-20 09:57:11.386000" : {"coup": 4, "jeu": ["B", "B", "B", "N", "X", "N", "N"], "histo": []},
"2022-09-20 09:52:54.833000" : {"coup": 5, "jeu": ["N", "N", "B", "X", "B", "B", "N"], "histo": []},
"2022-09-20 09:54:11.319000" : {"coup": "Undo", "jeu": ["B", "B", "B", "X", "N", "N", "N"], "histo": []},
"2022-09-20 09:54:34.620000" : {"coup": "Undo", "jeu": ["B", "B", "B", "X", "N", "N", "N"], "histo": []},
"2022-09-20 09:52:00.055000" : {"coup": 4, "jeu": ["B", "B", "B", "N", "X", "N", "N"], "histo": []},
"2022-09-20 09:47:42.384000" : {"coup": 1, "jeu": ["B", "X", "N", "B", "B", "N", "N"], "histo": []},
"2022-09-20 09:53:09.738000" : {"coup": "Reset", "jeu": ["B", "B", "B", "X", "N", "N", "N"], "histo": []},
"2022-09-20 09:58:19.483000" : {"coup": 2, "jeu": ["B", "B", "X", "N", "B", "N", "N"], "histo": []},
"2022-09-20 10:21:41.538000" : {"coup": "Undo", "jeu": ["B", "B", "B", "N", "X", "N", "N"], "histo": []},
"2022-09-20 09:49:33.075000" : {"coup": 4, "jeu": ["N", "N", "B", "X", "B", "B", "N"], "histo": []},
"2022-09-20 09:50:52.804000" : {"coup": 2, "jeu": ["B", "B", "X", "N", "B", "N", "N"], "histo": []},
"2022-09-20 10:21:45.884000" : {"coup": "Undo", "jeu": ["B", "B", "X", "N", "B", "N", "N"], "histo": []},
"2022-09-20 10:11:04.037000" : {"coup": "Reset", "jeu": ["B", "B", "B", "X", "N", "N", "N"], "histo": []},
"2022-09-20 09:56:06.355000" : {"coup": "Undo", "jeu": [], "histo": []},
"2022-09-20 09:53:42.139000" : {"coup": 2, "jeu": ["B", "B", "X", "N", "B", "N", "N"], "histo": []},
"2022-09-20 10:10:58.556000" : {"coup": 0, "jeu": ["X", "N", "B", "N", "B", "B", "N"], "histo": []},
"2022-09-20 10:29:12.088000" : {"coup": "Reset", "jeu": ["B", "B", "B", "X", "N", "N", "N"], "histo": [], "prog": "O = 0\nprint(O)\ndef saute(i):\n    if jeu[i]==\"B\" and i<6 and jeu[i+1]==\"X\":\n        jeu[i], jeu[i+1] = \"X\", \"B\"\n        O = 1\n    elif jeu[i]==\"B\" and i<5 and jeu[i+1]==\"N\" and jeu[i+2]==\"X\":\n        jeu[i], jeu[i+2] = \"X\", \"B\"\n        O = 2\n    elif jeu[i]==\"N\" and i>0 and jeu[i-1]==\"X\":\n        jeu[i], jeu[i-1] = \"X\", \"N\"\n        O = 3\n    elif jeu[i]==\"N\" and i>1 and jeu[i-1]==\"B\" and jeu[i-2]==\"X\":\n        jeu[i], jeu[i-2] = \"X\", \"N\"\n        O = 4\n\ndef test_O():\n    if O == 1:\n        jeu[i], jeu[i+1] = \"B\", \"X\"\n        print(O)\n    elif O == 2:\n        jeu[i], jeu[i+2] = \"B\", \"X\"\n    elif O == 3:\n        jeu[i], jeu[i-1] = \"N\", \"X\"\n    elif O == 4:\n        jeu[i], jeu[i-2] = \"N\", \"X\"\n\ndef undo():\n    global jeu\n    test_O()\n"},
"2022-09-20 10:11:23.514000" : {"coup": 2, "jeu": ["N", "N", "X", "N", "B", "B", "B"], "histo": []},
"2022-09-20 09:57:20.457000" : {"coup": 5, "jeu": ["B", "N", "B", "N", "B", "X", "N"], "histo": []},
"2022-09-20 10:10:44.351000" : {"coup": 5, "jeu": ["B", "N", "B", "N", "B", "X", "N"], "histo": []},
"2022-09-20 10:11:07.098000" : {"coup": 3, "jeu": ["B", "N", "B", "X", "B", "N", "N"], "histo": []},
"2022-09-20 10:27:28.083000" : {"coup": 2, "jeu": ["B", "B", "X", "N", "B", "N", "N"], "histo": []},
"2022-09-20 09:52:03.103000" : {"coup": 4, "jeu": ["B", "B", "B", "N", "X", "N", "N"], "histo": []},
"2022-09-20 10:03:22.307000" : {"coup": "Reset", "jeu": ["B", "B", "B", "X", "N", "N", "N"], "histo": []},
"2022-09-20 10:06:12.627000" : {"coup": 6, "jeu": ["B", "B", "N", "X", "N", "B", "X", "N"], "histo": []},
"2022-09-20 09:59:09.376000" : {"coup": "Reset", "jeu": ["B", "B", "B", "X", "N", "N", "N"], "histo": []},
"2022-09-20 10:04:14.388000" : {"coup": 5, "jeu": ["B", "N", "X", "B", "B", "N", "N"], "histo": []},
"2022-09-20 09:49:34.781000" : {"coup": "Reset", "jeu": ["B", "B", "B", "X", "N", "N", "N"], "histo": []},
"2022-09-20 09:58:11.612000" : {"coup": 4, "jeu": ["X", "B", "B", "N", "B", "N", "N"], "histo": []},
"2022-09-20 10:04:13.875000" : {"coup": 2, "jeu": ["B", "N", "X", "B", "B", "N", "N"], "histo": []},
"2022-09-20 10:21:46.095000" : {"coup": "Undo", "jeu": ["B", "B", "X", "N", "B", "N", "N"], "histo": []},
"2022-09-20 09:51:37.373000" : {"coup": 4, "jeu": ["B", "N", "B", "N", "X", "B", "N"], "histo": []},
"2022-09-20 10:23:12.441000" : {"coup": "Undo", "jeu": ["B", "B", "X", "N", "B", "N", "N"], "histo": []},
"2022-09-20 10:24:31.219000" : {"coup": "Undo", "jeu": ["B", "B", "X", "B", "N", "N", "N"], "histo": []},
"2022-09-20 09:50:10.015000" : {"coup": 3, "jeu": ["B", "B", "N", "X", "B", "N", "N"], "histo": []},
"2022-09-20 10:32:28.190000" : {"coup": "Undo", "jeu": ["B", "B", "X", "N", "B", "N", "N"], "histo": []},
"2022-09-20 09:57:44.825000" : {"coup": 5, "jeu": ["B", "B", "B", "X", "N", "N", "N"], "histo": []},
"2022-09-20 09:54:02.477000" : {"coup": 2, "jeu": ["B", "N", "X", "B", "B", "N", "N"], "histo": []},
"2022-09-20 09:47:10.844000" : {"coup": 4, "jeu": ["B", "B", "B", "N", "X", "N", "N"], "histo": []},
"2022-09-20 09:59:12.848000" : {"coup": 5, "jeu": ["B", "B", "X", "N", "B", "N", "N"], "histo": []},
"2022-09-20 10:24:30.826000" : {"coup": "Undo", "jeu": ["B", "B", "X", "B", "N", "N", "N"], "histo": []},
"2022-09-20 10:12:17.766000" : {"coup": 1, "jeu": ["N", "X", "B", "N", "B", "N", "B"], "histo": []},
"2022-09-20 10:11:03.128000" : {"coup": 6, "jeu": ["N", "N", "B", "X", "B", "B", "N"], "histo": []},
"2022-09-20 09:52:29.676000" : {"coup": 4, "jeu": ["B", "N", "X", "B", "B", "N", "N"], "histo": []},
"2022-09-20 09:59:04.328000" : {"coup": 2, "jeu": ["B", "N", "X", "N", "B", "B", "N"], "histo": []},
"2022-09-20 09:58:43.438000" : {"coup": "Reset", "jeu": ["B", "B", "B", "X", "N", "N", "N"], "histo": []},
"2022-09-20 10:11:22.275000" : {"coup": 5, "jeu": ["N", "N", "B", "N", "B", "X", "B"], "histo": []},
"2022-09-20 09:54:26.341000" : {"coup": 5, "jeu": ["B", "N", "B", "N", "B", "X", "N"], "histo": []},
"2022-09-20 10:12:18.735000" : {"coup": 2, "jeu": ["N", "N", "X", "B", "B", "N", "B"], "histo": []},
"2022-09-20 10:06:06.107000" : {"coup": 2, "jeu": ["B", "B", "X", "B", "X", "N", "N", "N"], "histo": []},
"2022-09-20 10:12:08.212000" : {"coup": "Reset", "jeu": ["B", "B", "B", "X", "N", "N", "N"], "histo": []},
"2022-09-20 10:01:08.150000" : {"coup": "Reset", "jeu": ["B", "B", "B", "X", "N", "N", "N"], "histo": [], "prog": "def saute(i):\n    if jeu[i]==\"B\" and i<6 and jeu[i+1]==\"X\":\n        jeu[i], jeu[i+1] = \"X\", \"B\"\n    elif jeu[i]==\"B\" and i<5 and jeu[i+1]==\"N\" and jeu[i+2]==\"X\":\n        jeu[i], jeu[i+2] = \"X\", \"B\"\n    elif jeu[i]==\"N\" and i>0 and jeu[i-1]==\"X\":\n        jeu[i], jeu[i-1] = \"X\", \"N\"\n    elif jeu[i]==\"N\" and i>1 and jeu[i-1]==\"B\" and jeu[i-2]==\"X\":\n        jeu[i], jeu[i-2] = \"X\", \"N\"\ndef undo():\n    global jeu\n    \n"},
"2022-09-20 09:59:32.069000" : {"coup": "Reset", "jeu": ["B", "B", "B", "X", "N", "N", "N"], "histo": []},
"2022-09-20 09:47:50.707000" : {"coup": 3, "jeu": ["B", "N", "X", "B", "B", "N", "N"], "histo": []},
"2022-09-20 09:49:26.120000" : {"coup": 2, "jeu": ["B", "N", "X", "N", "B", "B", "N"], "histo": []},
"2022-09-20 10:32:27.867000" : {"coup": "Undo", "jeu": ["B", "B", "X", "N", "B", "N", "N"], "histo": []},
"2022-09-20 10:03:14.802000" : {"coup": "Reset", "jeu": ["B", "B", "B", "X", "N", "N", "N"], "histo": []},
"2022-09-20 10:02:37.162000" : {"coup": 3, "jeu": ["X", "B", "B", "N", "B", "N", "N"], "histo": []},
"2022-09-20 10:04:22.244000" : {"coup": 3, "jeu": ["B", "B", "N", "X", "B", "N", "N"], "histo": []},
"2022-09-20 09:51:42.243000" : {"coup": "Reset", "jeu": ["B", "B", "B", "X", "N", "N", "N"], "histo": []},
"2022-09-20 09:50:44.769000" : {"coup": 4, "jeu": ["B", "B", "B", "N", "X", "N", "N"], "histo": []},
"2022-09-20 10:06:07.704000" : {"coup": 3, "jeu": ["B", "B", "X", "X", "B", "N", "N", "N"], "histo": []},
"2022-09-20 09:50:51.388000" : {"coup": "Reset", "jeu": ["B", "B", "B", "X", "N", "N", "N"], "histo": []},
"2022-09-20 09:50:05.649000" : {"coup": 3, "jeu": ["B", "N", "X", "B", "B", "N", "N"], "histo": []},
"2022-09-20 10:05:58.247000" : {"coup": 5, "jeu": ["B", "B", "B", "X", "N", "X", "N", "N"], "histo": []},
"2022-09-20 10:02:35.137000" : {"coup": 1, "jeu": ["B", "X", "B", "N", "B", "N", "N"], "histo": []},
"2022-09-20 09:58:31.025000" : {"coup": 1, "jeu": ["B", "N", "B", "N", "X", "B", "N"], "histo": []},
"2022-09-20 09:51:22.534000" : {"coup": 5, "jeu": ["B", "B", "B", "X", "N", "N", "N"], "histo": []},
"2022-09-20 09:48:14.631000" : {"coup": 1, "jeu": ["B", "X", "N", "B", "B", "N", "N"], "histo": []},
"2022-09-20 09:47:53.970000" : {"coup": 4, "jeu": ["B", "B", "B", "N", "X", "N", "N"], "histo": []},
"2022-09-20 09:49:10.030000" : {"coup": 1, "jeu": ["B", "X", "B", "N", "B", "N", "N"], "histo": []},
"2022-09-20 09:57:45.314000" : {"coup": 5, "jeu": ["B", "B", "B", "X", "N", "N", "N"], "histo": []},
"2022-09-20 10:11:42.366000" : {"coup": 2, "jeu": ["B", "B", "X", "N", "B", "N", "N"], "histo": []},
"2022-09-20 09:58:21.801000" : {"coup": 3, "jeu": ["B", "N", "B", "X", "B", "N", "N"], "histo": []},
"2022-09-20 10:24:32.863000" : {"coup": "Undo", "jeu": ["B", "X", "B", "B", "N", "N", "N"], "histo": []},
"2022-09-20 09:49:59.135000" : {"coup": "Reset", "jeu": ["B", "B", "B", "X", "N", "N", "N"], "histo": []},
"2022-09-20 10:11:43.566000" : {"coup": 3, "jeu": ["B", "N", "B", "X", "B", "N", "N"], "histo": []},
"2022-09-20 09:48:50.743000" : {"coup": 3, "jeu": ["B", "B", "N", "X", "B", "N", "N"], "histo": []},
"2022-09-20 09:51:31.597000" : {"coup": 1, "jeu": ["B", "X", "B", "N", "B", "N", "N"], "histo": []},
"2022-09-20 09:57:03.300000" : {"coup": 2, "jeu": ["B", "B", "X", "N", "B", "N", "N"], "histo": []},
"2022-09-20 10:29:35.817000" : {"coup": "Reset", "jeu": ["B", "B", "B", "X", "N", "N", "N"], "histo": [], "prog": "O = 0\n\ndef saute(i):\n    if jeu[i]==\"B\" and i<6 and jeu[i+1]==\"X\":\n        jeu[i], jeu[i+1] = \"X\", \"B\"\n        O = 1\n        print(\"Hi\")\n    elif jeu[i]==\"B\" and i<5 and jeu[i+1]==\"N\" and jeu[i+2]==\"X\":\n        jeu[i], jeu[i+2] = \"X\", \"B\"\n        O = 2\n    elif jeu[i]==\"N\" and i>0 and jeu[i-1]==\"X\":\n        jeu[i], jeu[i-1] = \"X\", \"N\"\n        O = 3\n    elif jeu[i]==\"N\" and i>1 and jeu[i-1]==\"B\" and jeu[i-2]==\"X\":\n        jeu[i], jeu[i-2] = \"X\", \"N\"\n        O = 4\n\ndef test_O():\n    if O == 1:\n        jeu[i], jeu[i+1] = \"B\", \"X\"\n        print(O)\n    elif O == 2:\n        jeu[i], jeu[i+2] = \"B\", \"X\"\n    elif O == 3:\n        jeu[i], jeu[i-1] = \"N\", \"X\"\n    elif O == 4:\n        jeu[i], jeu[i-2] = \"N\", \"X\"\n\ndef undo():\n    global jeu\n    test_O()\n"},
"2022-09-20 09:50:49.128000" : {"coup": 1, "jeu": ["B", "X", "N", "B", "B", "N", "N"], "histo": []},
"2022-09-20 09:54:19.839000" : {"coup": 5, "jeu": ["B", "N", "X", "B", "B", "N", "N"], "histo": []},
"2022-09-20 09:47:19.673000" : {"coup": 1, "jeu": ["B", "B", "N", "N", "N", "B", "X"], "histo": []},
"2022-09-20 09:57:27.147000" : {"coup": 4, "jeu": ["B", "N", "N", "X", "B", "B", "N"], "histo": []},
"2022-09-20 09:53:24.226000" : {"coup": "Reset", "jeu": ["B", "B", "B", "X", "N", "N", "N"], "histo": []},
"2022-09-20 10:09:59.267000" : {"coup": 2, "jeu": ["B", "B", "X", "N", "B", "N", "N"], "histo": []},
"2022-09-20 09:52:40.852000" : {"coup": 4, "jeu": ["B", "B", "B", "N", "X", "N", "N"], "histo": []},
"2022-09-20 09:58:37.960000" : {"coup": 3, "jeu": ["B", "N", "N", "X", "B", "B", "N"], "histo": []},
"2022-09-20 09:57:08.026000" : {"coup": 2, "jeu": ["B", "N", "X", "B", "B", "N", "N"], "histo": []},
"2022-09-20 10:24:18.308000" : {"coup": "Undo", "jeu": ["B", "B", "B", "X", "N", "N", "N"], "histo": []},
"2022-09-20 10:00:15.165000" : {"coup": "Reset", "jeu": ["B", "B", "B", "X", "N", "N", "N"], "histo": []},
"2022-09-20 09:50:45.385000" : {"coup": 2, "jeu": ["B", "B", "X", "N", "B", "N", "N"], "histo": []},
"2022-09-20 10:24:29.185000" : {"coup": "Undo", "jeu": ["B", "B", "X", "B", "N", "N", "N"], "histo": []},
"2022-09-20 09:53:56.986000" : {"coup": 2, "jeu": ["B", "B", "X", "N", "B", "N", "N"], "histo": []},
"2022-09-20 09:53:19.236000" : {"coup": 2, "jeu": ["B", "N", "B", "N", "B", "X", "N"], "histo": []},
"2022-09-20 10:24:41.479000" : {"coup": 4, "jeu": ["B", "B", "N", "B", "X", "N", "N"], "histo": []},
"2022-09-20 09:49:49.945000" : {"coup": 1, "jeu": ["B", "X", "N", "B", "N", "B", "N"], "histo": []},
"2022-09-20 09:52:01.962000" : {"coup": "Reset", "jeu": ["B", "B", "B", "X", "N", "N", "N"], "histo": []},
"2022-09-20 09:54:28.060000" : {"coup": 4, "jeu": ["B", "N", "B", "N", "X", "B", "N"], "histo": []},
"2022-09-20 09:57:25.741000" : {"coup": 3, "jeu": ["B", "N", "N", "X", "B", "B", "N"], "histo": []},
"2022-09-20 09:51:40.989000" : {"coup": 4, "jeu": ["B", "N", "N", "X", "B", "B", "N"], "histo": []},
"2022-09-20 09:58:44.511000" : {"coup": 4, "jeu": ["B", "B", "B", "N", "X", "N", "N"], "histo": []},
"2022-09-20 10:06:16.924000" : {"coup": 0, "jeu": ["X", "N", "B", "X", "N", "B", "B", "N"], "histo": []},
"2022-09-20 10:01:10.964000" : {"coup": "Undo", "jeu": ["B", "B", "B", "X", "N", "N", "N"], "histo": []},
"2022-09-20 09:53:59.331000" : {"coup": 3, "jeu": ["B", "B", "N", "X", "B", "N", "N"], "histo": []},
"2022-09-20 09:58:40.648000" : {"coup": 5, "jeu": ["B", "N", "N", "X", "B", "B", "N"], "histo": []},
"2022-09-20 10:03:11.798000" : {"coup": 1, "jeu": ["B", "X", "B", "B", "N", "N", "N"], "histo": [], "prog": "def saute(i):\n    if jeu[i]==\"B\" and i<6 and jeu[i+1]==\"X\":\n        jeu[i], jeu[i+1] = \"X\", \"B\"\n        historique = jeu\n        print(historique)\n    elif jeu[i]==\"B\" and i<5 and jeu[i+1]==\"N\" and jeu[i+2]==\"X\":\n        jeu[i], jeu[i+2] = \"X\", \"B\"\n        historique = jeu\n        print(historique)\n    elif jeu[i]==\"N\" and i>0 and jeu[i-1]==\"X\":\n        jeu[i], jeu[i-1] = \"X\", \"N\"\n    elif jeu[i]==\"N\" and i>1 and jeu[i-1]==\"B\" and jeu[i-2]==\"X\":\n        jeu[i], jeu[i-2] = \"X\", \"N\"\ndef undo():\n    global jeu\n    jeu = historique\n"},
"2022-09-20 10:12:11.203000" : {"coup": 3, "jeu": ["B", "N", "B", "X", "B", "N", "N"], "histo": []},
"2022-09-20 10:04:23.709000" : {"coup": 3, "jeu": ["B", "B", "N", "N", "X", "B", "N"], "histo": []},
"2022-09-20 10:11:47.186000" : {"coup": 4, "jeu": ["B", "N", "B", "N", "X", "B", "N"], "histo": []},
"2022-09-20 09:58:52.635000" : {"coup": 0, "jeu": ["B", "N", "B", "N", "B", "X", "N"], "histo": []},
"2022-09-20 09:49:33.498000" : {"coup": 6, "jeu": ["N", "N", "B", "X", "B", "B", "N"], "histo": []},
"2022-09-20 10:00:17.746000" : {"coup": 4, "jeu": ["B", "B", "N", "B", "N", "N", "N"], "histo": []},
"2022-09-20 09:52:34.443000" : {"coup": 2, "jeu": ["B", "B", "X", "N", "B", "N", "N"], "histo": []},
"2022-09-20 09:51:32.189000" : {"coup": 3, "jeu": ["B", "N", "B", "X", "B", "N", "N"], "histo": []},
"2022-09-20 09:58:12.710000" : {"coup": "Reset", "jeu": ["B", "B", "B", "X", "N", "N", "N"], "histo": []},
"2022-09-20 10:24:45.274000" : {"coup": "Undo", "jeu": ["B", "X", "N", "B", "B", "N", "N"], "histo": []},
"2022-09-20 10:32:28.810000" : {"coup": "Undo", "jeu": ["B", "B", "X", "N", "B", "N", "N"], "histo": []},
"2022-09-20 09:59:14.167000" : {"coup": 1, "jeu": ["B", "X", "B", "N", "B", "N", "N"], "histo": []},
"2022-09-20 10:32:24.828000" : {"coup": "Undo", "jeu": ["B", "B", "X", "N", "B", "N", "N"], "histo": []},
"2022-09-20 10:04:31.429000" : {"coup": 4, "jeu": ["B", "B", "B", "N", "X", "N", "N"], "histo": []},
"2022-09-20 09:54:33.990000" : {"coup": 3, "jeu": ["B", "N", "B", "N", "X", "B", "N"], "histo": []},
"2022-09-20 10:04:21.345000" : {"coup": 2, "jeu": ["B", "B", "X", "N", "B", "N", "N"], "histo": []},
"2022-09-20 10:04:16.840000" : {"coup": 5, "jeu": ["X", "N", "B", "B", "B", "N", "N"], "histo": []},
"2022-09-20 10:00:54.228000" : {"coup": "Reset", "jeu": ["B", "B", "B", "X", "N", "N", "N"], "histo": []},
"2022-09-20 10:24:32.376000" : {"coup": 1, "jeu": ["B", "X", "B", "B", "N", "N", "N"], "histo": []},
"2022-09-20 09:48:22.797000" : {"coup": "Reset", "jeu": ["B", "B", "B", "X", "N", "N", "N"], "histo": []},
"2022-09-20 10:05:14.933000" : {"coup": "Undo", "jeu": ["N", "N", "N", "X", "X", "B", "B", "B"], "histo": []},
"2022-09-20 09:50:13.908000" : {"coup": "Reset", "jeu": ["B", "B", "B", "X", "N", "N", "N"], "histo": []},
"2022-09-20 10:03:16.975000" : {"coup": 3, "jeu": ["B", "B", "N", "X", "B", "N", "N"], "histo": []},
"2022-09-20 09:54:20.657000" : {"coup": "Reset", "jeu": ["B", "B", "B", "X", "N", "N", "N"], "histo": []},
"2022-09-20 10:32:23.142000" : {"coup": 2, "jeu": ["B", "B", "X", "N", "B", "N", "N"], "histo": []},
"2022-09-20 10:05:18.159000" : {"coup": 5, "jeu": ["N", "N", "N", "X", "X", "B", "B", "B"], "histo": []},
"2022-09-20 09:51:53.636000" : {"coup": 4, "jeu": ["B", "B", "N", "B", "X", "N", "N"], "histo": []},
"2022-09-20 10:25:00.156000" : {"coup": "Reset", "jeu": ["B", "B", "B", "X", "N", "N", "N"], "histo": []},
"2022-09-20 09:52:46.724000" : {"coup": 4, "jeu": ["B", "N", "B", "N", "X", "B", "N"], "histo": []},
"2022-09-20 09:47:13.970000" : {"coup": 5, "jeu": ["B", "B", "N", "N", "B", "X", "N"], "histo": []},
"2022-09-20 09:47:52.790000" : {"coup": "Reset", "jeu": ["B", "B", "B", "X", "N", "N", "N"], "histo": []},
"2022-09-20 10:05:18.774000" : {"coup": 6, "jeu": ["N", "N", "N", "X", "X", "B", "B", "B"], "histo": []}
}