{
"2022-09-20 08:33:12.706000" : {"coup": "Reset", "jeu": ["B", "B", "B", "X", "N", "N", "N"], "histo": []},
"2022-09-20 09:04:49.723000" : {"coup": "Reset", "jeu": ["B", "B", "B", "X", "N", "N", "N"], "histo": []},
"2022-09-20 08:47:55.263000" : {"coup": "Undo", "jeu": ["B", "B", "B", "X", "N", "N", "N"], "histo": [["B", "X", "B", "B", "N", "N", "N"], ["B", "X", "B", "B", "N", "N", "N"]]},
"2022-09-20 09:09:27.521000" : {"coup": 4, "jeu": ["B", "B", "N", "B", "X", "N", "N"], "histo": [["B", "B", "N", "B", "X", "N", "N"], ["B", "B", "N", "B", "X", "N", "N"]]},
"2022-09-20 08:59:30.821000" : {"coup": 4, "jeu": ["B", "B", "N", "B", "X", "N", "N"], "histo": []},
"2022-09-20 08:32:44.344000" : {"coup": 2, "jeu": ["B", "B", "X", "B", "N", "N", "N"], "histo": []},
"2022-09-20 09:02:09.818000" : {"coup": "Undo", "jeu": ["B", "B", "X", "B", "N", "N", "N"], "histo": [["B", "B", "X", "B", "N", "N", "N"]]},
"2022-09-20 08:35:08.383000" : {"coup": 0, "jeu": ["X", "B", "N", "B", "N", "B", "N"], "histo": []},
"2022-09-20 08:35:26.353000" : {"coup": 3, "jeu": ["N", "N", "N", "X", "B", "B", "B"], "histo": []},
"2022-09-20 08:42:04.905000" : {"coup": "Undo", "jeu": [], "histo": [], "prog": "def saute(i):\n    if jeu[i]==\"B\" and i<6 and jeu[i+1]==\"X\": #Le blanc avance\n        historique = jeu\n        jeu[i], jeu[i+1] = \"X\", \"B\"\n    elif jeu[i]==\"B\" and i<5 and jeu[i+1]==\"N\" and jeu[i+2]==\"X\":   #Le blanc saute\n        historique = jeu\n        jeu[i], jeu[i+2] = \"X\", \"B\"\n    elif jeu[i]==\"N\" and i>0 and jeu[i-1]==\"X\": # Le noir avance\n        historique = jeu\n        jeu[i], jeu[i-1] = \"X\", \"N\"\n    elif jeu[i]==\"N\" and i>1 and jeu[i-1]==\"B\" and jeu[i-2]==\"X\": # Le noir saute\n        historique = jeu\n        jeu[i], jeu[i-2] = \"X\", \"N\"\ndef undo():\n    global jeu\n    jeu = historique\n    \n"},
"2022-09-20 09:03:17.569000" : {"coup": "Undo", "jeu": ["X", "B", "B", "B", "N", "N", "N"], "histo": [["X", "B", "B", "B", "N", "N", "N"], ["X", "B", "B", "B", "N", "N", "N"], ["X", "B", "B", "B", "N", "N", "N"]]},
"2022-09-20 08:54:20.888000" : {"coup": 2, "jeu": ["B", "B", "X", "B", "N", "N", "N"], "histo": [["B", "B", "X", "B", "N", "N", "N"]]},
"2022-09-20 08:33:05.549000" : {"coup": 4, "jeu": ["B", "B", "N", "N", "X", "B", "N"], "histo": []},
"2022-09-20 08:34:25.128000" : {"coup": 5, "jeu": ["B", "B", "B", "X", "N", "N", "N"], "histo": []},
"2022-09-20 08:33:04.661000" : {"coup": 5, "jeu": ["B", "B", "N", "N", "B", "X", "N"], "histo": []},
"2022-09-20 09:19:36.733000" : {"coup": "Undo", "jeu": ["B", "X", "B", "B", "N", "N", "N"], "histo": [["B", "B", "B", "X", "N", "N", "N"], ["X", "B", "B", "B", "N", "N", "N"], ["B", "B", "X", "B", "N", "N", "N"], ["B", "X", "B", "B", "N", "N", "N"]]},
"2022-09-20 09:19:28.904000" : {"coup": "Undo", "jeu": ["B", "B", "X", "B", "N", "N", "N"], "histo": [["B", "B", "B", "X", "N", "N", "N"], ["B", "B", "X", "B", "N", "N", "N"]]},
"2022-09-20 08:35:19.131000" : {"coup": 6, "jeu": ["N", "B", "N", "B", "N", "B", "X"], "histo": []},
"2022-09-20 09:03:43.298000" : {"coup": "Reset", "jeu": ["B", "B", "B", "X", "N", "N", "N"], "histo": []},
"2022-09-20 08:33:07.270000" : {"coup": 5, "jeu": ["B", "B", "N", "N", "N", "X", "B"], "histo": []},
"2022-09-20 09:10:16.555000" : {"coup": "Reset", "jeu": ["B", "B", "B", "X", "N", "N", "N"], "histo": []},
"2022-09-20 09:08:03.793000" : {"coup": 1, "jeu": ["B", "X", "B", "B", "N", "N", "N"], "histo": [["B", "X", "B", "B", "N", "N", "N"], ["B", "X", "B", "B", "N", "N", "N"]]},
"2022-09-20 08:53:35.422000" : {"coup": "Undo", "jeu": [], "histo": []},
"2022-09-20 08:53:39.805000" : {"coup": "Reset", "jeu": ["B", "B", "B", "X", "N", "N", "N"], "histo": []},
"2022-09-20 08:48:30.726000" : {"coup": "Undo", "jeu": [["B", "B", "N", "B", "X", "N", "N"], ["B", "B", "N", "B", "X", "N", "N"]], "histo": [["B", "B", "N", "B", "X", "N", "N"], ["B", "B", "N", "B", "X", "N", "N"]]},
"2022-09-20 09:09:48.028000" : {"coup": 2, "jeu": ["B", "N", "X", "B", "N", "B", "N"], "histo": [["B", "N", "X", "B", "N", "B", "N"], ["B", "N", "X", "B", "N", "B", "N"], ["B", "N", "X", "B", "N", "B", "N"], ["B", "N", "X", "B", "N", "B", "N"], ["B", "N", "X", "B", "N", "B", "N"], ["B", "N", "X", "B", "N", "B", "N"]]},
"2022-09-20 08:35:04.401000" : {"coup": 1, "jeu": ["B", "X", "N", "B", "N", "B", "N"], "histo": []},
"2022-09-20 09:10:23.441000" : {"coup": "Undo", "jeu": ["B", "B", "X", "B", "N", "N", "N"], "histo": [["B", "B", "X", "B", "N", "N", "N"]]},
"2022-09-20 08:51:57.309000" : {"coup": "Reset", "jeu": ["B", "B", "B", "X", "N", "N", "N"], "histo": [], "prog": "def saute(i):\n    if jeu[i]==\"B\" and i<6 and jeu[i+1]==\"X\": #Le blanc avance\n        historique.append(jeu[0] for i in range(7))\n        jeu[i], jeu[i+1] = \"X\", \"B\"\n    elif jeu[i]==\"B\" and i<5 and jeu[i+1]==\"N\" and jeu[i+2]==\"X\":   #Le blanc saute\n        historique.append(jeu[i] for i in range(7))\n        jeu[i], jeu[i+2] = \"X\", \"B\"\n    elif jeu[i]==\"N\" and i>0 and jeu[i-1]==\"X\": # Le noir avance\n        historique.append(jeu[i] for i in range(7))\n        jeu[i], jeu[i-1] = \"X\", \"N\"\n    elif jeu[i]==\"N\" and i>1 and jeu[i-1]==\"B\" and jeu[i-2]==\"X\": # Le noir saute\n        historique.append(jeu[i] for i in range(7))\n        jeu[i], jeu[i-2] = \"X\", \"N\"\ndef undo():\n    global jeu\n    jeu = historique\n    \n    \n"},
"2022-09-20 09:09:37.352000" : {"coup": 2, "jeu": ["B", "B", "X", "B", "N", "N", "N"], "histo": [["B", "B", "X", "B", "N", "N", "N"]]},
"2022-09-20 09:03:17.992000" : {"coup": "Undo", "jeu": ["X", "B", "B", "B", "N", "N", "N"], "histo": [["X", "B", "B", "B", "N", "N", "N"], ["X", "B", "B", "B", "N", "N", "N"], ["X", "B", "B", "B", "N", "N", "N"]]},
"2022-09-20 09:01:32.684000" : {"coup": 2, "jeu": ["B", "N", "X", "B", "B", "N", "N"], "histo": [["B", "N", "X", "B", "B", "N", "N"], ["B", "N", "X", "B", "B", "N", "N"], ["B", "N", "X", "B", "B", "N", "N"], ["B", "N", "X", "B", "B", "N", "N"], ["B", "N", "X", "B", "B", "N", "N"]]},
"2022-09-20 08:51:58.998000" : {"coup": "Reset", "jeu": ["B", "B", "B", "X", "N", "N", "N"], "histo": []},
"2022-09-20 09:09:38.658000" : {"coup": 4, "jeu": ["B", "B", "N", "B", "X", "N", "N"], "histo": [["B", "B", "N", "B", "X", "N", "N"], ["B", "B", "N", "B", "X", "N", "N"]]},
"2022-09-20 09:19:26.899000" : {"coup": "Undo", "jeu": ["B", "B", "X", "B", "N", "N", "N"], "histo": [["B", "B", "B", "X", "N", "N", "N"], ["B", "B", "X", "B", "N", "N", "N"]]},
"2022-09-20 08:52:49.110000" : {"coup": "Undo", "jeu": [], "histo": []},
"2022-09-20 08:34:24.929000" : {"coup": 5, "jeu": ["B", "B", "B", "X", "N", "N", "N"], "histo": []},
"2022-09-20 08:58:46.039000" : {"coup": 4, "jeu": ["B", "B", "B", "N", "X", "N", "N"], "histo": []},
"2022-09-20 08:58:43.207000" : {"coup": "Reset", "jeu": ["B", "B", "B", "X", "N", "N", "N"], "histo": [], "prog": "def saute(i):\n    if jeu[i]==\"B\" and i<6 and jeu[i+1]==\"X\": #Le blanc avance\n        historique = jeu\n        jeu[i], jeu[i+1] = \"X\", \"B\"\n    elif jeu[i]==\"B\" and i<5 and jeu[i+1]==\"N\" and jeu[i+2]==\"X\":   #Le blanc saute\n        historique = jeu\n        jeu[i], jeu[i+2] = \"X\", \"B\"\n    elif jeu[i]==\"N\" and i>0 and jeu[i-1]==\"X\": # Le noir avance\n        historique = jeu\n        jeu[i], jeu[i-1] = \"X\", \"N\"\n    elif jeu[i]==\"N\" and i>1 and jeu[i-1]==\"B\" and jeu[i-2]==\"X\": # Le noir saute\n        historique = jeu\n        jeu[i], jeu[i-2] = \"X\", \"N\"\ndef undo():\n    global jeu\n    jeu = historique\n    \n    \n"},
"2022-09-20 08:46:57.152000" : {"coup": 0, "jeu": ["X", "B", "B", "B", "N", "N", "N"], "histo": [["B", "B", "X", "B", "N", "N", "N"], ["B", "X", "B", "B", "N", "N", "N"], ["B", "X", "B", "B", "N", "N", "N"], ["B", "B", "X", "N", "B", "N", "N"], ["X", "B", "B", "B", "N", "N", "N"], ["X", "B", "B", "B", "N", "N", "N"], ["X", "B", "B", "B", "N", "N", "N"]]},
"2022-09-20 08:35:09.141000" : {"coup": 2, "jeu": ["N", "B", "X", "B", "N", "B", "N"], "histo": []},
"2022-09-20 08:46:17.632000" : {"coup": 2, "jeu": ["B", "B", "X", "B", "N", "N", "N"], "histo": [["B", "B", "X", "B", "N", "N", "N"]]},
"2022-09-20 09:09:24.397000" : {"coup": "Reset", "jeu": ["B", "B", "B", "X", "N", "N", "N"], "histo": []},
"2022-09-20 09:01:35.199000" : {"coup": "Undo", "jeu": ["B", "N", "X", "B", "B", "N", "N"], "histo": [["B", "N", "X", "B", "B", "N", "N"], ["B", "N", "X", "B", "B", "N", "N"], ["B", "N", "X", "B", "B", "N", "N"], ["B", "N", "X", "B", "B", "N", "N"], ["B", "N", "X", "B", "B", "N", "N"]]},
"2022-09-20 08:33:57.482000" : {"coup": 3, "jeu": ["B", "B", "N", "X", "B", "N", "N"], "histo": []},
"2022-09-20 09:09:43.639000" : {"coup": 1, "jeu": ["B", "X", "N", "B", "N", "B", "N"], "histo": [["B", "X", "N", "B", "N", "B", "N"], ["B", "X", "N", "B", "N", "B", "N"], ["B", "X", "N", "B", "N", "B", "N"], ["B", "X", "N", "B", "N", "B", "N"], ["B", "X", "N", "B", "N", "B", "N"]]},
"2022-09-20 09:10:23.612000" : {"coup": "Undo", "jeu": ["B", "B", "X", "B", "N", "N", "N"], "histo": [["B", "B", "X", "B", "N", "N", "N"]]},
"2022-09-20 09:07:39.394000" : {"coup": 1, "jeu": ["B", "X", "B", "B", "N", "N", "N"], "histo": [["B", "X", "B", "B", "N", "N", "N"], ["B", "X", "B", "B", "N", "N", "N"]]},
"2022-09-20 09:03:44.160000" : {"coup": 2, "jeu": ["B", "B", "X", "B", "N", "N", "N"], "histo": [["B", "B", "X", "B", "N", "N", "N"]]},
"2022-09-20 08:32:59.576000" : {"coup": 3, "jeu": ["B", "B", "N", "X", "B", "N", "N"], "histo": []},
"2022-09-20 09:13:38.041000" : {"coup": "Reset", "jeu": ["B", "B", "B", "X", "N", "N", "N"], "histo": []},
"2022-09-20 08:32:47.835000" : {"coup": 4, "jeu": ["B", "B", "N", "B", "X", "N", "N"], "histo": []},
"2022-09-20 08:42:10.438000" : {"coup": 2, "jeu": ["B", "B", "X", "B", "N", "N", "N"], "histo": []},
"2022-09-20 09:03:14.769000" : {"coup": 1, "jeu": ["B", "X", "B", "B", "N", "N", "N"], "histo": [["B", "X", "B", "B", "N", "N", "N"], ["B", "X", "B", "B", "N", "N", "N"]]},
"2022-09-20 09:10:09.405000" : {"coup": 5, "jeu": ["B", "N", "N", "B", "N", "X", "B"], "histo": [["B", "N", "N", "B", "N", "X", "B"], ["B", "N", "N", "B", "N", "X", "B"], ["B", "N", "N", "B", "N", "X", "B"], ["B", "N", "N", "B", "N", "X", "B"], ["B", "N", "N", "B", "N", "X", "B"], ["B", "N", "N", "B", "N", "X", "B"], ["B", "N", "N", "B", "N", "X", "B"], ["B", "N", "N", "B", "N", "X", "B"], ["B", "N", "N", "B", "N", "X", "B"]]},
"2022-09-20 09:03:15.474000" : {"coup": 0, "jeu": ["X", "B", "B", "B", "N", "N", "N"], "histo": [["X", "B", "B", "B", "N", "N", "N"], ["X", "B", "B", "B", "N", "N", "N"], ["X", "B", "B", "B", "N", "N", "N"]]},
"2022-09-20 09:13:47.832000" : {"coup": "Reset", "jeu": ["B", "B", "B", "X", "N", "N", "N"], "histo": []},
"2022-09-20 08:35:24.404000" : {"coup": 1, "jeu": ["N", "X", "N", "B", "N", "B", "B"], "histo": []},
"2022-09-20 09:13:34.008000" : {"coup": "Reset", "jeu": ["B", "B", "B", "X", "N", "N", "N"], "histo": [], "prog": "def saute(i):\n    if jeu[i]==\"B\" and i<6 and jeu[i+1]==\"X\": #Le blanc avance\n        historique.insert(0,jeu.copy)\n        jeu[i], jeu[i+1] = \"X\", \"B\"\n    elif jeu[i]==\"B\" and i<5 and jeu[i+1]==\"N\" and jeu[i+2]==\"X\":   #Le blanc saute\n        historique.insert(0,jeu.copy)\n        jeu[i], jeu[i+2] = \"X\", \"B\"\n    elif jeu[i]==\"N\" and i>0 and jeu[i-1]==\"X\": # Le noir avance\n        historique.insert(0,jeu.copy)\n        jeu[i], jeu[i-1] = \"X\", \"N\"\n    elif jeu[i]==\"N\" and i>1 and jeu[i-1]==\"B\" and jeu[i-2]==\"X\": # Le noir saute\n        historique.insert(0,jeu.copy)\n        jeu[i], jeu[i-2] = \"X\", \"N\"\ndef undo():\n    global jeu\n    jeu = historique[-1]\n    \n    \n"},
"2022-09-20 08:53:39.404000" : {"coup": "Reset", "jeu": ["B", "B", "B", "X", "N", "N", "N"], "histo": []},
"2022-09-20 08:51:59.645000" : {"coup": "Undo", "jeu": [], "histo": []},
"2022-09-20 08:59:29.049000" : {"coup": 2, "jeu": ["B", "B", "X", "B", "N", "N", "N"], "histo": []},
"2022-09-20 08:46:43.836000" : {"coup": 2, "jeu": ["B", "B", "X", "B", "N", "N", "N"], "histo": [["B", "B", "X", "B", "N", "N", "N"], ["B", "B", "X", "B", "N", "N", "N"]], "prog": "def saute(i):\n    if jeu[i]==\"B\" and i<6 and jeu[i+1]==\"X\": #Le blanc avance\n        jeu[i], jeu[i+1] = \"X\", \"B\"\n        historique.append(jeu)\n    elif jeu[i]==\"B\" and i<5 and jeu[i+1]==\"N\" and jeu[i+2]==\"X\":   #Le blanc saute\n        jeu[i], jeu[i+2] = \"X\", \"B\"\n        historique.append(jeu)\n    elif jeu[i]==\"N\" and i>0 and jeu[i-1]==\"X\": # Le noir avance\n        jeu[i], jeu[i-1] = \"X\", \"N\"\n    elif jeu[i]==\"N\" and i>1 and jeu[i-1]==\"B\" and jeu[i-2]==\"X\": # Le noir saute\n        jeu[i], jeu[i-2] = \"X\", \"N\"\ndef undo():\n    global jeu\n    jeu = [\"B\", \"B\", \"B\", \"X\", \"N\", \"N\", \"N\"]\n    \n    \n"},
"2022-09-20 08:46:56.338000" : {"coup": 1, "jeu": ["B", "X", "B", "B", "N", "N", "N"], "histo": [["B", "B", "X", "B", "N", "N", "N"], ["B", "X", "B", "B", "N", "N", "N"], ["B", "X", "B", "B", "N", "N", "N"], ["B", "B", "X", "N", "B", "N", "N"], ["B", "X", "B", "B", "N", "N", "N"], ["B", "X", "B", "B", "N", "N", "N"]]},
"2022-09-20 08:56:55.916000" : {"coup": 2, "jeu": ["B", "B", "X", "B", "N", "N", "N"], "histo": [["B", "B", "X", "B", "N", "N", "N"]]},
"2022-09-20 08:33:48.003000" : {"coup": 2, "jeu": ["B", "B", "X", "B", "N", "N", "N"], "histo": []},
"2022-09-20 09:19:31.031000" : {"coup": "Undo", "jeu": ["B", "B", "X", "B", "N", "N", "N"], "histo": [["B", "B", "B", "X", "N", "N", "N"], ["B", "B", "X", "B", "N", "N", "N"]]},
"2022-09-20 08:54:28.620000" : {"coup": "Reset", "jeu": ["B", "B", "B", "X", "N", "N", "N"], "histo": []},
"2022-09-20 08:46:55.705000" : {"coup": 2, "jeu": ["B", "B", "X", "B", "N", "N", "N"], "histo": [["B", "B", "X", "B", "N", "N", "N"], ["B", "X", "B", "B", "N", "N", "N"], ["B", "X", "B", "B", "N", "N", "N"], ["B", "B", "X", "N", "B", "N", "N"], ["B", "B", "X", "B", "N", "N", "N"]]},
"2022-09-20 09:02:03.552000" : {"coup": 2, "jeu": ["B", "B", "X", "B", "N", "N", "N"], "histo": [["B", "B", "X", "B", "N", "N", "N"]]},
"2022-09-20 08:35:25.249000" : {"coup": 2, "jeu": ["N", "N", "X", "B", "N", "B", "B"], "histo": []},
"2022-09-20 08:33:06.762000" : {"coup": 6, "jeu": ["B", "B", "N", "N", "N", "B", "X"], "histo": []},
"2022-09-20 09:19:34" : {"coup": 1, "jeu": ["B", "X", "B", "B", "N", "N", "N"], "histo": [["B", "B", "B", "X", "N", "N", "N"], ["B", "X", "B", "B", "N", "N", "N"], ["B", "B", "X", "B", "N", "N", "N"]]},
"2022-09-20 09:03:08.643000" : {"coup": 1, "jeu": ["N", "X", "B", "B", "N", "B", "N"], "histo": [["N", "X", "B", "B", "N", "B", "N"], ["N", "X", "B", "B", "N", "B", "N"], ["N", "X", "B", "B", "N", "B", "N"], ["N", "X", "B", "B", "N", "B", "N"], ["N", "X", "B", "B", "N", "B", "N"], ["N", "X", "B", "B", "N", "B", "N"], ["N", "X", "B", "B", "N", "B", "N"], ["N", "X", "B", "B", "N", "B", "N"]]},
"2022-09-20 09:09:33.071000" : {"coup": 4, "jeu": ["B", "B", "N", "N", "X", "B", "N"], "histo": [["B", "B", "N", "N", "X", "B", "N"], ["B", "B", "N", "N", "X", "B", "N"], ["B", "B", "N", "N", "X", "B", "N"], ["B", "B", "N", "N", "X", "B", "N"], ["B", "B", "N", "N", "X", "B", "N"]]},
"2022-09-20 09:02:51.610000" : {"coup": 4, "jeu": ["B", "B", "N", "B", "X", "N", "N"], "histo": [["B", "B", "N", "B", "X", "N", "N"], ["B", "B", "N", "B", "X", "N", "N"]]},
"2022-09-20 09:19:15.626000" : {"coup": 1, "jeu": ["B", "X", "B", "B", "N", "N", "N"], "histo": [["B", "B", "B", "X", "N", "N", "N"], ["B", "B", "X", "B", "N", "N", "N"]]},
"2022-09-20 09:10:23.900000" : {"coup": "Undo", "jeu": ["B", "B", "X", "B", "N", "N", "N"], "histo": [["B", "B", "X", "B", "N", "N", "N"]]},
"2022-09-20 08:54:24.856000" : {"coup": "Undo", "jeu": [["B", "B", "X", "B", "N", "N", "N"]], "histo": [["B", "B", "X", "B", "N", "N", "N"]]},
"2022-09-20 08:46:47.995000" : {"coup": "Undo", "jeu": ["B", "B", "B", "X", "N", "N", "N"], "histo": [["B", "B", "X", "B", "N", "N", "N"], ["B", "X", "B", "B", "N", "N", "N"], ["B", "X", "B", "B", "N", "N", "N"]]},
"2022-09-20 09:02:57.497000" : {"coup": 5, "jeu": ["B", "B", "N", "B", "N", "X", "N"], "histo": [["B", "B", "N", "B", "N", "X", "N"], ["B", "B", "N", "B", "N", "X", "N"], ["B", "B", "N", "B", "N", "X", "N"]]},
"2022-09-20 08:55:34.922000" : {"coup": "Reset", "jeu": ["B", "B", "B", "X", "N", "N", "N"], "histo": []},
"2022-09-20 09:03:47.045000" : {"coup": "Undo", "jeu": ["B", "X", "B", "B", "N", "N", "N"], "histo": [["B", "X", "B", "B", "N", "N", "N"], ["B", "X", "B", "B", "N", "N", "N"]]},
"2022-09-20 09:19:30.875000" : {"coup": "Undo", "jeu": ["B", "B", "X", "B", "N", "N", "N"], "histo": [["B", "B", "B", "X", "N", "N", "N"], ["B", "B", "X", "B", "N", "N", "N"]]},
"2022-09-20 08:52:47.238000" : {"coup": "Reset", "jeu": ["B", "B", "B", "X", "N", "N", "N"], "histo": [], "prog": "def saute(i):\n    if jeu[i]==\"B\" and i<6 and jeu[i+1]==\"X\": #Le blanc avance\n        historique.append(jeu[x] for x in range(7))\n        jeu[i], jeu[i+1] = \"X\", \"B\"\n    elif jeu[i]==\"B\" and i<5 and jeu[i+1]==\"N\" and jeu[i+2]==\"X\":   #Le blanc saute\n        historique.append(jeu[x] for x in range(7))\n        jeu[i], jeu[i+2] = \"X\", \"B\"\n    elif jeu[i]==\"N\" and i>0 and jeu[i-1]==\"X\": # Le noir avance\n        historique.append(jeu[x] for x in range(7))\n        jeu[i], jeu[i-1] = \"X\", \"N\"\n    elif jeu[i]==\"N\" and i>1 and jeu[i-1]==\"B\" and jeu[i-2]==\"X\": # Le noir saute\n        historique.append(jeu[x] for x in range(7))\n        jeu[i], jeu[i-2] = \"X\", \"N\"\ndef undo():\n    global jeu\n    jeu = historique\n    \n    \n"},
"2022-09-20 09:13:07.049000" : {"coup": "Reset", "jeu": ["B", "B", "B", "X", "N", "N", "N"], "histo": [], "prog": "def saute(i):\n    if jeu[i]==\"B\" and i<6 and jeu[i+1]==\"X\": #Le blanc avance\n        historique.insert(jeu.copy)\n        jeu[i], jeu[i+1] = \"X\", \"B\"\n    elif jeu[i]==\"B\" and i<5 and jeu[i+1]==\"N\" and jeu[i+2]==\"X\":   #Le blanc saute\n        historique.insert(jeu.copy)\n        jeu[i], jeu[i+2] = \"X\", \"B\"\n    elif jeu[i]==\"N\" and i>0 and jeu[i-1]==\"X\": # Le noir avance\n        historique.insert(jeu.copy)\n        jeu[i], jeu[i-1] = \"X\", \"N\"\n    elif jeu[i]==\"N\" and i>1 and jeu[i-1]==\"B\" and jeu[i-2]==\"X\": # Le noir saute\n        historique.insert(jeu.copy)\n        jeu[i], jeu[i-2] = \"X\", \"N\"\ndef undo():\n    global jeu\n    jeu = historique[-1]\n    \n    \n"},
"2022-09-20 08:48:10.837000" : {"coup": "Undo", "jeu": ["B", "B", "B", "X", "N", "N", "N"], "histo": [["B", "B", "N", "X", "B", "N", "N"], ["B", "B", "N", "X", "B", "N", "N"], ["B", "B", "N", "X", "B", "N", "N"]]},
"2022-09-20 09:04:50.807000" : {"coup": 2, "jeu": ["B", "B", "X", "B", "N", "N", "N"], "histo": [["B", "B", "X", "B", "N", "N", "N"]]},
"2022-09-20 08:59:26.694000" : {"coup": "Reset", "jeu": ["B", "B", "B", "X", "N", "N", "N"], "histo": [], "prog": "def saute(i):\n    if jeu[i]==\"B\" and i<6 and jeu[i+1]==\"X\": #Le blanc avance\n        historique = jeu\n        jeu[i], jeu[i+1] = \"X\", \"B\"\n    elif jeu[i]==\"B\" and i<5 and jeu[i+1]==\"N\" and jeu[i+2]==\"X\":   #Le blanc saute\n        historique = jeu\n        jeu[i], jeu[i+2] = \"X\", \"B\"\n    elif jeu[i]==\"N\" and i>0 and jeu[i-1]==\"X\": # Le noir avance\n        historique = jeu\n        jeu[i], jeu[i-1] = \"X\", \"N\"\n    elif jeu[i]==\"N\" and i>1 and jeu[i-1]==\"B\" and jeu[i-2]==\"X\": # Le noir saute\n        historique = jeu\n        jeu[i], jeu[i-2] = \"X\", \"N\"\ndef undo():\n    global jeu\n    jeu = historique[0:7]\n    \n    \n"},
"2022-09-20 08:53:34.381000" : {"coup": "Reset", "jeu": ["B", "B", "B", "X", "N", "N", "N"], "histo": []},
"2022-09-20 08:33:10.872000" : {"coup": "Undo", "jeu": ["B", "B", "B", "X", "N", "N", "N"], "histo": []},
"2022-09-20 09:03:02.024000" : {"coup": 1, "jeu": ["B", "X", "N", "B", "N", "B", "N"], "histo": [["B", "X", "N", "B", "N", "B", "N"], ["B", "X", "N", "B", "N", "B", "N"], ["B", "X", "N", "B", "N", "B", "N"], ["B", "X", "N", "B", "N", "B", "N"], ["B", "X", "N", "B", "N", "B", "N"]]},
"2022-09-20 08:35:13.366000" : {"coup": 4, "jeu": ["N", "B", "N", "B", "X", "B", "N"], "histo": []},
"2022-09-20 09:03:11.275000" : {"coup": "Reset", "jeu": ["B", "B", "B", "X", "N", "N", "N"], "histo": []},
"2022-09-20 08:35:02.505000" : {"coup": 4, "jeu": ["B", "B", "N", "B", "X", "N", "N"], "histo": []},
"2022-09-20 08:35:02.841000" : {"coup": 5, "jeu": ["B", "B", "N", "B", "N", "X", "N"], "histo": []},
"2022-09-20 09:19:30.497000" : {"coup": "Undo", "jeu": ["B", "B", "X", "B", "N", "N", "N"], "histo": [["B", "B", "B", "X", "N", "N", "N"], ["B", "B", "X", "B", "N", "N", "N"]]},
"2022-09-20 08:42:58.207000" : {"coup": "Reset", "jeu": ["B", "B", "B", "X", "N", "N", "N"], "histo": []},
"2022-09-20 09:02:04.816000" : {"coup": "Undo", "jeu": ["B", "B", "X", "B", "N", "N", "N"], "histo": [["B", "B", "X", "B", "N", "N", "N"]]},
"2022-09-20 09:02:48.741000" : {"coup": 2, "jeu": ["B", "B", "X", "B", "N", "N", "N"], "histo": [["B", "B", "X", "B", "N", "N", "N"]]},
"2022-09-20 08:46:50.832000" : {"coup": 2, "jeu": ["B", "B", "X", "N", "B", "N", "N"], "histo": [["B", "B", "X", "B", "N", "N", "N"], ["B", "X", "B", "B", "N", "N", "N"], ["B", "X", "B", "B", "N", "N", "N"], ["B", "B", "X", "N", "B", "N", "N"]]},
"2022-09-20 08:35:03.408000" : {"coup": 3, "jeu": ["B", "B", "N", "X", "N", "B", "N"], "histo": []},
"2022-09-20 09:02:09.658000" : {"coup": "Undo", "jeu": ["B", "B", "X", "B", "N", "N", "N"], "histo": [["B", "B", "X", "B", "N", "N", "N"]]},
"2022-09-20 08:34:14.152000" : {"coup": "Undo", "jeu": ["B", "B", "B", "X", "N", "N", "N"], "histo": []},
"2022-09-20 09:19:30.672000" : {"coup": "Undo", "jeu": ["B", "B", "X", "B", "N", "N", "N"], "histo": [["B", "B", "B", "X", "N", "N", "N"], ["B", "B", "X", "B", "N", "N", "N"]]},
"2022-09-20 08:58:48.868000" : {"coup": "Undo", "jeu": [], "histo": []},
"2022-09-20 08:46:22.276000" : {"coup": "Undo", "jeu": ["B", "B", "B", "X", "N", "N", "N"], "histo": [["B", "B", "X", "B", "N", "N", "N"]]},
"2022-09-20 09:19:13.887000" : {"coup": 2, "jeu": ["B", "B", "X", "B", "N", "N", "N"], "histo": [["B", "B", "B", "X", "N", "N", "N"]]},
"2022-09-20 09:09:40.700000" : {"coup": 5, "jeu": ["B", "B", "N", "B", "N", "X", "N"], "histo": [["B", "B", "N", "B", "N", "X", "N"], ["B", "B", "N", "B", "N", "X", "N"], ["B", "B", "N", "B", "N", "X", "N"]]},
"2022-09-20 09:02:58.964000" : {"coup": 3, "jeu": ["B", "B", "N", "X", "N", "B", "N"], "histo": [["B", "B", "N", "X", "N", "B", "N"], ["B", "B", "N", "X", "N", "B", "N"], ["B", "B", "N", "X", "N", "B", "N"], ["B", "B", "N", "X", "N", "B", "N"]]},
"2022-09-20 09:19:35.957000" : {"coup": "Undo", "jeu": ["B", "X", "B", "B", "N", "N", "N"], "histo": [["B", "B", "B", "X", "N", "N", "N"], ["X", "B", "B", "B", "N", "N", "N"], ["B", "B", "X", "B", "N", "N", "N"], ["B", "X", "B", "B", "N", "N", "N"]]},
"2022-09-20 09:03:13.993000" : {"coup": 2, "jeu": ["B", "B", "X", "B", "N", "N", "N"], "histo": [["B", "B", "X", "B", "N", "N", "N"]]},
"2022-09-20 08:34:10.650000" : {"coup": 1, "jeu": ["B", "X", "N", "B", "B", "N", "N"], "histo": []},
"2022-09-20 09:03:05.286000" : {"coup": 2, "jeu": ["B", "N", "X", "B", "N", "B", "N"], "histo": [["B", "N", "X", "B", "N", "B", "N"], ["B", "N", "X", "B", "N", "B", "N"], ["B", "N", "X", "B", "N", "B", "N"], ["B", "N", "X", "B", "N", "B", "N"], ["B", "N", "X", "B", "N", "B", "N"], ["B", "N", "X", "B", "N", "B", "N"]]},
"2022-09-20 09:09:41.398000" : {"coup": 3, "jeu": ["B", "B", "N", "X", "N", "B", "N"], "histo": [["B", "B", "N", "X", "N", "B", "N"], ["B", "B", "N", "X", "N", "B", "N"], ["B", "B", "N", "X", "N", "B", "N"], ["B", "B", "N", "X", "N", "B", "N"]]},
"2022-09-20 09:04:52.872000" : {"coup": 1, "jeu": ["B", "X", "B", "B", "N", "N", "N"], "histo": [["B", "X", "B", "B", "N", "N", "N"], ["B", "X", "B", "B", "N", "N", "N"]]},
"2022-09-20 09:03:46.095000" : {"coup": 1, "jeu": ["B", "X", "B", "B", "N", "N", "N"], "histo": [["B", "X", "B", "B", "N", "N", "N"], ["B", "X", "B", "B", "N", "N", "N"]]},
"2022-09-20 08:34:24.164000" : {"coup": 5, "jeu": ["B", "B", "B", "X", "N", "N", "N"], "histo": []},
"2022-09-20 08:48:03.081000" : {"coup": "Reset", "jeu": ["B", "B", "B", "X", "N", "N", "N"], "histo": []},
"2022-09-20 08:48:04.141000" : {"coup": 4, "jeu": ["B", "B", "B", "N", "X", "N", "N"], "histo": [["B", "B", "B", "N", "X", "N", "N"]]},
"2022-09-20 09:15:49.374000" : {"coup": "Reset", "jeu": ["B", "B", "B", "X", "N", "N", "N"], "histo": [], "prog": "def saute(i):\n    if jeu[i]==\"B\" and i<6 and jeu[i+1]==\"X\": #Le blanc avance\n        historique.copy\n        historique.insert(0,jeu)\n        jeu[i], jeu[i+1] = \"X\", \"B\"\n    elif jeu[i]==\"B\" and i<5 and jeu[i+1]==\"N\" and jeu[i+2]==\"X\":   #Le blanc saute\n        historique.copy\n        historique.insert(0,jeu)\n        jeu[i], jeu[i+2] = \"X\", \"B\"\n    elif jeu[i]==\"N\" and i>0 and jeu[i-1]==\"X\": # Le noir avance\n        historique.copy\n        historique.insert(0,jeu)\n        jeu[i], jeu[i-1] = \"X\", \"N\"\n    elif jeu[i]==\"N\" and i>1 and jeu[i-1]==\"B\" and jeu[i-2]==\"X\": # Le noir saute\n        historique.copy\n        historique.insert(0,jeu)\n        jeu[i], jeu[i-2] = \"X\", \"N\"\ndef undo():\n    global jeu\n    jeu = historique[-1]\n    \n    \n"},
"2022-09-20 08:53:39.620000" : {"coup": "Reset", "jeu": ["B", "B", "B", "X", "N", "N", "N"], "histo": []},
"2022-09-20 08:35:21.176000" : {"coup": 5, "jeu": ["N", "B", "N", "B", "N", "X", "B"], "histo": []},
"2022-09-20 09:02:02.620000" : {"coup": "Reset", "jeu": ["B", "B", "B", "X", "N", "N", "N"], "histo": []},
"2022-09-20 08:46:46.706000" : {"coup": 1, "jeu": ["B", "X", "B", "B", "N", "N", "N"], "histo": [["B", "B", "X", "B", "N", "N", "N"], ["B", "X", "B", "B", "N", "N", "N"], ["B", "X", "B", "B", "N", "N", "N"]]},
"2022-09-20 08:52:02.870000" : {"coup": "Reset", "jeu": ["B", "B", "B", "X", "N", "N", "N"], "histo": []},
"2022-09-20 08:46:50.294000" : {"coup": 4, "jeu": ["B", "B", "B", "N", "X", "N", "N"], "histo": [["B", "B", "X", "B", "N", "N", "N"], ["B", "X", "B", "B", "N", "N", "N"], ["B", "X", "B", "B", "N", "N", "N"]]},
"2022-09-20 08:46:16.244000" : {"coup": "Reset", "jeu": ["B", "B", "B", "X", "N", "N", "N"], "histo": []},
"2022-09-20 08:33:49.365000" : {"coup": 4, "jeu": ["B", "B", "N", "B", "X", "N", "N"], "histo": []},
"2022-09-20 08:51:27.567000" : {"coup": "Reset", "jeu": ["B", "B", "B", "X", "N", "N", "N"], "histo": [], "prog": "def saute(i):\n    if jeu[i]==\"B\" and i<6 and jeu[i+1]==\"X\": #Le blanc avance\n        historique.append(jeu[i] for i in range(7))\n        jeu[i], jeu[i+1] = \"X\", \"B\"\n    elif jeu[i]==\"B\" and i<5 and jeu[i+1]==\"N\" and jeu[i+2]==\"X\":   #Le blanc saute\n        historique.append(jeu[i] for i in range(7))\n        jeu[i], jeu[i+2] = \"X\", \"B\"\n    elif jeu[i]==\"N\" and i>0 and jeu[i-1]==\"X\": # Le noir avance\n        historique.append(jeu[i] for i in range(7))\n        jeu[i], jeu[i-1] = \"X\", \"N\"\n    elif jeu[i]==\"N\" and i>1 and jeu[i-1]==\"B\" and jeu[i-2]==\"X\": # Le noir saute\n        historique.append(jeu[i] for i in range(7))\n        jeu[i], jeu[i-2] = \"X\", \"N\"\ndef undo():\n    global jeu\n    jeu = historique\n    \n    \n"},
"2022-09-20 09:07:37.431000" : {"coup": 2, "jeu": ["B", "B", "X", "B", "N", "N", "N"], "histo": [["B", "B", "X", "B", "N", "N", "N"]]},
"2022-09-20 09:19:31.192000" : {"coup": "Undo", "jeu": ["B", "B", "X", "B", "N", "N", "N"], "histo": [["B", "B", "B", "X", "N", "N", "N"], ["B", "B", "X", "B", "N", "N", "N"]]},
"2022-09-20 09:10:23.280000" : {"coup": "Undo", "jeu": ["B", "B", "X", "B", "N", "N", "N"], "histo": [["B", "B", "X", "B", "N", "N", "N"]]},
"2022-09-20 08:48:06.356000" : {"coup": 2, "jeu": ["B", "B", "X", "N", "B", "N", "N"], "histo": [["B", "B", "X", "N", "B", "N", "N"], ["B", "B", "X", "N", "B", "N", "N"]]},
"2022-09-20 08:46:15.919000" : {"coup": 2, "jeu": ["B", "B", "X", "B", "N", "N", "N"], "histo": [["B", "B", "X", "B", "N", "N", "N"]]},
"2022-09-20 08:56:54.614000" : {"coup": "Reset", "jeu": ["B", "B", "B", "X", "N", "N", "N"], "histo": []},
"2022-09-20 08:47:48.224000" : {"coup": "Reset", "jeu": ["B", "B", "B", "X", "N", "N", "N"], "histo": [], "prog": "def saute(i):\n    if jeu[i]==\"B\" and i<6 and jeu[i+1]==\"X\": #Le blanc avance\n        historique.append(jeu)\n        jeu[i], jeu[i+1] = \"X\", \"B\"\n    elif jeu[i]==\"B\" and i<5 and jeu[i+1]==\"N\" and jeu[i+2]==\"X\":   #Le blanc saute\n        historique.append(jeu)\n        jeu[i], jeu[i+2] = \"X\", \"B\"\n    elif jeu[i]==\"N\" and i>0 and jeu[i-1]==\"X\": # Le noir avance\n        historique.append(jeu)\n        jeu[i], jeu[i-1] = \"X\", \"N\"\n    elif jeu[i]==\"N\" and i>1 and jeu[i-1]==\"B\" and jeu[i-2]==\"X\": # Le noir saute\n        historique.append(jeu)\n        jeu[i], jeu[i-2] = \"X\", \"N\"\ndef undo():\n    global jeu\n    jeu = [\"B\", \"B\", \"B\", \"X\", \"N\", \"N\", \"N\"]\n    \n    \n"},
"2022-09-20 09:15:52.284000" : {"coup": 2, "jeu": ["B", "B", "X", "B", "N", "N", "N"], "histo": [["B", "B", "X", "B", "N", "N", "N"]]},
"2022-09-20 08:48:00.140000" : {"coup": 4, "jeu": ["B", "B", "B", "N", "X", "N", "N"], "histo": [["B", "X", "B", "B", "N", "N", "N"], ["B", "X", "B", "B", "N", "N", "N"], ["B", "B", "B", "N", "X", "N", "N"]]},
"2022-09-20 09:10:10.077000" : {"coup": 3, "jeu": ["B", "N", "N", "X", "N", "B", "B"], "histo": [["B", "N", "N", "X", "N", "B", "B"], ["B", "N", "N", "X", "N", "B", "B"], ["B", "N", "N", "X", "N", "B", "B"], ["B", "N", "N", "X", "N", "B", "B"], ["B", "N", "N", "X", "N", "B", "B"], ["B", "N", "N", "X", "N", "B", "B"], ["B", "N", "N", "X", "N", "B", "B"], ["B", "N", "N", "X", "N", "B", "B"], ["B", "N", "N", "X", "N", "B", "B"], ["B", "N", "N", "X", "N", "B", "B"]]},
"2022-09-20 08:42:06.165000" : {"coup": "Reset", "jeu": ["B", "B", "B", "X", "N", "N", "N"], "histo": []},
"2022-09-20 08:48:09.742000" : {"coup": 3, "jeu": ["B", "B", "N", "X", "B", "N", "N"], "histo": [["B", "B", "N", "X", "B", "N", "N"], ["B", "B", "N", "X", "B", "N", "N"], ["B", "B", "N", "X", "B", "N", "N"]]},
"2022-09-20 08:56:54.686000" : {"coup": "Reset", "jeu": ["B", "B", "B", "X", "N", "N", "N"], "histo": []},
"2022-09-20 09:03:48.513000" : {"coup": 0, "jeu": ["X", "B", "B", "B", "N", "N", "N"], "histo": [["X", "B", "B", "B", "N", "N", "N"], ["X", "B", "B", "B", "N", "N", "N"], ["X", "B", "B", "B", "N", "N", "N"]]},
"2022-09-20 09:18:29.988000" : {"coup": "Reset", "jeu": ["B", "B", "B", "X", "N", "N", "N"], "histo": [], "prog": "def saute(i):\n    if jeu[i]==\"B\" and i<6 and jeu[i+1]==\"X\": #Le blanc avance\n        historique.append(jeu.copy)\n        jeu[i], jeu[i+1] = \"X\", \"B\"\n    elif jeu[i]==\"B\" and i<5 and jeu[i+1]==\"N\" and jeu[i+2]==\"X\":   #Le blanc saute\n        historique.append(jeu.copy)\n        jeu[i], jeu[i+2] = \"X\", \"B\"\n    elif jeu[i]==\"N\" and i>0 and jeu[i-1]==\"X\": # Le noir avance\n        historique.append(jeu.copy)\n        jeu[i], jeu[i-1] = \"X\", \"N\"\n    elif jeu[i]==\"N\" and i>1 and jeu[i-1]==\"B\" and jeu[i-2]==\"X\": # Le noir saute\n        historique.append(jeu.copy)\n        jeu[i], jeu[i-2] = \"X\", \"N\"\ndef undo():\n    global jeu\n    jeu = historique[-1]\n    \n    \n"},
"2022-09-20 08:48:28.337000" : {"coup": 2, "jeu": ["B", "B", "X", "B", "N", "N", "N"], "histo": [["B", "B", "X", "B", "N", "N", "N"]]},
"2022-09-20 08:48:26.994000" : {"coup": "Reset", "jeu": ["B", "B", "B", "X", "N", "N", "N"], "histo": [], "prog": "def saute(i):\n    if jeu[i]==\"B\" and i<6 and jeu[i+1]==\"X\": #Le blanc avance\n        historique.append(jeu)\n        jeu[i], jeu[i+1] = \"X\", \"B\"\n    elif jeu[i]==\"B\" and i<5 and jeu[i+1]==\"N\" and jeu[i+2]==\"X\":   #Le blanc saute\n        historique.append(jeu)\n        jeu[i], jeu[i+2] = \"X\", \"B\"\n    elif jeu[i]==\"N\" and i>0 and jeu[i-1]==\"X\": # Le noir avance\n        historique.append(jeu)\n        jeu[i], jeu[i-1] = \"X\", \"N\"\n    elif jeu[i]==\"N\" and i>1 and jeu[i-1]==\"B\" and jeu[i-2]==\"X\": # Le noir saute\n        historique.append(jeu)\n        jeu[i], jeu[i-2] = \"X\", \"N\"\ndef undo():\n    global jeu\n    jeu = historique\n    \n    \n"},
"2022-09-20 09:07:57.007000" : {"coup": "Reset", "jeu": ["B", "B", "B", "X", "N", "N", "N"], "histo": []},
"2022-09-20 08:59:36.604000" : {"coup": "Undo", "jeu": [], "histo": []},
"2022-09-20 08:48:29.824000" : {"coup": 4, "jeu": ["B", "B", "N", "B", "X", "N", "N"], "histo": [["B", "B", "N", "B", "X", "N", "N"], ["B", "B", "N", "B", "X", "N", "N"]]},
"2022-09-20 09:03:49.555000" : {"coup": "Undo", "jeu": ["X", "B", "B", "B", "N", "N", "N"], "histo": [["X", "B", "B", "B", "N", "N", "N"], ["X", "B", "B", "B", "N", "N", "N"], ["X", "B", "B", "B", "N", "N", "N"]]},
"2022-09-20 09:05:10.861000" : {"coup": 0, "jeu": ["X", "B", "B", "B", "N", "N", "N"], "histo": [["X", "B", "B", "B", "N", "N", "N"], ["X", "B", "B", "B", "N", "N", "N"], ["X", "B", "B", "B", "N", "N", "N"]]},
"2022-09-20 09:01:20.421000" : {"coup": "Reset", "jeu": ["B", "B", "B", "X", "N", "N", "N"], "histo": [], "prog": "def saute(i):\n    if jeu[i]==\"B\" and i<6 and jeu[i+1]==\"X\": #Le blanc avance\n        historique.append(jeu)\n        jeu[i], jeu[i+1] = \"X\", \"B\"\n    elif jeu[i]==\"B\" and i<5 and jeu[i+1]==\"N\" and jeu[i+2]==\"X\":   #Le blanc saute\n        historique.append(jeu)\n        jeu[i], jeu[i+2] = \"X\", \"B\"\n    elif jeu[i]==\"N\" and i>0 and jeu[i-1]==\"X\": # Le noir avance\n        historique.append(jeu)\n        jeu[i], jeu[i-1] = \"X\", \"N\"\n    elif jeu[i]==\"N\" and i>1 and jeu[i-1]==\"B\" and jeu[i-2]==\"X\": # Le noir saute\n        historique.append(jeu)\n        jeu[i], jeu[i-2] = \"X\", \"N\"\ndef undo():\n    global jeu\n    jeu = historique[-1]\n    \n    \n"},
"2022-09-20 09:01:40.841000" : {"coup": "Undo", "jeu": ["B", "N", "X", "B", "B", "N", "N"], "histo": [["B", "N", "X", "B", "B", "N", "N"], ["B", "N", "X", "B", "B", "N", "N"], ["B", "N", "X", "B", "B", "N", "N"], ["B", "N", "X", "B", "B", "N", "N"], ["B", "N", "X", "B", "B", "N", "N"]]},
"2022-09-20 08:52:05.533000" : {"coup": "Reset", "jeu": ["B", "B", "B", "X", "N", "N", "N"], "histo": []},
"2022-09-20 08:34:34.177000" : {"coup": 2, "jeu": ["B", "B", "X", "B", "N", "N", "N"], "histo": []},
"2022-09-20 09:02:09.976000" : {"coup": "Undo", "jeu": ["B", "B", "X", "B", "N", "N", "N"], "histo": [["B", "B", "X", "B", "N", "N", "N"]]},
"2022-09-20 09:15:54.421000" : {"coup": 1, "jeu": ["B", "X", "B", "B", "N", "N", "N"], "histo": [["B", "X", "B", "B", "N", "N", "N"], ["B", "X", "B", "B", "N", "N", "N"]]},
"2022-09-20 09:07:34.590000" : {"coup": "Reset", "jeu": ["B", "B", "B", "X", "N", "N", "N"], "histo": [], "prog": "def saute(i):\n    if jeu[i]==\"B\" and i<6 and jeu[i+1]==\"X\": #Le blanc avance\n        historique.insert(0,jeu)\n        jeu[i], jeu[i+1] = \"X\", \"B\"\n    elif jeu[i]==\"B\" and i<5 and jeu[i+1]==\"N\" and jeu[i+2]==\"X\":   #Le blanc saute\n        historique.insert(0,jeu)\n        jeu[i], jeu[i+2] = \"X\", \"B\"\n    elif jeu[i]==\"N\" and i>0 and jeu[i-1]==\"X\": # Le noir avance\n        historique.insert(0,jeu)\n        jeu[i], jeu[i-1] = \"X\", \"N\"\n    elif jeu[i]==\"N\" and i>1 and jeu[i-1]==\"B\" and jeu[i-2]==\"X\": # Le noir saute\n        historique.insert(0,jeu)\n        jeu[i], jeu[i-2] = \"X\", \"N\"\ndef undo():\n    global jeu\n    jeu = historique[-1]\n    \n    \n"},
"2022-09-20 08:47:53.743000" : {"coup": 1, "jeu": ["B", "X", "B", "B", "N", "N", "N"], "histo": [["B", "X", "B", "B", "N", "N", "N"], ["B", "X", "B", "B", "N", "N", "N"]]},
"2022-09-20 09:01:23.082000" : {"coup": 2, "jeu": ["B", "B", "X", "B", "N", "N", "N"], "histo": [["B", "B", "X", "B", "N", "N", "N"]]},
"2022-09-20 08:53:34.588000" : {"coup": "Reset", "jeu": ["B", "B", "B", "X", "N", "N", "N"], "histo": []},
"2022-09-20 08:46:52.077000" : {"coup": "Undo", "jeu": ["B", "B", "B", "X", "N", "N", "N"], "histo": [["B", "B", "X", "B", "N", "N", "N"], ["B", "X", "B", "B", "N", "N", "N"], ["B", "X", "B", "B", "N", "N", "N"], ["B", "B", "X", "N", "B", "N", "N"]]},
"2022-09-20 08:34:23.296000" : {"coup": "Undo", "jeu": ["B", "B", "B", "X", "N", "N", "N"], "histo": []},
"2022-09-20 08:53:40.330000" : {"coup": "Reset", "jeu": ["B", "B", "B", "X", "N", "N", "N"], "histo": []},
"2022-09-20 08:47:00.027000" : {"coup": "Undo", "jeu": ["B", "B", "B", "X", "N", "N", "N"], "histo": [["B", "B", "X", "B", "N", "N", "N"], ["B", "X", "B", "B", "N", "N", "N"], ["B", "X", "B", "B", "N", "N", "N"], ["B", "B", "X", "N", "B", "N", "N"], ["X", "B", "B", "B", "N", "N", "N"], ["X", "B", "B", "B", "N", "N", "N"], ["X", "B", "B", "B", "N", "N", "N"]]},
"2022-09-20 08:55:35.512000" : {"coup": "Undo", "jeu": [], "histo": []},
"2022-09-20 08:35:25.906000" : {"coup": 4, "jeu": ["N", "N", "N", "B", "X", "B", "B"], "histo": []},
"2022-09-20 08:35:22.324000" : {"coup": 3, "jeu": ["N", "B", "N", "X", "N", "B", "B"], "histo": []},
"2022-09-20 09:07:58.434000" : {"coup": 2, "jeu": ["B", "B", "X", "B", "N", "N", "N"], "histo": [["B", "B", "X", "B", "N", "N", "N"]]},
"2022-09-20 09:02:14.827000" : {"coup": "Reset", "jeu": ["B", "B", "B", "X", "N", "N", "N"], "histo": []},
"2022-09-20 09:03:07.607000" : {"coup": 0, "jeu": ["X", "N", "B", "B", "N", "B", "N"], "histo": [["X", "N", "B", "B", "N", "B", "N"], ["X", "N", "B", "B", "N", "B", "N"], ["X", "N", "B", "B", "N", "B", "N"], ["X", "N", "B", "B", "N", "B", "N"], ["X", "N", "B", "B", "N", "B", "N"], ["X", "N", "B", "B", "N", "B", "N"], ["X", "N", "B", "B", "N", "B", "N"]]},
"2022-09-20 09:19:35.582000" : {"coup": "Undo", "jeu": ["B", "X", "B", "B", "N", "N", "N"], "histo": [["B", "B", "B", "X", "N", "N", "N"], ["X", "B", "B", "B", "N", "N", "N"], ["B", "B", "X", "B", "N", "N", "N"], ["B", "X", "B", "B", "N", "N", "N"]]},
"2022-09-20 09:19:36.302000" : {"coup": "Undo", "jeu": ["B", "X", "B", "B", "N", "N", "N"], "histo": [["B", "B", "B", "X", "N", "N", "N"], ["X", "B", "B", "B", "N", "N", "N"], ["B", "B", "X", "B", "N", "N", "N"], ["B", "X", "B", "B", "N", "N", "N"]]},
"2022-09-20 08:42:11.466000" : {"coup": "Undo", "jeu": [], "histo": []},
"2022-09-20 09:10:18.101000" : {"coup": 2, "jeu": ["B", "B", "X", "B", "N", "N", "N"], "histo": [["B", "B", "X", "B", "N", "N", "N"]]},
"2022-09-20 09:01:25.810000" : {"coup": 4, "jeu": ["B", "B", "N", "B", "X", "N", "N"], "histo": [["B", "B", "N", "B", "X", "N", "N"], ["B", "B", "N", "B", "X", "N", "N"]]},
"2022-09-20 08:32:16.278000" : {"coup": "Load", "jeu": ["B", "B", "B", "X", "N", "N", "N"], "histo": []},
"2022-09-20 08:47:51.902000" : {"coup": 2, "jeu": ["B", "B", "X", "B", "N", "N", "N"], "histo": [["B", "B", "X", "B", "N", "N", "N"]]},
"2022-09-20 09:19:38.510000" : {"coup": 1, "jeu": ["B", "X", "B", "B", "N", "N", "N"], "histo": [["B", "B", "B", "X", "N", "N", "N"], ["X", "B", "B", "B", "N", "N", "N"], ["B", "B", "X", "B", "N", "N", "N"], ["B", "X", "B", "B", "N", "N", "N"]]},
"2022-09-20 08:52:02.100000" : {"coup": "Reset", "jeu": ["B", "B", "B", "X", "N", "N", "N"], "histo": []},
"2022-09-20 08:58:47.501000" : {"coup": 2, "jeu": ["B", "B", "X", "N", "B", "N", "N"], "histo": []},
"2022-09-20 09:06:04.877000" : {"coup": 2, "jeu": ["B", "B", "X", "B", "N", "N", "N"], "histo": [["B", "B", "X", "B", "N", "N", "N"]]},
"2022-09-20 09:09:36.292000" : {"coup": "Reset", "jeu": ["B", "B", "B", "X", "N", "N", "N"], "histo": []},
"2022-09-20 09:10:06.276000" : {"coup": 4, "jeu": ["B", "N", "N", "B", "X", "B", "N"], "histo": [["B", "N", "N", "B", "X", "B", "N"], ["B", "N", "N", "B", "X", "B", "N"], ["B", "N", "N", "B", "X", "B", "N"], ["B", "N", "N", "B", "X", "B", "N"], ["B", "N", "N", "B", "X", "B", "N"], ["B", "N", "N", "B", "X", "B", "N"], ["B", "N", "N", "B", "X", "B", "N"]]},
"2022-09-20 08:55:28.812000" : {"coup": "Reset", "jeu": ["B", "B", "B", "X", "N", "N", "N"], "histo": [], "prog": "def saute(i):\n    if jeu[i]==\"B\" and i<6 and jeu[i+1]==\"X\": #Le blanc avance\n        historique.append(jeu.copy)\n        jeu[i], jeu[i+1] = \"X\", \"B\"\n    elif jeu[i]==\"B\" and i<5 and jeu[i+1]==\"N\" and jeu[i+2]==\"X\":   #Le blanc saute\n        historique.append(jeu.copy)\n        jeu[i], jeu[i+2] = \"X\", \"B\"\n    elif jeu[i]==\"N\" and i>0 and jeu[i-1]==\"X\": # Le noir avance\n        historique.append(jeu.copy)\n        jeu[i], jeu[i-1] = \"X\", \"N\"\n    elif jeu[i]==\"N\" and i>1 and jeu[i-1]==\"B\" and jeu[i-2]==\"X\": # Le noir saute\n        historique.append(jeu.copy)\n        jeu[i], jeu[i-2] = \"X\", \"N\"\ndef undo():\n    global jeu\n    jeu = historique\n    \n    \n"},
"2022-09-20 09:19:37.133000" : {"coup": "Undo", "jeu": ["B", "X", "B", "B", "N", "N", "N"], "histo": [["B", "B", "B", "X", "N", "N", "N"], ["X", "B", "B", "B", "N", "N", "N"], ["B", "B", "X", "B", "N", "N", "N"], ["B", "X", "B", "B", "N", "N", "N"]]},
"2022-09-20 08:59:33.659000" : {"coup": 5, "jeu": ["B", "B", "N", "N", "B", "X", "N"], "histo": []},
"2022-09-20 08:56:53.305000" : {"coup": "Undo", "jeu": [], "histo": [], "prog": "def saute(i):\n    if jeu[i]==\"B\" and i<6 and jeu[i+1]==\"X\": #Le blanc avance\n        historique.append(jeu)\n        jeu[i], jeu[i+1] = \"X\", \"B\"\n    elif jeu[i]==\"B\" and i<5 and jeu[i+1]==\"N\" and jeu[i+2]==\"X\":   #Le blanc saute\n        historique.append(jeu)\n        jeu[i], jeu[i+2] = \"X\", \"B\"\n    elif jeu[i]==\"N\" and i>0 and jeu[i-1]==\"X\": # Le noir avance\n        historique.append(jeu)\n        jeu[i], jeu[i-1] = \"X\", \"N\"\n    elif jeu[i]==\"N\" and i>1 and jeu[i-1]==\"B\" and jeu[i-2]==\"X\": # Le noir saute\n        historique.append(jeu)\n        jeu[i], jeu[i-2] = \"X\", \"N\"\ndef undo():\n    global jeu\n    jeu = historique\n    \n    \n"},
"2022-09-20 08:34:19.953000" : {"coup": 4, "jeu": ["B", "B", "B", "N", "X", "N", "N"], "histo": []},
"2022-09-20 09:10:08.668000" : {"coup": 6, "jeu": ["B", "N", "N", "B", "N", "B", "X"], "histo": [["B", "N", "N", "B", "N", "B", "X"], ["B", "N", "N", "B", "N", "B", "X"], ["B", "N", "N", "B", "N", "B", "X"], ["B", "N", "N", "B", "N", "B", "X"], ["B", "N", "N", "B", "N", "B", "X"], ["B", "N", "N", "B", "N", "B", "X"], ["B", "N", "N", "B", "N", "B", "X"], ["B", "N", "N", "B", "N", "B", "X"]]},
"2022-09-20 08:53:32.092000" : {"coup": "Reset", "jeu": ["B", "B", "B", "X", "N", "N", "N"], "histo": [], "prog": "def saute(i):\n    if jeu[i]==\"B\" and i<6 and jeu[i+1]==\"X\": #Le blanc avance\n        historique.append(jeu)\n        jeu[i], jeu[i+1] = \"X\", \"B\"\n    elif jeu[i]==\"B\" and i<5 and jeu[i+1]==\"N\" and jeu[i+2]==\"X\":   #Le blanc saute\n        historique.append(jeu)\n        jeu[i], jeu[i+2] = \"X\", \"B\"\n    elif jeu[i]==\"N\" and i>0 and jeu[i-1]==\"X\": # Le noir avance\n        historique.append(jeu)\n        jeu[i], jeu[i-1] = \"X\", \"N\"\n    elif jeu[i]==\"N\" and i>1 and jeu[i-1]==\"B\" and jeu[i-2]==\"X\": # Le noir saute\n        historique.append(jeu)\n        jeu[i], jeu[i-2] = \"X\", \"N\"\ndef undo():\n    global jeu\n    jeu = historique\n    \n    \n"},
"2022-09-20 09:09:32.328000" : {"coup": 5, "jeu": ["B", "B", "N", "N", "B", "X", "N"], "histo": [["B", "B", "N", "N", "B", "X", "N"], ["B", "B", "N", "N", "B", "X", "N"], ["B", "B", "N", "N", "B", "X", "N"], ["B", "B", "N", "N", "B", "X", "N"]]},
"2022-09-20 08:53:40.141000" : {"coup": "Reset", "jeu": ["B", "B", "B", "X", "N", "N", "N"], "histo": []},
"2022-09-20 09:09:25.699000" : {"coup": 2, "jeu": ["B", "B", "X", "B", "N", "N", "N"], "histo": [["B", "B", "X", "B", "N", "N", "N"]]},
"2022-09-20 09:03:16.763000" : {"coup": "Undo", "jeu": ["X", "B", "B", "B", "N", "N", "N"], "histo": [["X", "B", "B", "B", "N", "N", "N"], ["X", "B", "B", "B", "N", "N", "N"], ["X", "B", "B", "B", "N", "N", "N"]]},
"2022-09-20 09:01:29.328000" : {"coup": 3, "jeu": ["B", "B", "N", "X", "B", "N", "N"], "histo": [["B", "B", "N", "X", "B", "N", "N"], ["B", "B", "N", "X", "B", "N", "N"], ["B", "B", "N", "X", "B", "N", "N"]]},
"2022-09-20 09:09:29.146000" : {"coup": 3, "jeu": ["B", "B", "N", "X", "B", "N", "N"], "histo": [["B", "B", "N", "X", "B", "N", "N"], ["B", "B", "N", "X", "B", "N", "N"], ["B", "B", "N", "X", "B", "N", "N"]]},
"2022-09-20 09:10:20.407000" : {"coup": "Undo", "jeu": ["B", "B", "X", "B", "N", "N", "N"], "histo": [["B", "B", "X", "B", "N", "N", "N"]]},
"2022-09-20 09:06:24.654000" : {"coup": 1, "jeu": ["B", "X", "B", "B", "N", "N", "N"], "histo": [["B", "X", "B", "B", "N", "N", "N"], ["B", "X", "B", "B", "N", "N", "N"]]},
"2022-09-20 09:19:37.403000" : {"coup": "Undo", "jeu": ["B", "X", "B", "B", "N", "N", "N"], "histo": [["B", "B", "B", "X", "N", "N", "N"], ["X", "B", "B", "B", "N", "N", "N"], ["B", "B", "X", "B", "N", "N", "N"], ["B", "X", "B", "B", "N", "N", "N"]]},
"2022-09-20 09:19:11.259000" : {"coup": "Reset", "jeu": ["B", "B", "B", "X", "N", "N", "N"], "histo": [], "prog": "def saute(i):\n    if jeu[i]==\"B\" and i<6 and jeu[i+1]==\"X\": #Le blanc avance\n        historique.append(jeu.copy())\n        jeu[i], jeu[i+1] = \"X\", \"B\"\n    elif jeu[i]==\"B\" and i<5 and jeu[i+1]==\"N\" and jeu[i+2]==\"X\":   #Le blanc saute\n        historique.append(jeu.copyt())\n        jeu[i], jeu[i+2] = \"X\", \"B\"\n    elif jeu[i]==\"N\" and i>0 and jeu[i-1]==\"X\": # Le noir avance\n        historique.append(jeu.copy())\n        jeu[i], jeu[i-1] = \"X\", \"N\"\n    elif jeu[i]==\"N\" and i>1 and jeu[i-1]==\"B\" and jeu[i-2]==\"X\": # Le noir saute\n        historique.append(jeu.copy())\n        jeu[i], jeu[i-2] = \"X\", \"N\"\ndef undo():\n    global jeu\n    jeu = historique[-1]\n    \n    \n"},
"2022-09-20 09:01:31.906000" : {"coup": 1, "jeu": ["B", "X", "N", "B", "B", "N", "N"], "histo": [["B", "X", "N", "B", "B", "N", "N"], ["B", "X", "N", "B", "B", "N", "N"], ["B", "X", "N", "B", "B", "N", "N"], ["B", "X", "N", "B", "B", "N", "N"]]},
"2022-09-20 08:46:14.688000" : {"coup": 2, "jeu": ["B", "B", "X", "B", "N", "N", "N"], "histo": [["B", "B", "X", "B", "N", "N", "N"]], "prog": "def saute(i):\n    if jeu[i]==\"B\" and i<6 and jeu[i+1]==\"X\": #Le blanc avance\n        jeu[i], jeu[i+1] = \"X\", \"B\"\n        historique.append(jeu)\n    elif jeu[i]==\"B\" and i<5 and jeu[i+1]==\"N\" and jeu[i+2]==\"X\":   #Le blanc saute\n        jeu[i], jeu[i+2] = \"X\", \"B\"\n    elif jeu[i]==\"N\" and i>0 and jeu[i-1]==\"X\": # Le noir avance\n        jeu[i], jeu[i-1] = \"X\", \"N\"\n    elif jeu[i]==\"N\" and i>1 and jeu[i-1]==\"B\" and jeu[i-2]==\"X\": # Le noir saute\n        jeu[i], jeu[i-2] = \"X\", \"N\"\ndef undo():\n    global jeu\n    jeu = [\"B\", \"B\", \"B\", \"X\", \"N\", \"N\", \"N\"]\n    \n    \n"},
"2022-09-20 09:06:03.435000" : {"coup": "Reset", "jeu": ["B", "B", "B", "X", "N", "N", "N"], "histo": []},
"2022-09-20 08:59:31.982000" : {"coup": 3, "jeu": ["B", "B", "N", "X", "B", "N", "N"], "histo": []},
"2022-09-20 09:19:34.625000" : {"coup": 0, "jeu": ["X", "B", "B", "B", "N", "N", "N"], "histo": [["B", "B", "B", "X", "N", "N", "N"], ["X", "B", "B", "B", "N", "N", "N"], ["B", "B", "X", "B", "N", "N", "N"], ["B", "X", "B", "B", "N", "N", "N"]]},
"2022-09-20 08:34:40.529000" : {"coup": 4, "jeu": ["B", "B", "N", "B", "X", "N", "N"], "histo": []},
"2022-09-20 08:33:09.480000" : {"coup": 3, "jeu": ["B", "B", "N", "N", "N", "X", "B"], "histo": []}
}