{
"2022-09-20 08:47:18.236000" : {"coup": 2, "jeu": ["B", "B", "X", "B", "N", "N", "N"], "histo": []},
"2022-09-20 08:50:06.570000" : {"coup": 0, "jeu": ["B", "N", "N", "X", "N", "B", "B"], "histo": []},
"2022-09-20 09:03:21.831000" : {"coup": 4, "jeu": ["B", "B", "N", "B", "X", "N", "N"], "histo": [], "prog": "def saute(i):\n    if jeu[i]==\"B\" and i<6 and jeu[i+1]==\"X\":\n        jeu[i], jeu[i+1] = \"X\", \"B\"\n    elif jeu[i]==\"B\" and i<5 and jeu[i+1]==\"N\" and jeu[i+2]==\"X\":\n        jeu[i], jeu[i+2] = \"X\", \"B\"\n    elif jeu[i]==\"N\" and i>0 and jeu[i-1]==\"X\":\n        jeu[i], jeu[i-1] = \"X\", \"N\"\n    elif jeu[i]==\"N\" and i>1 and jeu[i-1]==\"B\" and jeu[i-2]==\"X\":\n        jeu[i], jeu[i-2] = \"X\", \"N\"\ndef undo():\n    global jeu\n    #jeu = [\"B\", \"B\", \"B\", \"X\", \"N\", \"N\", \"N\"]\n    historique\n    "},
"2022-09-20 08:36:11.623000" : {"coup": 5, "jeu": ["B", "B", "N", "N", "B", "X", "N"], "histo": []},
"2022-09-20 08:33:14.695000" : {"coup": 5, "jeu": ["N", "X", "B", "B", "B", "N", "N"], "histo": []},
"2022-09-20 08:35:04.064000" : {"coup": 5, "jeu": ["B", "B", "N", "B", "N", "X", "N"], "histo": []},
"2022-09-20 08:38:05.705000" : {"coup": 0, "jeu": ["B", "N", "N", "X", "N", "B", "B"], "histo": []},
"2022-09-20 08:44:02.744000" : {"coup": 3, "jeu": ["B", "B", "N", "X", "N", "B", "N"], "histo": []},
"2022-09-20 08:33:36.599000" : {"coup": 5, "jeu": ["B", "N", "X", "B", "B", "N", "N"], "histo": []},
"2022-09-20 08:34:19.479000" : {"coup": 3, "jeu": ["X", "B", "B", "N", "B", "N", "N"], "histo": []},
"2022-09-20 08:35:50.530000" : {"coup": 5, "jeu": ["N", "X", "B", "B", "N", "B", "N"], "histo": []},
"2022-09-20 08:49:50.269000" : {"coup": 2, "jeu": ["B", "N", "X", "B", "N", "B", "N"], "histo": []},
"2022-09-20 08:33:44.101000" : {"coup": 4, "jeu": ["B", "B", "B", "N", "X", "N", "N"], "histo": []},
"2022-09-20 08:34:35.447000" : {"coup": 2, "jeu": ["B", "N", "X", "B", "B", "N", "N"], "histo": []},
"2022-09-20 08:35:54.352000" : {"coup": 1, "jeu": ["B", "X", "B", "B", "N", "N", "N"], "histo": []},
"2022-09-20 08:50:16.435000" : {"coup": 2, "jeu": ["B", "B", "X", "B", "N", "N", "N"], "histo": []},
"2022-09-20 08:43:42.287000" : {"coup": 2, "jeu": ["B", "B", "X", "B", "N", "N", "N"], "histo": []},
"2022-09-20 08:47:47.760000" : {"coup": "Undo", "jeu": ["B", "B", "B", "X", "N", "N", "N"], "histo": [], "prog": "def saute(i):\n    if jeu[i]==\"B\" and i<6 and jeu[i+1]==\"X\":\n        jeu[i], jeu[i+1] = \"X\", \"B\"\n    elif jeu[i]==\"B\" and i<5 and jeu[i+1]==\"N\" and jeu[i+2]==\"X\":\n        jeu[i], jeu[i+2] = \"X\", \"B\"\n    elif jeu[i]==\"N\" and i>0 and jeu[i-1]==\"X\":\n        jeu[i], jeu[i-1] = \"X\", \"N\"\n    elif jeu[i]==\"N\" and i>1 and jeu[i-1]==\"B\" and jeu[i-2]==\"X\":\n        jeu[i], jeu[i-2] = \"X\", \"N\"\ndef undo():\n    global jeu\n    jeu = [\"B\", \"B\", \"B\", \"X\", \"N\", \"N\", \"N\"]\n    \n    "},
"2022-09-20 08:44:21.545000" : {"coup": 2, "jeu": ["B", "B", "X", "B", "N", "N", "N"], "histo": []},
"2022-09-20 08:35:29.166000" : {"coup": 2, "jeu": ["B", "B", "X", "B", "N", "N", "N"], "histo": []},
"2022-09-20 08:44:54.614000" : {"coup": 4, "jeu": ["B", "B", "B", "N", "X", "N", "N"], "histo": []},
"2022-09-20 08:45:09.670000" : {"coup": 2, "jeu": ["B", "B", "X", "B", "N", "N", "N"], "histo": []},
"2022-09-20 08:35:52.989000" : {"coup": "Reset", "jeu": ["B", "B", "B", "X", "N", "N", "N"], "histo": []},
"2022-09-20 08:38:21.790000" : {"coup": 4, "jeu": ["B", "B", "N", "B", "X", "N", "N"], "histo": []},
"2022-09-20 08:43:10.573000" : {"coup": 3, "jeu": ["B", "B", "N", "X", "B", "N", "N"], "histo": []},
"2022-09-20 08:37:12.674000" : {"coup": 4, "jeu": ["B", "B", "N", "B", "X", "N", "N"], "histo": []},
"2022-09-20 08:33:35.237000" : {"coup": 2, "jeu": ["B", "N", "X", "B", "B", "N", "N"], "histo": []},
"2022-09-20 08:47:15.201000" : {"coup": 1, "jeu": ["B", "X", "N", "B", "N", "B", "N"], "histo": []},
"2022-09-20 08:42:42.875000" : {"coup": 1, "jeu": ["B", "X", "N", "B", "B", "N", "N"], "histo": []},
"2022-09-20 08:33:49.775000" : {"coup": 2, "jeu": ["B", "B", "X", "B", "N", "N", "N"], "histo": []},
"2022-09-20 08:33:51.245000" : {"coup": 1, "jeu": ["B", "X", "B", "B", "N", "N", "N"], "histo": []},
"2022-09-20 08:36:04.025000" : {"coup": 4, "jeu": ["B", "B", "B", "N", "X", "N", "N"], "histo": []},
"2022-09-20 08:34:41.382000" : {"coup": 3, "jeu": ["B", "B", "N", "X", "B", "N", "N"], "histo": []},
"2022-09-20 08:39:36.367000" : {"coup": 1, "jeu": ["N", "X", "B", "N", "B", "N", "B"], "histo": []},
"2022-09-20 08:34:18.575000" : {"coup": 0, "jeu": ["X", "B", "B", "N", "B", "N", "N"], "histo": []},
"2022-09-20 08:35:48.607000" : {"coup": 4, "jeu": ["N", "X", "B", "B", "N", "B", "N"], "histo": []},
"2022-09-20 08:47:17.388000" : {"coup": "Reset", "jeu": ["B", "B", "B", "X", "N", "N", "N"], "histo": []},
"2022-09-20 08:34:28.454000" : {"coup": 4, "jeu": ["B", "B", "N", "B", "X", "N", "N"], "histo": []},
"2022-09-20 08:36:09.199000" : {"coup": 3, "jeu": ["B", "B", "N", "X", "B", "N", "N"], "histo": []},
"2022-09-20 08:43:55.964000" : {"coup": 4, "jeu": ["B", "B", "N", "B", "X", "N", "N"], "histo": []},
"2022-09-20 08:35:29.984000" : {"coup": 4, "jeu": ["B", "B", "N", "B", "X", "N", "N"], "histo": []},
"2022-09-20 08:33:01.603000" : {"coup": 1, "jeu": ["B", "X", "N", "B", "B", "N", "N"], "histo": []},
"2022-09-20 08:46:26.175000" : {"coup": 2, "jeu": ["B", "B", "X", "B", "N", "N", "N"], "histo": []},
"2022-09-20 08:47:16.224000" : {"coup": 2, "jeu": ["B", "N", "X", "B", "N", "B", "N"], "histo": []},
"2022-09-20 08:34:48.399000" : {"coup": 2, "jeu": ["B", "B", "N", "N", "N", "X", "B"], "histo": []},
"2022-09-20 08:39:27.833000" : {"coup": 4, "jeu": ["B", "N", "B", "N", "X", "N", "B"], "histo": []},
"2022-09-20 08:44:24.358000" : {"coup": 4, "jeu": ["B", "B", "N", "B", "X", "N", "N"], "histo": []},
"2022-09-20 08:45:03.932000" : {"coup": "Reset", "jeu": ["B", "B", "B", "X", "N", "N", "N"], "histo": []},
"2022-09-20 08:35:39.998000" : {"coup": 2, "jeu": ["B", "N", "X", "B", "N", "B", "N"], "histo": []},
"2022-09-20 08:34:15.195000" : {"coup": 4, "jeu": ["B", "B", "B", "N", "X", "N", "N"], "histo": []},
"2022-09-20 08:35:05.241000" : {"coup": 3, "jeu": ["B", "B", "N", "X", "N", "B", "N"], "histo": []},
"2022-09-20 08:44:19.900000" : {"coup": "Reset", "jeu": ["B", "B", "B", "X", "N", "N", "N"], "histo": []},
"2022-09-20 08:36:21.156000" : {"coup": 1, "jeu": ["B", "B", "N", "N", "X", "B", "N"], "histo": []},
"2022-09-20 08:43:11.255000" : {"coup": 5, "jeu": ["B", "B", "N", "N", "B", "X", "N"], "histo": []},
"2022-09-20 08:35:28.293000" : {"coup": "Reset", "jeu": ["B", "B", "B", "X", "N", "N", "N"], "histo": []},
"2022-09-20 08:34:32.888000" : {"coup": 2, "jeu": ["B", "B", "N", "X", "B", "N", "N"], "histo": []},
"2022-09-20 08:43:00.645000" : {"coup": 5, "jeu": ["B", "B", "N", "B", "N", "X", "N"], "histo": []},
"2022-09-20 08:49:59.934000" : {"coup": 4, "jeu": ["B", "N", "N", "B", "X", "B", "N"], "histo": []},
"2022-09-20 08:34:17.856000" : {"coup": 1, "jeu": ["B", "X", "B", "N", "B", "N", "N"], "histo": []},
"2022-09-20 08:36:05.238000" : {"coup": 2, "jeu": ["B", "B", "X", "N", "B", "N", "N"], "histo": []},
"2022-09-20 08:44:09.916000" : {"coup": 2, "jeu": ["B", "N", "X", "B", "N", "B", "N"], "histo": []},
"2022-09-20 08:50:01.091000" : {"coup": 6, "jeu": ["B", "N", "N", "B", "N", "B", "X"], "histo": []},
"2022-09-20 08:43:05.660000" : {"coup": "Reset", "jeu": ["B", "B", "B", "X", "N", "N", "N"], "histo": []},
"2022-09-20 08:38:15.961000" : {"coup": 2, "jeu": ["B", "B", "X", "B", "N", "N", "N"], "histo": []},
"2022-09-20 08:54:46.184000" : {"coup": "Undo", "jeu": ["B", "B", "B", "X", "N", "N", "N"], "histo": []},
"2022-09-20 08:38:34.159000" : {"coup": 3, "jeu": ["B", "N", "X", "B", "B", "N", "N"], "histo": []},
"2022-09-20 08:57:32.444000" : {"coup": 2, "jeu": ["B", "B", "X", "B", "N", "N", "N"], "histo": [], "prog": "def saute(i):\n    if jeu[i]==\"B\" and i<6 and jeu[i+1]==\"X\":\n        jeu[i], jeu[i+1] = \"X\", \"B\"\n    elif jeu[i]==\"B\" and i<5 and jeu[i+1]==\"N\" and jeu[i+2]==\"X\":\n        jeu[i], jeu[i+2] = \"X\", \"B\"\n    elif jeu[i]==\"N\" and i>0 and jeu[i-1]==\"X\":\n        jeu[i], jeu[i-1] = \"X\", \"N\"\n    elif jeu[i]==\"N\" and i>1 and jeu[i-1]==\"B\" and jeu[i-2]==\"X\":\n        jeu[i], jeu[i-2] = \"X\", \"N\"\ndef undo():\n    global jeu\n    jeu = [\"B\", \"B\", \"B\", \"X\", \"N\", \"N\", \"N\"]\n    jeu[2], jeu[3] = \"B\", \"X\"\n    "},
"2022-09-20 08:45:13.550000" : {"coup": 4, "jeu": ["B", "B", "N", "B", "X", "N", "N"], "histo": []},
"2022-09-20 09:03:24.533000" : {"coup": 3, "jeu": ["B", "B", "N", "X", "B", "N", "N"], "histo": []},
"2022-09-20 08:40:58.416000" : {"coup": "Undo", "jeu": ["B", "B", "B", "X", "N", "N", "N"], "histo": []},
"2022-09-20 08:34:26.414000" : {"coup": "Reset", "jeu": ["B", "B", "B", "X", "N", "N", "N"], "histo": []},
"2022-09-20 08:35:12.462000" : {"coup": 1, "jeu": ["B", "X", "N", "B", "N", "B", "N"], "histo": []},
"2022-09-20 08:46:55.758000" : {"coup": 0, "jeu": ["X", "N", "B", "B", "N", "B", "N"], "histo": []},
"2022-09-20 08:39:10.710000" : {"coup": 4, "jeu": ["B", "B", "B", "N", "X", "N", "N"], "histo": []},
"2022-09-20 08:38:03.618000" : {"coup": 3, "jeu": ["B", "N", "N", "X", "N", "B", "B"], "histo": []},
"2022-09-20 08:39:34.376000" : {"coup": 2, "jeu": ["B", "N", "X", "N", "B", "N", "B"], "histo": []},
"2022-09-20 09:02:52.563000" : {"coup": 2, "jeu": ["B", "B", "X", "B", "N", "N", "N"], "histo": [], "prog": "def saute(i):\n    if jeu[i]==\"B\" and i<6 and jeu[i+1]==\"X\":\n        jeu[i], jeu[i+1] = \"X\", \"B\"\n    elif jeu[i]==\"B\" and i<5 and jeu[i+1]==\"N\" and jeu[i+2]==\"X\":\n        jeu[i], jeu[i+2] = \"X\", \"B\"\n    elif jeu[i]==\"N\" and i>0 and jeu[i-1]==\"X\":\n        jeu[i], jeu[i-1] = \"X\", \"N\"\n    elif jeu[i]==\"N\" and i>1 and jeu[i-1]==\"B\" and jeu[i-2]==\"X\":\n        jeu[i], jeu[i-2] = \"X\", \"N\"\ndef undo():\n    global jeu\n    #jeu = [\"B\", \"B\", \"B\", \"X\", \"N\", \"N\", \"N\"]\n    \n    "},
"2022-09-20 08:43:09.524000" : {"coup": 4, "jeu": ["B", "B", "N", "B", "X", "N", "N"], "histo": []},
"2022-09-20 08:35:49.733000" : {"coup": 3, "jeu": ["N", "X", "B", "B", "N", "B", "N"], "histo": []},
"2022-09-20 08:55:43.391000" : {"coup": "Undo", "jeu": ["B", "B", "B", "X", "N", "N", "N"], "histo": []},
"2022-09-20 08:46:57.070000" : {"coup": 4, "jeu": ["N", "X", "B", "B", "N", "B", "N"], "histo": []},
"2022-09-20 09:10:18.801000" : {"coup": 2, "jeu": ["B", "B", "X", "B", "N", "N", "N"], "histo": []},
"2022-09-20 08:33:07.290000" : {"coup": 2, "jeu": ["B", "N", "X", "B", "B", "N", "N"], "histo": []},
"2022-09-20 08:47:20.646000" : {"coup": 5, "jeu": ["B", "B", "N", "B", "N", "X", "N"], "histo": []},
"2022-09-20 08:38:12.541000" : {"coup": "Reset", "jeu": ["B", "B", "B", "X", "N", "N", "N"], "histo": []},
"2022-09-20 08:49:26.515000" : {"coup": 2, "jeu": ["B", "B", "X", "B", "N", "N", "N"], "histo": []},
"2022-09-20 08:42:35.712000" : {"coup": 2, "jeu": ["B", "B", "X", "B", "N", "N", "N"], "histo": []},
"2022-09-20 08:35:22.896000" : {"coup": 0, "jeu": ["B", "N", "N", "X", "B", "B", "N"], "histo": []},
"2022-09-20 08:38:07.024000" : {"coup": 2, "jeu": ["B", "N", "N", "X", "N", "B", "B"], "histo": []},
"2022-09-20 08:49:34.358000" : {"coup": 5, "jeu": ["B", "B", "N", "B", "N", "X", "N"], "histo": []},
"2022-09-20 08:35:24.320000" : {"coup": 2, "jeu": ["B", "N", "N", "X", "B", "B", "N"], "histo": []},
"2022-09-20 08:39:17.170000" : {"coup": 1, "jeu": ["B", "X", "B", "N", "B", "N", "N"], "histo": []},
"2022-09-20 08:57:33.440000" : {"coup": 2, "jeu": ["B", "B", "X", "B", "N", "N", "N"], "histo": []},
"2022-09-20 08:46:56.438000" : {"coup": 1, "jeu": ["N", "X", "B", "B", "N", "B", "N"], "histo": []},
"2022-09-20 08:39:27.128000" : {"coup": 6, "jeu": ["B", "N", "B", "N", "B", "N", "X"], "histo": []},
"2022-09-20 08:50:02.199000" : {"coup": 5, "jeu": ["B", "N", "N", "B", "N", "X", "B"], "histo": []},
"2022-09-20 08:38:38.758000" : {"coup": 2, "jeu": ["B", "B", "X", "N", "B", "N", "N"], "histo": []},
"2022-09-20 08:42:54.436000" : {"coup": "Reset", "jeu": ["B", "B", "B", "X", "N", "N", "N"], "histo": []},
"2022-09-20 08:39:41.806000" : {"coup": 3, "jeu": ["N", "N", "N", "X", "B", "B", "B"], "histo": []},
"2022-09-20 08:33:19.384000" : {"coup": 4, "jeu": ["B", "B", "B", "N", "X", "N", "N"], "histo": []},
"2022-09-20 08:38:45.182000" : {"coup": 5, "jeu": ["B", "B", "N", "N", "B", "X", "N"], "histo": []},
"2022-09-20 08:47:19.158000" : {"coup": 4, "jeu": ["B", "B", "N", "B", "X", "N", "N"], "histo": []},
"2022-09-20 08:33:52.986000" : {"coup": 4, "jeu": ["B", "X", "B", "B", "N", "N", "N"], "histo": []},
"2022-09-20 08:33:34.063000" : {"coup": 1, "jeu": ["B", "X", "N", "B", "B", "N", "N"], "histo": []},
"2022-09-20 08:35:21.169000" : {"coup": 4, "jeu": ["B", "N", "N", "B", "X", "B", "N"], "histo": []},
"2022-09-20 08:38:08.743000" : {"coup": 4, "jeu": ["B", "N", "N", "N", "X", "B", "B"], "histo": []},
"2022-09-20 08:43:01.686000" : {"coup": 3, "jeu": ["B", "B", "N", "X", "N", "B", "N"], "histo": []},
"2022-09-20 08:49:42.878000" : {"coup": 3, "jeu": ["B", "B", "N", "X", "N", "B", "N"], "histo": []},
"2022-09-20 08:46:24.957000" : {"coup": "Reset", "jeu": ["B", "B", "B", "X", "N", "N", "N"], "histo": []},
"2022-09-20 08:38:32.336000" : {"coup": 2, "jeu": ["B", "N", "X", "B", "B", "N", "N"], "histo": []},
"2022-09-20 08:39:18.457000" : {"coup": 3, "jeu": ["B", "N", "B", "X", "B", "N", "N"], "histo": []},
"2022-09-20 08:42:51.398000" : {"coup": 5, "jeu": ["B", "B", "N", "N", "B", "X", "N"], "histo": []},
"2022-09-20 08:49:05.084000" : {"coup": "Reset", "jeu": ["B", "B", "B", "X", "N", "N", "N"], "histo": []},
"2022-09-20 08:49:46.776000" : {"coup": 6, "jeu": ["B", "B", "N", "X", "N", "B", "N"], "histo": []},
"2022-09-20 08:35:26.090000" : {"coup": 6, "jeu": ["B", "N", "N", "X", "B", "B", "N"], "histo": []},
"2022-09-20 08:44:51.716000" : {"coup": "Reset", "jeu": ["B", "B", "B", "X", "N", "N", "N"], "histo": []},
"2022-09-20 09:11:01.432000" : {"coup": "Reset", "jeu": ["B", "B", "B", "X", "N", "N", "N"], "histo": [], "prog": "def saute(i):\n    if jeu[i]==\"B\" and i<6 and jeu[i+1]==\"X\":\n        jeu[i], jeu[i+1] = \"X\", \"B\"\n    elif jeu[i]==\"B\" and i<5 and jeu[i+1]==\"N\" and jeu[i+2]==\"X\":\n        jeu[i], jeu[i+2] = \"X\", \"B\"\n    elif jeu[i]==\"N\" and i>0 and jeu[i-1]==\"X\":\n        jeu[i], jeu[i-1] = \"X\", \"N\"\n    elif jeu[i]==\"N\" and i>1 and jeu[i-1]==\"B\" and jeu[i-2]==\"X\":\n        jeu[i], jeu[i-2] = \"X\", \"N\"\ndef undo():\n    global jeu\n    jeu = [\"B\", \"B\", \"B\", \"X\", \"N\", \"N\", \"N\"]\n    historique[]\n    "},
"2022-09-20 08:34:33.679000" : {"coup": 1, "jeu": ["B", "X", "N", "B", "B", "N", "N"], "histo": []},
"2022-09-20 09:14:48.664000" : {"coup": "Reset", "jeu": ["B", "B", "B", "X", "N", "N", "N"], "histo": [], "prog": "def saute(i):\n    if jeu[i]==\"B\" and i<6 and jeu[i+1]==\"X\":\n        historique.append(\"B\",\"X\")\n        jeu[i], jeu[i+1] = \"X\", \"B\"\n    elif jeu[i]==\"B\" and i<5 and jeu[i+1]==\"N\" and jeu[i+2]==\"X\":\n        historique.append(\"B\",\"N\",\"X\")\n        jeu[i], jeu[i+2] = \"X\", \"B\"\n    elif jeu[i]==\"N\" and i>0 and jeu[i-1]==\"X\":\n        historique.append(\"N\",\"X\")\n        jeu[i], jeu[i-1] = \"X\", \"N\"\n    elif jeu[i]==\"N\" and i>1 and jeu[i-1]==\"B\" and jeu[i-2]==\"X\":\n        historique.append(\"N\",\"B\",\"X\")\n        jeu[i], jeu[i-2] = \"X\", \"N\"\ndef undo():\n    global jeu\n    jeu = [\"B\", \"B\", \"B\", \"X\", \"N\", \"N\", \"N\"]\n    \n    "},
"2022-09-20 08:36:24.742000" : {"coup": "Reset", "jeu": ["B", "B", "B", "X", "N", "N", "N"], "histo": []},
"2022-09-20 08:42:57.014000" : {"coup": 2, "jeu": ["B", "B", "X", "B", "N", "N", "N"], "histo": []},
"2022-09-20 08:43:13.628000" : {"coup": "Reset", "jeu": ["B", "B", "B", "X", "N", "N", "N"], "histo": []},
"2022-09-20 08:46:59.540000" : {"coup": "Reset", "jeu": ["B", "B", "B", "X", "N", "N", "N"], "histo": []},
"2022-09-20 08:42:59.271000" : {"coup": 4, "jeu": ["B", "B", "N", "B", "X", "N", "N"], "histo": []},
"2022-09-20 08:50:05.741000" : {"coup": 2, "jeu": ["B", "N", "N", "X", "N", "B", "B"], "histo": []},
"2022-09-20 08:37:04.819000" : {"coup": 2, "jeu": ["B", "B", "X", "B", "N", "N", "N"], "histo": []},
"2022-09-20 08:42:36.833000" : {"coup": 4, "jeu": ["B", "B", "N", "B", "X", "N", "N"], "histo": []},
"2022-09-20 08:34:20.417000" : {"coup": 3, "jeu": ["X", "B", "B", "N", "B", "N", "N"], "histo": []},
"2022-09-20 08:37:51.721000" : {"coup": 4, "jeu": ["B", "N", "N", "B", "X", "B", "N"], "histo": []},
"2022-09-20 08:54:04.528000" : {"coup": 2, "jeu": ["B", "B", "X", "B", "N", "N", "N"], "histo": []},
"2022-09-20 08:39:09.125000" : {"coup": "Reset", "jeu": ["B", "B", "B", "X", "N", "N", "N"], "histo": []},
"2022-09-20 08:35:34.142000" : {"coup": 3, "jeu": ["B", "B", "N", "X", "N", "B", "N"], "histo": []},
"2022-09-20 08:33:45.767000" : {"coup": 2, "jeu": ["B", "B", "B", "N", "N", "X", "N"], "histo": []},
"2022-09-20 08:37:24.817000" : {"coup": 5, "jeu": ["B", "B", "N", "B", "N", "X", "N"], "histo": []},
"2022-09-20 08:50:08.964000" : {"coup": "Reset", "jeu": ["B", "B", "B", "X", "N", "N", "N"], "histo": []},
"2022-09-20 08:43:08.203000" : {"coup": 2, "jeu": ["B", "B", "X", "B", "N", "N", "N"], "histo": []},
"2022-09-20 09:02:54.860000" : {"coup": "Undo", "jeu": ["B", "B", "X", "B", "N", "N", "N"], "histo": []},
"2022-09-20 08:46:57.705000" : {"coup": 2, "jeu": ["N", "X", "B", "B", "N", "B", "N"], "histo": []},
"2022-09-20 09:02:53.641000" : {"coup": 2, "jeu": ["B", "B", "X", "B", "N", "N", "N"], "histo": []},
"2022-09-20 08:33:27.223000" : {"coup": 2, "jeu": ["B", "B", "X", "N", "B", "N", "N"], "histo": []},
"2022-09-20 08:33:39.372000" : {"coup": 0, "jeu": ["X", "N", "B", "B", "B", "N", "N"], "histo": []},
"2022-09-20 08:54:03.539000" : {"coup": "Reset", "jeu": ["B", "B", "B", "X", "N", "N", "N"], "histo": [], "prog": "def saute(i):\n    if jeu[i]==\"B\" and i<6 and jeu[i+1]==\"X\":\n        jeu[i], jeu[i+1] = \"X\", \"B\"\n    elif jeu[i]==\"B\" and i<5 and jeu[i+1]==\"N\" and jeu[i+2]==\"X\":\n        jeu[i], jeu[i+2] = \"X\", \"B\"\n    elif jeu[i]==\"N\" and i>0 and jeu[i-1]==\"X\":\n        jeu[i], jeu[i-1] = \"X\", \"N\"\n    elif jeu[i]==\"N\" and i>1 and jeu[i-1]==\"B\" and jeu[i-2]==\"X\":\n        jeu[i], jeu[i-2] = \"X\", \"N\"\ndef undo():\n    global jeu\n    jeu = [\"B\", \"B\", \"B\", \"X\", \"N\", \"N\", \"N\"]\n    \n    "},
"2022-09-20 08:38:33.836000" : {"coup": 2, "jeu": ["B", "N", "X", "B", "B", "N", "N"], "histo": []},
"2022-09-20 08:35:26.678000" : {"coup": 5, "jeu": ["B", "N", "N", "X", "B", "B", "N"], "histo": []},
"2022-09-20 08:34:40.068000" : {"coup": 4, "jeu": ["B", "B", "N", "B", "X", "N", "N"], "histo": []},
"2022-09-20 08:38:41.710000" : {"coup": 3, "jeu": ["B", "B", "N", "X", "B", "N", "N"], "histo": []},
"2022-09-20 08:35:53.816000" : {"coup": 2, "jeu": ["B", "B", "X", "B", "N", "N", "N"], "histo": []},
"2022-09-20 08:49:48.039000" : {"coup": 1, "jeu": ["B", "X", "N", "B", "N", "B", "N"], "histo": []},
"2022-09-20 08:46:47.222000" : {"coup": 2, "jeu": ["B", "N", "X", "B", "N", "B", "N"], "histo": []},
"2022-09-20 08:56:11.979000" : {"coup": "Undo", "jeu": ["B", "B", "B", "X", "N", "N", "N"], "histo": []},
"2022-09-20 08:35:32.900000" : {"coup": 5, "jeu": ["B", "B", "N", "B", "N", "X", "N"], "histo": []},
"2022-09-20 08:37:34.375000" : {"coup": 2, "jeu": ["B", "N", "X", "B", "N", "B", "N"], "histo": []},
"2022-09-20 09:06:21.845000" : {"coup": "Undo", "jeu": ["B", "B", "B", "X", "N", "N", "N"], "histo": [], "prog": "def saute(i):\n    if jeu[i]==\"B\" and i<6 and jeu[i+1]==\"X\":\n        jeu[i], jeu[i+1] = \"X\", \"B\"\n    elif jeu[i]==\"B\" and i<5 and jeu[i+1]==\"N\" and jeu[i+2]==\"X\":\n        jeu[i], jeu[i+2] = \"X\", \"B\"\n    elif jeu[i]==\"N\" and i>0 and jeu[i-1]==\"X\":\n        jeu[i], jeu[i-1] = \"X\", \"N\"\n    elif jeu[i]==\"N\" and i>1 and jeu[i-1]==\"B\" and jeu[i-2]==\"X\":\n        jeu[i], jeu[i-2] = \"X\", \"N\"\ndef undo():\n    global jeu\n    jeu = [\"B\", \"B\", \"B\", \"X\", \"N\", \"N\", \"N\"]\n    \n    "},
"2022-09-20 08:36:16.067000" : {"coup": 2, "jeu": ["B", "B", "N", "N", "X", "B", "N"], "histo": []},
"2022-09-20 08:34:54.202000" : {"coup": 4, "jeu": ["B", "B", "N", "B", "X", "N", "N"], "histo": []},
"2022-09-20 08:54:13.621000" : {"coup": 1, "jeu": ["B", "X", "B", "B", "N", "N", "N"], "histo": []},
"2022-09-20 08:33:48.478000" : {"coup": "Reset", "jeu": ["B", "B", "B", "X", "N", "N", "N"], "histo": []},
"2022-09-20 08:39:40.527000" : {"coup": 4, "jeu": ["N", "N", "B", "N", "X", "B", "B"], "histo": []},
"2022-09-20 08:35:55.162000" : {"coup": 4, "jeu": ["B", "X", "B", "B", "N", "N", "N"], "histo": []},
"2022-09-20 08:33:52.168000" : {"coup": 4, "jeu": ["B", "X", "B", "B", "N", "N", "N"], "histo": []},
"2022-09-20 08:32:10.023000" : {"coup": "Load", "jeu": ["B", "B", "B", "X", "N", "N", "N"], "histo": []},
"2022-09-20 08:44:58.343000" : {"coup": 3, "jeu": ["B", "B", "N", "X", "B", "N", "N"], "histo": []},
"2022-09-20 08:39:41.114000" : {"coup": 2, "jeu": ["N", "N", "X", "N", "B", "B", "B"], "histo": []},
"2022-09-20 08:47:02.796000" : {"coup": 4, "jeu": ["B", "B", "N", "B", "X", "N", "N"], "histo": []},
"2022-09-20 08:55:36.821000" : {"coup": 2, "jeu": ["B", "B", "X", "B", "N", "N", "N"], "histo": []},
"2022-09-20 08:36:14.393000" : {"coup": 3, "jeu": ["B", "B", "N", "N", "X", "B", "N"], "histo": []},
"2022-09-20 08:46:08.604000" : {"coup": 3, "jeu": ["B", "B", "N", "X", "B", "N", "N"], "histo": [], "prog": "def saute(i):\n    if jeu[i]==\"B\" and i<6 and jeu[i+1]==\"X\":\n        jeu[i], jeu[i+1] = \"X\", \"B\"\n    elif jeu[i]==\"B\" and i<5 and jeu[i+1]==\"N\" and jeu[i+2]==\"X\":\n        jeu[i], jeu[i+2] = \"X\", \"B\"\n    elif jeu[i]==\"N\" and i>0 and jeu[i-1]==\"X\":\n        jeu[i], jeu[i-1] = \"X\", \"N\"\n    elif jeu[i]==\"N\" and i>1 and jeu[i-1]==\"B\" and jeu[i-2]==\"X\":\n        jeu[i], jeu[i-2] = \"X\", \"N\"\ndef undo():\n    global jeu\n    jeu = [\"B\", \"B\", \"B\", \"X\", \"N\", \"N\", \"N\"]\n    "},
"2022-09-20 08:44:14.542000" : {"coup": 4, "jeu": ["B", "N", "N", "B", "X", "B", "N"], "histo": []},
"2022-09-20 08:44:47.828000" : {"coup": 3, "jeu": ["B", "B", "N", "X", "N", "B", "N"], "histo": []},
"2022-09-20 09:03:22.786000" : {"coup": 4, "jeu": ["B", "B", "N", "B", "X", "N", "N"], "histo": []},
"2022-09-20 08:35:48.272000" : {"coup": 3, "jeu": ["N", "X", "B", "B", "N", "B", "N"], "histo": []},
"2022-09-20 08:33:11.448000" : {"coup": 0, "jeu": ["X", "N", "B", "B", "B", "N", "N"], "histo": []},
"2022-09-20 08:36:19.836000" : {"coup": 5, "jeu": ["B", "B", "N", "N", "X", "B", "N"], "histo": []},
"2022-09-20 08:49:06.961000" : {"coup": "Undo", "jeu": ["B", "B", "B", "X", "N", "N", "N"], "histo": []},
"2022-09-20 08:39:07.231000" : {"coup": 2, "jeu": ["B", "B", "N", "N", "X", "N", "B"], "histo": []},
"2022-09-20 08:42:40.881000" : {"coup": 3, "jeu": ["B", "B", "N", "X", "B", "N", "N"], "histo": []},
"2022-09-20 08:47:10.634000" : {"coup": 3, "jeu": ["B", "B", "N", "X", "N", "B", "N"], "histo": []},
"2022-09-20 08:44:55.805000" : {"coup": 2, "jeu": ["B", "B", "X", "N", "B", "N", "N"], "histo": []},
"2022-09-20 08:38:30.663000" : {"coup": 1, "jeu": ["B", "X", "N", "B", "B", "N", "N"], "histo": []},
"2022-09-20 08:33:08.448000" : {"coup": 5, "jeu": ["B", "N", "X", "B", "B", "N", "N"], "histo": []},
"2022-09-20 08:57:37.693000" : {"coup": 4, "jeu": ["B", "B", "N", "B", "X", "N", "N"], "histo": []},
"2022-09-20 08:46:57.390000" : {"coup": 3, "jeu": ["N", "X", "B", "B", "N", "B", "N"], "histo": []},
"2022-09-20 08:35:57.381000" : {"coup": "Reset", "jeu": ["B", "B", "B", "X", "N", "N", "N"], "histo": []},
"2022-09-20 08:33:36.071000" : {"coup": 5, "jeu": ["B", "N", "X", "B", "B", "N", "N"], "histo": []},
"2022-09-20 08:50:33.007000" : {"coup": "Undo", "jeu": [], "histo": [], "prog": "def saute(i):\n    if jeu[i]==\"B\" and i<6 and jeu[i+1]==\"X\":\n        jeu[i], jeu[i+1] = \"X\", \"B\"\n    elif jeu[i]==\"B\" and i<5 and jeu[i+1]==\"N\" and jeu[i+2]==\"X\":\n        jeu[i], jeu[i+2] = \"X\", \"B\"\n    elif jeu[i]==\"N\" and i>0 and jeu[i-1]==\"X\":\n        jeu[i], jeu[i-1] = \"X\", \"N\"\n    elif jeu[i]==\"N\" and i>1 and jeu[i-1]==\"B\" and jeu[i-2]==\"X\":\n        jeu[i], jeu[i-2] = \"X\", \"N\"\ndef undo():\n    global jeu\n    jeu = []\n    \n    "},
"2022-09-20 08:35:51.085000" : {"coup": 6, "jeu": ["N", "X", "B", "B", "N", "B", "N"], "histo": []},
"2022-09-20 08:34:45.395000" : {"coup": 6, "jeu": ["B", "B", "N", "N", "N", "B", "X"], "histo": []},
"2022-09-20 08:37:33.160000" : {"coup": 1, "jeu": ["B", "X", "N", "B", "N", "B", "N"], "histo": []},
"2022-09-20 08:35:13.288000" : {"coup": 2, "jeu": ["B", "N", "X", "B", "N", "B", "N"], "histo": []},
"2022-09-20 08:46:30.888000" : {"coup": 4, "jeu": ["B", "B", "N", "B", "X", "N", "N"], "histo": []},
"2022-09-20 08:33:29.896000" : {"coup": 3, "jeu": ["B", "B", "N", "X", "B", "N", "N"], "histo": []},
"2022-09-20 08:39:04.150000" : {"coup": 6, "jeu": ["B", "B", "N", "N", "B", "N", "X"], "histo": []},
"2022-09-20 08:34:16.842000" : {"coup": 2, "jeu": ["B", "B", "X", "N", "B", "N", "N"], "histo": []},
"2022-09-20 08:38:23.687000" : {"coup": 3, "jeu": ["B", "B", "N", "X", "B", "N", "N"], "histo": []},
"2022-09-20 08:37:12.106000" : {"coup": 3, "jeu": ["B", "B", "X", "B", "N", "N", "N"], "histo": []},
"2022-09-20 08:34:42.463000" : {"coup": 5, "jeu": ["B", "B", "N", "N", "B", "X", "N"], "histo": []},
"2022-09-20 08:44:01.148000" : {"coup": 5, "jeu": ["B", "B", "N", "B", "N", "X", "N"], "histo": []},
"2022-09-20 08:35:23.427000" : {"coup": 0, "jeu": ["B", "N", "N", "X", "B", "B", "N"], "histo": []},
"2022-09-20 08:34:39.189000" : {"coup": 2, "jeu": ["B", "B", "X", "B", "N", "N", "N"], "histo": []},
"2022-09-20 08:35:27.017000" : {"coup": 4, "jeu": ["B", "N", "N", "X", "B", "B", "N"], "histo": []},
"2022-09-20 08:50:17.725000" : {"coup": "Undo", "jeu": ["B", "B", "B", "X", "N", "N", "N"], "histo": []},
"2022-09-20 08:33:44.959000" : {"coup": 5, "jeu": ["B", "B", "B", "N", "N", "X", "N"], "histo": []},
"2022-09-20 08:35:25.056000" : {"coup": 1, "jeu": ["B", "N", "N", "X", "B", "B", "N"], "histo": []},
"2022-09-20 08:35:46.910000" : {"coup": 1, "jeu": ["N", "X", "B", "B", "N", "B", "N"], "histo": []},
"2022-09-20 08:38:33.094000" : {"coup": 5, "jeu": ["B", "N", "X", "B", "B", "N", "N"], "histo": []},
"2022-09-20 08:33:54.951000" : {"coup": "Reset", "jeu": ["B", "B", "B", "X", "N", "N", "N"], "histo": []},
"2022-09-20 08:42:45.299000" : {"coup": "Reset", "jeu": ["B", "B", "B", "X", "N", "N", "N"], "histo": []},
"2022-09-20 08:42:46.503000" : {"coup": 2, "jeu": ["B", "B", "X", "B", "N", "N", "N"], "histo": []},
"2022-09-20 08:32:56.596000" : {"coup": 4, "jeu": ["B", "B", "N", "B", "X", "N", "N"], "histo": []},
"2022-09-20 08:50:15.270000" : {"coup": "Undo", "jeu": ["B", "B", "B", "X", "N", "N", "N"], "histo": []},
"2022-09-20 08:35:35.720000" : {"coup": 1, "jeu": ["B", "X", "N", "B", "N", "B", "N"], "histo": []},
"2022-09-20 08:37:27.431000" : {"coup": 3, "jeu": ["B", "B", "N", "X", "N", "B", "N"], "histo": []},
"2022-09-20 08:35:49.309000" : {"coup": 2, "jeu": ["N", "X", "B", "B", "N", "B", "N"], "histo": []},
"2022-09-20 08:49:30.794000" : {"coup": 4, "jeu": ["B", "B", "N", "B", "X", "N", "N"], "histo": []},
"2022-09-20 08:57:38.652000" : {"coup": "Undo", "jeu": ["B", "B", "B", "X", "N", "N", "N"], "histo": []},
"2022-09-20 08:46:54.983000" : {"coup": 1, "jeu": ["B", "N", "X", "B", "N", "B", "N"], "histo": []},
"2022-09-20 08:37:59.322000" : {"coup": 5, "jeu": ["B", "N", "N", "B", "N", "X", "B"], "histo": []},
"2022-09-20 08:44:30.886000" : {"coup": 5, "jeu": ["B", "B", "N", "B", "N", "X", "N"], "histo": []},
"2022-09-20 08:44:07.817000" : {"coup": 1, "jeu": ["B", "X", "N", "B", "N", "B", "N"], "histo": []},
"2022-09-20 09:10:17.615000" : {"coup": "Reset", "jeu": ["B", "B", "B", "X", "N", "N", "N"], "histo": [], "prog": "def saute(i):\n    if jeu[i]==\"B\" and i<6 and jeu[i+1]==\"X\":\n        jeu[i], jeu[i+1] = \"X\", \"B\"\n    elif jeu[i]==\"B\" and i<5 and jeu[i+1]==\"N\" and jeu[i+2]==\"X\":\n        jeu[i], jeu[i+2] = \"X\", \"B\"\n    elif jeu[i]==\"N\" and i>0 and jeu[i-1]==\"X\":\n        jeu[i], jeu[i-1] = \"X\", \"N\"\n    elif jeu[i]==\"N\" and i>1 and jeu[i-1]==\"B\" and jeu[i-2]==\"X\":\n        jeu[i], jeu[i-2] = \"X\", \"N\"\ndef undo():\n    global jeu\n    jeu = [\"B\", \"B\", \"B\", \"X\", \"N\", \"N\", \"N\"]\n    historique.append(\"X\",\"B\")\n    "},
"2022-09-20 08:57:34.878000" : {"coup": "Undo", "jeu": ["B", "B", "B", "X", "N", "N", "N"], "histo": []},
"2022-09-20 08:43:03.308000" : {"coup": 1, "jeu": ["B", "X", "N", "B", "N", "B", "N"], "histo": []},
"2022-09-20 08:34:27.391000" : {"coup": 2, "jeu": ["B", "B", "X", "B", "N", "N", "N"], "histo": []},
"2022-09-20 08:35:43.583000" : {"coup": 0, "jeu": ["X", "N", "B", "B", "N", "B", "N"], "histo": []},
"2022-09-20 08:47:07.492000" : {"coup": 5, "jeu": ["B", "B", "N", "B", "N", "X", "N"], "histo": []},
"2022-09-20 08:36:15.589000" : {"coup": 2, "jeu": ["B", "B", "N", "N", "X", "B", "N"], "histo": []},
"2022-09-20 08:39:39.536000" : {"coup": 5, "jeu": ["N", "N", "B", "N", "B", "X", "B"], "histo": []},
"2022-09-20 08:57:36.753000" : {"coup": 2, "jeu": ["B", "B", "X", "B", "N", "N", "N"], "histo": []},
"2022-09-20 08:34:51.582000" : {"coup": "Reset", "jeu": ["B", "B", "B", "X", "N", "N", "N"], "histo": []},
"2022-09-20 08:34:36.236000" : {"coup": 3, "jeu": ["B", "N", "X", "B", "B", "N", "N"], "histo": []},
"2022-09-20 08:39:37.110000" : {"coup": 3, "jeu": ["N", "N", "B", "X", "B", "N", "B"], "histo": []},
"2022-09-20 08:42:52.488000" : {"coup": 4, "jeu": ["B", "B", "N", "N", "X", "B", "N"], "histo": []},
"2022-09-20 08:50:03.845000" : {"coup": 3, "jeu": ["B", "N", "N", "X", "N", "B", "B"], "histo": []},
"2022-09-20 08:47:02.139000" : {"coup": 2, "jeu": ["B", "B", "X", "B", "N", "N", "N"], "histo": []},
"2022-09-20 08:50:05.288000" : {"coup": 1, "jeu": ["B", "N", "N", "X", "N", "B", "B"], "histo": []},
"2022-09-20 08:35:21.953000" : {"coup": 3, "jeu": ["B", "N", "N", "X", "B", "B", "N"], "histo": []},
"2022-09-20 08:44:15.951000" : {"coup": 6, "jeu": ["B", "N", "N", "B", "N", "B", "X"], "histo": []},
"2022-09-20 08:39:35.646000" : {"coup": 0, "jeu": ["X", "N", "B", "N", "B", "N", "B"], "histo": []},
"2022-09-20 08:42:48.467000" : {"coup": 3, "jeu": ["B", "B", "N", "X", "B", "N", "N"], "histo": []},
"2022-09-20 08:33:41.565000" : {"coup": "Reset", "jeu": ["B", "B", "B", "X", "N", "N", "N"], "histo": []},
"2022-09-20 08:38:35.197000" : {"coup": "Reset", "jeu": ["B", "B", "B", "X", "N", "N", "N"], "histo": []},
"2022-09-20 08:46:35.702000" : {"coup": 3, "jeu": ["B", "B", "N", "X", "N", "B", "N"], "histo": []},
"2022-09-20 08:36:13.168000" : {"coup": 4, "jeu": ["B", "B", "N", "N", "X", "B", "N"], "histo": []},
"2022-09-20 08:34:44.671000" : {"coup": 4, "jeu": ["B", "B", "N", "N", "X", "B", "N"], "histo": []},
"2022-09-20 08:39:22.167000" : {"coup": 5, "jeu": ["B", "N", "B", "N", "B", "X", "N"], "histo": []},
"2022-09-20 08:39:15.185000" : {"coup": 2, "jeu": ["B", "B", "X", "N", "B", "N", "N"], "histo": []},
"2022-09-20 08:38:40.900000" : {"coup": 4, "jeu": ["B", "B", "X", "N", "B", "N", "N"], "histo": []},
"2022-09-20 08:46:14.682000" : {"coup": 5, "jeu": ["B", "B", "N", "N", "B", "X", "N"], "histo": []},
"2022-09-20 08:34:53.421000" : {"coup": 2, "jeu": ["B", "B", "X", "B", "N", "N", "N"], "histo": []},
"2022-09-20 08:34:30.640000" : {"coup": 3, "jeu": ["B", "B", "N", "X", "B", "N", "N"], "histo": []},
"2022-09-20 08:33:09.728000" : {"coup": 3, "jeu": ["B", "N", "X", "B", "B", "N", "N"], "histo": []},
"2022-09-20 08:39:04.886000" : {"coup": 4, "jeu": ["B", "B", "N", "N", "X", "N", "B"], "histo": []},
"2022-09-20 08:46:44.230000" : {"coup": 1, "jeu": ["B", "X", "N", "B", "N", "B", "N"], "histo": []},
"2022-09-20 08:46:34.016000" : {"coup": 5, "jeu": ["B", "B", "N", "B", "N", "X", "N"], "histo": []},
"2022-09-20 09:15:05.360000" : {"coup": "Reset", "jeu": ["B", "B", "B", "X", "N", "N", "N"], "histo": [], "prog": "def saute(i):\n    if jeu[i]==\"B\" and i<6 and jeu[i+1]==\"X\":\n        historique.append[\"B\",\"X\"]\n        jeu[i], jeu[i+1] = \"X\", \"B\"\n    elif jeu[i]==\"B\" and i<5 and jeu[i+1]==\"N\" and jeu[i+2]==\"X\":\n        historique.append(\"B\",\"N\",\"X\")\n        jeu[i], jeu[i+2] = \"X\", \"B\"\n    elif jeu[i]==\"N\" and i>0 and jeu[i-1]==\"X\":\n        historique.append(\"N\",\"X\")\n        jeu[i], jeu[i-1] = \"X\", \"N\"\n    elif jeu[i]==\"N\" and i>1 and jeu[i-1]==\"B\" and jeu[i-2]==\"X\":\n        historique.append(\"N\",\"B\",\"X\")\n        jeu[i], jeu[i-2] = \"X\", \"N\"\ndef undo():\n    global jeu\n    jeu = [\"B\", \"B\", \"B\", \"X\", \"N\", \"N\", \"N\"]\n    \n    "},
"2022-09-20 08:34:37.805000" : {"coup": "Reset", "jeu": ["B", "B", "B", "X", "N", "N", "N"], "histo": []},
"2022-09-20 08:32:59.691000" : {"coup": 3, "jeu": ["B", "B", "N", "X", "B", "N", "N"], "histo": []},
"2022-09-20 08:36:16.576000" : {"coup": 3, "jeu": ["B", "B", "N", "N", "X", "B", "N"], "histo": []},
"2022-09-20 08:38:07.599000" : {"coup": 1, "jeu": ["B", "N", "N", "X", "N", "B", "B"], "histo": []},
"2022-09-20 08:38:37.207000" : {"coup": 4, "jeu": ["B", "B", "B", "N", "X", "N", "N"], "histo": []},
"2022-09-20 08:42:47.535000" : {"coup": 4, "jeu": ["B", "B", "N", "B", "X", "N", "N"], "histo": []},
"2022-09-20 08:32:50.396000" : {"coup": 2, "jeu": ["B", "B", "X", "B", "N", "N", "N"], "histo": []},
"2022-09-20 08:33:12.585000" : {"coup": 1, "jeu": ["N", "X", "B", "B", "B", "N", "N"], "histo": []},
"2022-09-20 08:33:18.094000" : {"coup": "Reset", "jeu": ["B", "B", "B", "X", "N", "N", "N"], "histo": []},
"2022-09-20 08:38:40.298000" : {"coup": 5, "jeu": ["B", "B", "X", "N", "B", "N", "N"], "histo": []},
"2022-09-20 08:49:45.529000" : {"coup": 2, "jeu": ["B", "B", "N", "X", "N", "B", "N"], "histo": []},
"2022-09-20 08:34:46.884000" : {"coup": 5, "jeu": ["B", "B", "N", "N", "N", "X", "B"], "histo": []},
"2022-09-20 08:37:57.939000" : {"coup": 6, "jeu": ["B", "N", "N", "B", "N", "B", "X"], "histo": []}
}