{
"2022-09-20 10:02:51.706000" : {"coup": 3, "jeu": ["N", "B", "N", "X", "N", "B", "B"], "histo": []},
"2022-09-20 09:48:33.999000" : {"coup": 0, "jeu": ["B", "N", "N", "N", "X", "B", "B"], "histo": []},
"2022-09-20 10:23:41.367000" : {"coup": 2, "jeu": ["B", "B", "X", "B", "N", "N", "N"], "histo": [], "prog": "def saute(i):\n    if jeu[i]==\"B\" and i<6 and jeu[i+1]==\"X\":\n        jeu[i], jeu[i+1] = \"X\", \"B\"\n    elif jeu[i]==\"B\" and i<5 and jeu[i+1]==\"N\" and jeu[i+2]==\"X\":\n        jeu[i], jeu[i+2] = \"X\", \"B\"\n    elif jeu[i]==\"N\" and i>0 and jeu[i-1]==\"X\":\n        jeu[i], jeu[i-1] = \"X\", \"N\"\n    elif jeu[i]==\"N\" and i>1 and jeu[i-1]==\"B\" and jeu[i-2]==\"X\":\n        jeu[i], jeu[i-2] = \"X\", \"N\"\ndef undo():\n    global jeu\n    jeu = [\"B\", \"B\", \"B\", \"X\", \"N\", \"N\", \"N\"]\n"},
"2022-09-20 09:48:21.292000" : {"coup": 4, "jeu": ["B", "N", "N", "B", "X", "B", "N"], "histo": []},
"2022-09-20 09:56:31.647000" : {"coup": 2, "jeu": ["N", "B", "X", "B", "N", "B", "N"], "histo": []},
"2022-09-20 10:28:05.386000" : {"coup": 1, "jeu": ["N", "N", "N", "X", "B", "B", "B"], "histo": [["B", "B", "B", "X", "N", "N", "N"], ["B", "B", "N", "B", "X", "N", "N"], ["B", "B", "N", "B", "N", "X", "N"], ["B", "B", "N", "X", "N", "B", "N"], ["B", "X", "N", "B", "N", "B", "N"], ["N", "B", "N", "B", "N", "B", "X"], ["N", "B", "N", "B", "N", "X", "B"], ["N", "B", "N", "X", "N", "B", "B"], ["N", "X", "N", "B", "N", "B", "B"], ["N", "N", "N", "B", "X", "B", "B"]]},
"2022-09-20 09:56:56.086000" : {"coup": 3, "jeu": ["B", "B", "B", "N", "X", "N", "N"], "histo": []},
"2022-09-20 09:49:34.794000" : {"coup": 2, "jeu": ["B", "B", "X", "N", "B", "N", "N"], "histo": []},
"2022-09-20 10:17:09.533000" : {"coup": 5, "jeu": ["N", "B", "N", "B", "N", "X", "B"], "histo": []},
"2022-09-20 10:02:59.646000" : {"coup": 4, "jeu": ["B", "B", "N", "B", "X", "N", "N"], "histo": []},
"2022-09-20 10:02:49.154000" : {"coup": 6, "jeu": ["N", "B", "N", "B", "N", "B", "X"], "histo": []},
"2022-09-20 09:54:25.861000" : {"coup": 4, "jeu": ["B", "B", "B", "N", "X", "N", "N"], "histo": []},
"2022-09-20 10:30:09.270000" : {"coup": "Reset", "jeu": ["B", "B", "B", "X", "N", "N", "N"], "histo": [], "prog": "def saute(i):\n    if jeu[i]==\"B\" and i<6 and jeu[i+1]==\"X\":\n        historique.append(jeu.copy())\n        jeu[i], jeu[i+1] = \"X\", \"B\"\n    elif jeu[i]==\"B\" and i<5 and jeu[i+1]==\"N\" and jeu[i+2]==\"X\":\n        historique.append(jeu.copy())\n        jeu[i], jeu[i+2] = \"X\", \"B\"\n    elif jeu[i]==\"N\" and i>0 and jeu[i-1]==\"X\":\n        historique.append(jeu.copy())\n        jeu[i], jeu[i-1] = \"X\", \"N\"\n    elif jeu[i]==\"N\" and i>1 and jeu[i-1]==\"B\" and jeu[i-2]==\"X\":\n        jeu[i], jeu[i-2] = \"X\", \"N\"\ndef undo():\n    global jeu\n    jeu = [\"B\", \"B\", \"B\", \"X\", \"N\", \"N\", \"N\"]\n    \n"},
"2022-09-20 10:26:40.848000" : {"coup": 4, "jeu": ["B", "B", "N", "B", "X", "N", "N"], "histo": [["B", "B", "B", "X", "N", "N", "N"]]},
"2022-09-20 09:50:44.672000" : {"coup": "Reset", "jeu": ["B", "B", "B", "X", "N", "N", "N"], "histo": []},
"2022-09-20 09:47:07.420000" : {"coup": 5, "jeu": ["B", "B", "N", "B", "N", "X", "N"], "histo": []},
"2022-09-20 09:50:06.106000" : {"coup": 2, "jeu": ["B", "B", "X", "N", "B", "N", "N"], "histo": []},
"2022-09-20 09:51:19.587000" : {"coup": 5, "jeu": ["B", "N", "B", "N", "B", "X", "N"], "histo": []},
"2022-09-20 09:47:45.229000" : {"coup": 4, "jeu": ["B", "B", "N", "B", "X", "N", "N"], "histo": []},
"2022-09-20 09:55:25.511000" : {"coup": 3, "jeu": ["B", "B", "N", "X", "B", "N", "N"], "histo": []},
"2022-09-20 10:18:23.167000" : {"coup": "Undo", "jeu": ["B", "B", "B", "X", "N", "N", "N"], "histo": []},
"2022-09-20 09:55:11.299000" : {"coup": "Reset", "jeu": ["B", "B", "B", "X", "N", "N", "N"], "histo": []},
"2022-09-20 10:24:44.369000" : {"coup": 2, "jeu": ["B", "B", "X", "B", "N", "N", "N"], "histo": [["B", "B", "B", "X", "N", "N", "N"]], "prog": "def saute(i):\n    if jeu[i]==\"B\" and i<6 and jeu[i+1]==\"X\":\n        historique.append(jeu.copy())\n        jeu[i], jeu[i+1] = \"X\", \"B\"\n    elif jeu[i]==\"B\" and i<5 and jeu[i+1]==\"N\" and jeu[i+2]==\"X\":\n        jeu[i], jeu[i+2] = \"X\", \"B\"\n    elif jeu[i]==\"N\" and i>0 and jeu[i-1]==\"X\":\n        jeu[i], jeu[i-1] = \"X\", \"N\"\n    elif jeu[i]==\"N\" and i>1 and jeu[i-1]==\"B\" and jeu[i-2]==\"X\":\n        jeu[i], jeu[i-2] = \"X\", \"N\"\ndef undo():\n    global jeu\n    jeu = [\"B\", \"B\", \"B\", \"X\", \"N\", \"N\", \"N\"]\n"},
"2022-09-20 10:02:53.659000" : {"coup": 2, "jeu": ["N", "N", "X", "B", "N", "B", "B"], "histo": []},
"2022-09-20 10:33:08.319000" : {"coup": 5, "jeu": ["B", "B", "N", "B", "N", "X", "N"], "histo": [["B", "B", "B", "X", "N", "N", "N"], ["B", "B", "N", "B", "X", "N", "N"]]},
"2022-09-20 10:02:43.626000" : {"coup": 1, "jeu": ["B", "X", "N", "B", "N", "B", "N"], "histo": []},
"2022-09-20 10:31:56.042000" : {"coup": 3, "jeu": ["B", "B", "N", "X", "N", "B", "N"], "histo": [["B", "B", "B", "X", "N", "N", "N"], ["B", "B", "N", "B", "X", "N", "N"], ["B", "B", "N", "B", "N", "X", "N"]]},
"2022-09-20 10:09:43.564000" : {"coup": 4, "jeu": ["N", "N", "N", "B", "X", "B", "B"], "histo": []},
"2022-09-20 10:32:44.283000" : {"coup": "Reset", "jeu": ["B", "B", "B", "X", "N", "N", "N"], "histo": []},
"2022-09-20 09:54:13.380000" : {"coup": 1, "jeu": ["B", "X", "N", "B", "N", "B", "N"], "histo": []},
"2022-09-20 09:54:30.599000" : {"coup": 2, "jeu": ["B", "B", "N", "X", "B", "N", "N"], "histo": []},
"2022-09-20 09:49:42.641000" : {"coup": "Reset", "jeu": ["B", "B", "B", "X", "N", "N", "N"], "histo": []},
"2022-09-20 10:26:47.142000" : {"coup": 6, "jeu": ["N", "B", "N", "B", "N", "B", "X"], "histo": [["B", "B", "B", "X", "N", "N", "N"], ["B", "B", "N", "B", "X", "N", "N"], ["B", "B", "N", "B", "N", "X", "N"], ["B", "B", "N", "X", "N", "B", "N"], ["B", "X", "N", "B", "N", "B", "N"]]},
"2022-09-20 09:53:14.170000" : {"coup": 5, "jeu": ["B", "N", "B", "N", "B", "X", "N"], "histo": []},
"2022-09-20 10:07:53.720000" : {"coup": 3, "jeu": ["N", "N", "N", "X", "B", "B", "B"], "histo": []},
"2022-09-20 09:52:14.771000" : {"coup": 1, "jeu": ["B", "X", "N", "B", "N", "B", "N"], "histo": []},
"2022-09-20 10:15:46.877000" : {"coup": 3, "jeu": ["N", "N", "N", "X", "B", "B", "B"], "histo": []},
"2022-09-20 10:30:22.151000" : {"coup": 0, "jeu": ["X", "B", "N", "B", "N", "B", "N"], "histo": [["B", "B", "B", "X", "N", "N", "N"], ["B", "B", "N", "B", "X", "N", "N"], ["B", "B", "N", "B", "N", "X", "N"], ["B", "B", "N", "X", "N", "B", "N"], ["B", "X", "N", "B", "N", "B", "N"]]},
"2022-09-20 10:01:04.035000" : {"coup": 4, "jeu": ["B", "N", "B", "N", "X", "B", "N"], "histo": []},
"2022-09-20 09:53:31.669000" : {"coup": 3, "jeu": ["N", "N", "B", "X", "B", "N", "B"], "histo": []},
"2022-09-20 10:03:18.566000" : {"coup": 5, "jeu": ["B", "B", "N", "B", "N", "X", "N"], "histo": []},
"2022-09-20 10:28:07.795000" : {"coup": "Reset", "jeu": ["B", "B", "B", "X", "N", "N", "N"], "histo": []},
"2022-09-20 10:09:54.792000" : {"coup": 4, "jeu": ["N", "B", "N", "B", "X", "B", "N"], "histo": []},
"2022-09-20 10:23:42.560000" : {"coup": 3, "jeu": ["B", "B", "X", "B", "N", "N", "N"], "histo": []},
"2022-09-20 10:00:51.078000" : {"coup": 1, "jeu": ["B", "X", "B", "N", "B", "N", "N"], "histo": []},
"2022-09-20 10:17:11.879000" : {"coup": 2, "jeu": ["N", "N", "X", "B", "N", "B", "B"], "histo": []},
"2022-09-20 10:03:32.402000" : {"coup": 5, "jeu": ["N", "B", "N", "B", "N", "X", "B"], "histo": []},
"2022-09-20 10:33:01.368000" : {"coup": 2, "jeu": ["B", "B", "X", "B", "N", "N", "N"], "histo": [["B", "B", "B", "X", "N", "N", "N"]]},
"2022-09-20 10:03:28.498000" : {"coup": 2, "jeu": ["N", "B", "X", "B", "N", "B", "N"], "histo": []},
"2022-09-20 10:19:12.519000" : {"coup": 1, "jeu": ["B", "X", "N", "B", "N", "B", "N"], "histo": []},
"2022-09-20 10:26:43.362000" : {"coup": 1, "jeu": ["B", "X", "N", "B", "N", "B", "N"], "histo": [["B", "B", "B", "X", "N", "N", "N"], ["B", "B", "N", "B", "X", "N", "N"], ["B", "B", "N", "B", "N", "X", "N"], ["B", "B", "N", "X", "N", "B", "N"]]},
"2022-09-20 09:50:42.529000" : {"coup": 4, "jeu": ["B", "B", "N", "N", "X", "N", "B"], "histo": []},
"2022-09-20 09:48:59.513000" : {"coup": 4, "jeu": ["B", "B", "N", "B", "X", "N", "N"], "histo": []},
"2022-09-20 09:48:28" : {"coup": 3, "jeu": ["B", "N", "N", "X", "N", "B", "B"], "histo": []},
"2022-09-20 10:28:04.203000" : {"coup": 4, "jeu": ["N", "N", "N", "X", "B", "B", "B"], "histo": [["B", "B", "B", "X", "N", "N", "N"], ["B", "B", "N", "B", "X", "N", "N"], ["B", "B", "N", "B", "N", "X", "N"], ["B", "B", "N", "X", "N", "B", "N"], ["B", "X", "N", "B", "N", "B", "N"], ["N", "B", "N", "B", "N", "B", "X"], ["N", "B", "N", "B", "N", "X", "B"], ["N", "B", "N", "X", "N", "B", "B"], ["N", "X", "N", "B", "N", "B", "B"], ["N", "N", "N", "B", "X", "B", "B"]]},
"2022-09-20 10:09:32.486000" : {"coup": 5, "jeu": ["B", "B", "N", "B", "N", "X", "N"], "histo": []},
"2022-09-20 09:55:50.163000" : {"coup": 5, "jeu": ["B", "B", "N", "B", "N", "X", "N"], "histo": []},
"2022-09-20 10:09:52.803000" : {"coup": 0, "jeu": ["X", "B", "N", "B", "N", "B", "N"], "histo": []},
"2022-09-20 09:48:26.132000" : {"coup": 6, "jeu": ["B", "N", "N", "B", "N", "B", "X"], "histo": []},
"2022-09-20 10:30:24.250000" : {"coup": 6, "jeu": ["N", "B", "N", "B", "N", "B", "X"], "histo": [["B", "B", "B", "X", "N", "N", "N"], ["B", "B", "N", "B", "X", "N", "N"], ["B", "B", "N", "B", "N", "X", "N"], ["B", "B", "N", "X", "N", "B", "N"], ["B", "X", "N", "B", "N", "B", "N"]]},
"2022-09-20 10:32:42.995000" : {"coup": "Reset", "jeu": ["B", "B", "B", "X", "N", "N", "N"], "histo": [], "prog": "def saute(i):\n    if jeu[i]==\"B\" and i<6 and jeu[i+1]==\"X\":\n        historique.append(jeu.copy())\n        jeu[i], jeu[i+1] = \"X\", \"B\"\n    elif jeu[i]==\"B\" and i<5 and jeu[i+1]==\"N\" and jeu[i+2]==\"X\":\n        historique.append(jeu.copy())\n        jeu[i], jeu[i+2] = \"X\", \"B\"\n    elif jeu[i]==\"N\" and i>0 and jeu[i-1]==\"X\":\n        historique.append(jeu.copy())\n        jeu[i], jeu[i-1] = \"X\", \"N\"\n    elif jeu[i]==\"N\" and i>1 and jeu[i-1]==\"B\" and jeu[i-2]==\"X\":\n        jeu[i], jeu[i-2] = \"X\", \"N\"\ndef undo():\n    global jeu\n    jeu = [\"B\", \"B\", \"B\", \"X\", \"N\", \"N\", \"N\"]\n    jeu = historique.pop()\n    \n"},
"2022-09-20 09:48:44.478000" : {"coup": 1, "jeu": ["B", "X", "N", "B", "B", "N", "N"], "histo": []},
"2022-09-20 09:54:48.961000" : {"coup": 5, "jeu": ["B", "N", "B", "N", "B", "X", "N"], "histo": []},
"2022-09-20 10:33:09.499000" : {"coup": "Undo", "jeu": ["B", "B", "N", "B", "X", "N", "N"], "histo": [["B", "B", "B", "X", "N", "N", "N"]]},
"2022-09-20 10:04:41.315000" : {"coup": 2, "jeu": ["N", "N", "X", "B", "N", "B", "B"], "histo": []},
"2022-09-20 10:03:15.917000" : {"coup": 2, "jeu": ["B", "B", "X", "B", "N", "N", "N"], "histo": []},
"2022-09-20 10:12:18.139000" : {"coup": "Reset", "jeu": ["B", "B", "B", "X", "N", "N", "N"], "histo": [], "prog": "def saute(i):\n    if jeu[i]==\"B\" and i<6 and jeu[i+1]==\"X\":\n        jeu[i], jeu[i+1] = \"X\", \"B\"\n        \n    elif jeu[i]==\"B\" and i<5 and jeu[i+1]==\"N\" and jeu[i+2]==\"X\":\n        jeu[i], jeu[i+2] = \"X\", \"B\"\n    elif jeu[i]==\"N\" and i>0 and jeu[i-1]==\"X\":\n        jeu[i], jeu[i-1] = \"X\", \"N\"\n    elif jeu[i]==\"N\" and i>1 and jeu[i-1]==\"B\" and jeu[i-2]==\"X\":\n        jeu[i], jeu[i-2] = \"X\", \"N\"\ndef undo():\n    global jeu\n    jeu = [\"B\", \"B\", \"B\", \"X\", \"N\", \"N\", \"N\"]\n"},
"2022-09-20 09:53:27.619000" : {"coup": 0, "jeu": ["X", "N", "B", "N", "B", "N", "B"], "histo": []},
"2022-09-20 09:47:02.803000" : {"coup": 2, "jeu": ["B", "B", "X", "B", "N", "N", "N"], "histo": []},
"2022-09-20 09:49:36.962000" : {"coup": 1, "jeu": ["B", "X", "N", "B", "B", "N", "N"], "histo": []},
"2022-09-20 09:50:46.383000" : {"coup": 4, "jeu": ["B", "B", "B", "N", "X", "N", "N"], "histo": []},
"2022-09-20 09:56:32.206000" : {"coup": 0, "jeu": ["N", "B", "X", "B", "N", "B", "N"], "histo": []},
"2022-09-20 09:48:37.882000" : {"coup": 2, "jeu": ["B", "B", "X", "B", "N", "N", "N"], "histo": []},
"2022-09-20 10:07:41.357000" : {"coup": 4, "jeu": ["B", "B", "N", "B", "X", "N", "N"], "histo": []},
"2022-09-20 09:55:09.511000" : {"coup": 3, "jeu": ["N", "N", "N", "X", "B", "B", "B"], "histo": []},
"2022-09-20 09:48:41.734000" : {"coup": 3, "jeu": ["B", "B", "N", "X", "B", "N", "N"], "histo": []},
"2022-09-20 09:51:58.705000" : {"coup": "Reset", "jeu": ["B", "B", "B", "X", "N", "N", "N"], "histo": []},
"2022-09-20 09:56:15.426000" : {"coup": 3, "jeu": ["B", "B", "X", "B", "N", "N", "N"], "histo": []},
"2022-09-20 10:28:04.987000" : {"coup": 2, "jeu": ["N", "N", "N", "X", "B", "B", "B"], "histo": [["B", "B", "B", "X", "N", "N", "N"], ["B", "B", "N", "B", "X", "N", "N"], ["B", "B", "N", "B", "N", "X", "N"], ["B", "B", "N", "X", "N", "B", "N"], ["B", "X", "N", "B", "N", "B", "N"], ["N", "B", "N", "B", "N", "B", "X"], ["N", "B", "N", "B", "N", "X", "B"], ["N", "B", "N", "X", "N", "B", "B"], ["N", "X", "N", "B", "N", "B", "B"], ["N", "N", "N", "B", "X", "B", "B"]]},
"2022-09-20 10:33:05.713000" : {"coup": "Undo", "jeu": ["B", "B", "N", "B", "X", "N", "N"], "histo": [["B", "B", "B", "X", "N", "N", "N"]]},
"2022-09-20 10:09:46.644000" : {"coup": "Reset", "jeu": ["B", "B", "B", "X", "N", "N", "N"], "histo": []},
"2022-09-20 10:17:12.309000" : {"coup": 4, "jeu": ["N", "N", "N", "B", "X", "B", "B"], "histo": []},
"2022-09-20 10:03:12.833000" : {"coup": 2, "jeu": ["B", "N", "X", "B", "N", "B", "N"], "histo": []},
"2022-09-20 09:56:36.407000" : {"coup": 5, "jeu": ["N", "B", "N", "B", "N", "X", "B"], "histo": []},
"2022-09-20 10:30:25.257000" : {"coup": 3, "jeu": ["N", "B", "N", "X", "N", "B", "B"], "histo": [["B", "B", "B", "X", "N", "N", "N"], ["B", "B", "N", "B", "X", "N", "N"], ["B", "B", "N", "B", "N", "X", "N"], ["B", "B", "N", "X", "N", "B", "N"], ["B", "X", "N", "B", "N", "B", "N"], ["N", "B", "N", "B", "N", "B", "X"], ["N", "B", "N", "B", "N", "X", "B"]]},
"2022-09-20 10:09:50.861000" : {"coup": 1, "jeu": ["B", "X", "N", "B", "N", "B", "N"], "histo": []},
"2022-09-20 10:33:02.186000" : {"coup": 4, "jeu": ["B", "B", "N", "B", "X", "N", "N"], "histo": [["B", "B", "B", "X", "N", "N", "N"]]},
"2022-09-20 09:47:29.985000" : {"coup": 4, "jeu": ["B", "B", "N", "N", "X", "B", "N"], "histo": []},
"2022-09-20 09:56:51.530000" : {"coup": 3, "jeu": ["B", "B", "X", "B", "N", "N", "N"], "histo": []},
"2022-09-20 09:47:19.826000" : {"coup": "Reset", "jeu": ["B", "B", "B", "X", "N", "N", "N"], "histo": []},
"2022-09-20 09:53:35.887000" : {"coup": 4, "jeu": ["N", "N", "B", "N", "X", "B", "B"], "histo": []},
"2022-09-20 09:49:48.734000" : {"coup": 5, "jeu": ["B", "B", "N", "N", "B", "X", "N"], "histo": []},
"2022-09-20 09:46:44.383000" : {"coup": "Load", "jeu": ["B", "B", "B", "X", "N", "N", "N"], "histo": []},
"2022-09-20 10:15:50.667000" : {"coup": "Reset", "jeu": ["B", "B", "B", "X", "N", "N", "N"], "histo": []},
"2022-09-20 09:49:16.587000" : {"coup": 5, "jeu": ["B", "B", "N", "N", "B", "X", "N"], "histo": []},
"2022-09-20 09:51:38.710000" : {"coup": 1, "jeu": ["N", "X", "B", "N", "B", "N", "B"], "histo": []},
"2022-09-20 09:54:29.429000" : {"coup": 2, "jeu": ["B", "B", "X", "N", "B", "N", "N"], "histo": []},
"2022-09-20 10:07:39.857000" : {"coup": "Reset", "jeu": ["B", "B", "B", "X", "N", "N", "N"], "histo": []},
"2022-09-20 09:50:42.012000" : {"coup": 6, "jeu": ["B", "B", "N", "N", "B", "N", "X"], "histo": []},
"2022-09-20 09:51:42.459000" : {"coup": 5, "jeu": ["N", "N", "B", "N", "B", "X", "B"], "histo": []},
"2022-09-20 09:56:10.867000" : {"coup": 5, "jeu": ["B", "N", "N", "X", "N", "B", "B"], "histo": []},
"2022-09-20 09:49:56.140000" : {"coup": 4, "jeu": ["B", "B", "N", "N", "X", "N", "B"], "histo": []},
"2022-09-20 09:56:27.687000" : {"coup": 3, "jeu": ["B", "X", "N", "B", "N", "B", "N"], "histo": []},
"2022-09-20 10:23:50.824000" : {"coup": 5, "jeu": ["N", "B", "N", "B", "N", "X", "B"], "histo": []},
"2022-09-20 10:26:48.288000" : {"coup": 3, "jeu": ["N", "B", "N", "X", "N", "B", "B"], "histo": [["B", "B", "B", "X", "N", "N", "N"], ["B", "B", "N", "B", "X", "N", "N"], ["B", "B", "N", "B", "N", "X", "N"], ["B", "B", "N", "X", "N", "B", "N"], ["B", "X", "N", "B", "N", "B", "N"], ["N", "B", "N", "B", "N", "B", "X"], ["N", "B", "N", "B", "N", "X", "B"]]},
"2022-09-20 10:04:29.781000" : {"coup": 5, "jeu": ["B", "B", "N", "B", "N", "X", "N"], "histo": []},
"2022-09-20 10:31:54.825000" : {"coup": 5, "jeu": ["B", "B", "N", "B", "N", "X", "N"], "histo": [["B", "B", "B", "X", "N", "N", "N"], ["B", "B", "N", "B", "X", "N", "N"]]},
"2022-09-20 10:28:19.587000" : {"coup": 3, "jeu": ["N", "B", "N", "X", "N", "B", "B"], "histo": [["B", "B", "B", "X", "N", "N", "N"], ["B", "B", "N", "B", "X", "N", "N"], ["B", "B", "N", "B", "N", "X", "N"], ["B", "B", "N", "X", "N", "B", "N"], ["B", "X", "N", "B", "N", "B", "N"], ["N", "B", "N", "B", "N", "B", "X"], ["N", "B", "N", "B", "N", "X", "B"]]},
"2022-09-20 09:49:44.570000" : {"coup": 4, "jeu": ["B", "B", "B", "N", "X", "N", "N"], "histo": []},
"2022-09-20 09:55:08.717000" : {"coup": 2, "jeu": ["N", "N", "X", "N", "B", "B", "B"], "histo": []},
"2022-09-20 09:56:58.478000" : {"coup": 2, "jeu": ["B", "B", "X", "N", "B", "N", "N"], "histo": []},
"2022-09-20 10:19:10.383000" : {"coup": 5, "jeu": ["B", "B", "N", "B", "N", "X", "N"], "histo": []},
"2022-09-20 10:19:29.851000" : {"coup": "Reset", "jeu": ["B", "B", "B", "X", "N", "N", "N"], "histo": []},
"2022-09-20 10:19:13.706000" : {"coup": 2, "jeu": ["N", "B", "X", "B", "N", "B", "N"], "histo": []},
"2022-09-20 09:53:36.944000" : {"coup": 2, "jeu": ["N", "N", "X", "N", "B", "B", "B"], "histo": []},
"2022-09-20 10:28:28.739000" : {"coup": "Reset", "jeu": ["B", "B", "B", "X", "N", "N", "N"], "histo": []},
"2022-09-20 10:17:12.684000" : {"coup": 3, "jeu": ["N", "N", "N", "X", "B", "B", "B"], "histo": []},
"2022-09-20 10:32:46.997000" : {"coup": 4, "jeu": ["B", "B", "N", "B", "X", "N", "N"], "histo": [["B", "B", "B", "X", "N", "N", "N"]]},
"2022-09-20 10:02:52.889000" : {"coup": 1, "jeu": ["N", "X", "N", "B", "N", "B", "B"], "histo": []},
"2022-09-20 09:47:04.494000" : {"coup": 4, "jeu": ["B", "B", "N", "B", "X", "N", "N"], "histo": []},
"2022-09-20 10:09:53.428000" : {"coup": 2, "jeu": ["N", "B", "X", "B", "N", "B", "N"], "histo": []},
"2022-09-20 10:04:34.316000" : {"coup": 2, "jeu": ["N", "B", "X", "B", "N", "B", "N"], "histo": []},
"2022-09-20 09:53:37.524000" : {"coup": 3, "jeu": ["N", "N", "N", "X", "B", "B", "B"], "histo": []},
"2022-09-20 09:57:17.663000" : {"coup": 3, "jeu": ["N", "N", "N", "X", "B", "B", "B"], "histo": []},
"2022-09-20 09:52:52.131000" : {"coup": 1, "jeu": ["B", "X", "N", "B", "B", "N", "N"], "histo": []},
"2022-09-20 10:23:42.468000" : {"coup": 3, "jeu": ["B", "B", "X", "B", "N", "N", "N"], "histo": []},
"2022-09-20 10:30:10.588000" : {"coup": "Reset", "jeu": ["B", "B", "B", "X", "N", "N", "N"], "histo": []},
"2022-09-20 10:31:52.891000" : {"coup": 2, "jeu": ["B", "B", "X", "B", "N", "N", "N"], "histo": [["B", "B", "B", "X", "N", "N", "N"]]},
"2022-09-20 10:29:41.788000" : {"coup": "Reset", "jeu": ["B", "B", "B", "X", "N", "N", "N"], "histo": []},
"2022-09-20 10:28:21.192000" : {"coup": 2, "jeu": ["N", "N", "X", "B", "N", "B", "B"], "histo": [["B", "B", "B", "X", "N", "N", "N"], ["B", "B", "N", "B", "X", "N", "N"], ["B", "B", "N", "B", "N", "X", "N"], ["B", "B", "N", "X", "N", "B", "N"], ["B", "X", "N", "B", "N", "B", "N"], ["N", "B", "N", "B", "N", "B", "X"], ["N", "B", "N", "B", "N", "X", "B"], ["N", "B", "N", "X", "N", "B", "B"], ["N", "X", "N", "B", "N", "B", "B"]]},
"2022-09-20 10:28:14.719000" : {"coup": 5, "jeu": ["B", "B", "N", "B", "N", "X", "N"], "histo": [["B", "B", "B", "X", "N", "N", "N"], ["B", "B", "N", "B", "X", "N", "N"]]},
"2022-09-20 10:30:00.978000" : {"coup": 3, "jeu": ["N", "N", "N", "X", "B", "B", "B"], "histo": [["B", "B", "B", "X", "N", "N", "N"], ["B", "B", "N", "B", "X", "N", "N"], ["B", "B", "N", "B", "N", "X", "N"], ["B", "B", "N", "X", "N", "B", "N"], ["B", "X", "N", "B", "N", "B", "N"], ["N", "B", "N", "B", "N", "B", "X"], ["N", "B", "N", "B", "N", "X", "B"], ["N", "B", "N", "X", "N", "B", "B"], ["N", "X", "N", "B", "N", "B", "B"], ["N", "N", "N", "B", "X", "B", "B"]]},
"2022-09-20 10:12:25.741000" : {"coup": 4, "jeu": ["N", "B", "N", "B", "X", "B", "N"], "histo": []},
"2022-09-20 10:24:59.834000" : {"coup": 1, "jeu": ["B", "X", "B", "B", "N", "N", "N"], "histo": [["B", "B", "B", "X", "N", "N", "N"], ["B", "B", "X", "B", "N", "N", "N"]], "prog": "def saute(i):\n    if jeu[i]==\"B\" and i<6 and jeu[i+1]==\"X\":\n        historique.append(jeu.copy())\n        jeu[i], jeu[i+1] = \"X\", \"B\"\n    elif jeu[i]==\"B\" and i<5 and jeu[i+1]==\"N\" and jeu[i+2]==\"X\":\n        historique.append(jeu.copy())\n        jeu[i], jeu[i+2] = \"X\", \"B\"\n    elif jeu[i]==\"N\" and i>0 and jeu[i-1]==\"X\":\n        historique.append(jeu.copy())\n        jeu[i], jeu[i-1] = \"X\", \"N\"\n    elif jeu[i]==\"N\" and i>1 and jeu[i-1]==\"B\" and jeu[i-2]==\"X\":\n        jeu[i], jeu[i-2] = \"X\", \"N\"\ndef undo():\n    global jeu\n    jeu = [\"B\", \"B\", \"B\", \"X\", \"N\", \"N\", \"N\"]\n"},
"2022-09-20 10:04:41.938000" : {"coup": 4, "jeu": ["N", "N", "N", "B", "X", "B", "B"], "histo": []},
"2022-09-20 09:50:28.108000" : {"coup": 5, "jeu": ["B", "B", "N", "N", "B", "X", "N"], "histo": []},
"2022-09-20 10:28:18.342000" : {"coup": 6, "jeu": ["N", "B", "N", "B", "N", "B", "X"], "histo": [["B", "B", "B", "X", "N", "N", "N"], ["B", "B", "N", "B", "X", "N", "N"], ["B", "B", "N", "B", "N", "X", "N"], ["B", "B", "N", "X", "N", "B", "N"], ["B", "X", "N", "B", "N", "B", "N"]]},
"2022-09-20 09:51:24.375000" : {"coup": 6, "jeu": ["B", "N", "B", "N", "B", "N", "X"], "histo": []},
"2022-09-20 10:28:18.972000" : {"coup": 5, "jeu": ["N", "B", "N", "B", "N", "X", "B"], "histo": [["B", "B", "B", "X", "N", "N", "N"], ["B", "B", "N", "B", "X", "N", "N"], ["B", "B", "N", "B", "N", "X", "N"], ["B", "B", "N", "X", "N", "B", "N"], ["B", "X", "N", "B", "N", "B", "N"], ["N", "B", "N", "B", "N", "B", "X"]]},
"2022-09-20 10:12:24.304000" : {"coup": 0, "jeu": ["X", "B", "N", "B", "N", "B", "N"], "histo": []},
"2022-09-20 10:12:27.726000" : {"coup": 5, "jeu": ["N", "B", "N", "B", "N", "X", "B"], "histo": []},
"2022-09-20 09:54:44.909000" : {"coup": 1, "jeu": ["B", "X", "B", "N", "B", "N", "N"], "histo": []},
"2022-09-20 10:32:48.136000" : {"coup": "Undo", "jeu": ["B", "B", "B", "X", "N", "N", "N"], "histo": []},
"2022-09-20 10:09:41.821000" : {"coup": 1, "jeu": ["N", "X", "N", "B", "N", "B", "B"], "histo": []},
"2022-09-20 09:54:26.447000" : {"coup": 2, "jeu": ["B", "B", "X", "N", "B", "N", "N"], "histo": []},
"2022-09-20 09:57:17.035000" : {"coup": 2, "jeu": ["N", "N", "X", "N", "B", "B", "B"], "histo": []},
"2022-09-20 09:54:55.387000" : {"coup": 2, "jeu": ["B", "N", "X", "N", "B", "N", "B"], "histo": []},
"2022-09-20 10:02:56.032000" : {"coup": "Reset", "jeu": ["B", "B", "B", "X", "N", "N", "N"], "histo": []},
"2022-09-20 09:54:21.002000" : {"coup": 3, "jeu": ["B", "B", "N", "X", "B", "N", "N"], "histo": []},
"2022-09-20 10:28:15.930000" : {"coup": 1, "jeu": ["B", "X", "N", "B", "N", "B", "N"], "histo": [["B", "B", "B", "X", "N", "N", "N"], ["B", "B", "N", "B", "X", "N", "N"], ["B", "B", "N", "B", "N", "X", "N"], ["B", "B", "N", "X", "N", "B", "N"]]},
"2022-09-20 09:53:34.907000" : {"coup": 5, "jeu": ["N", "N", "B", "N", "B", "X", "B"], "histo": []},
"2022-09-20 09:52:58.991000" : {"coup": 4, "jeu": ["B", "B", "B", "N", "X", "N", "N"], "histo": []},
"2022-09-20 10:31:52.219000" : {"coup": "Reset", "jeu": ["B", "B", "B", "X", "N", "N", "N"], "histo": []},
"2022-09-20 10:26:38.966000" : {"coup": 2, "jeu": ["B", "B", "X", "B", "N", "N", "N"], "histo": [["B", "B", "B", "X", "N", "N", "N"]]},
"2022-09-20 10:00:44.020000" : {"coup": 4, "jeu": ["B", "B", "B", "N", "X", "N", "N"], "histo": []},
"2022-09-20 10:02:27.995000" : {"coup": 2, "jeu": ["B", "B", "X", "B", "N", "N", "N"], "histo": []},
"2022-09-20 09:56:30.474000" : {"coup": 0, "jeu": ["X", "B", "N", "B", "N", "B", "N"], "histo": []},
"2022-09-20 10:25:08.395000" : {"coup": "Reset", "jeu": ["B", "B", "B", "X", "N", "N", "N"], "histo": []},
"2022-09-20 10:00:52.118000" : {"coup": 3, "jeu": ["B", "N", "B", "X", "B", "N", "N"], "histo": []},
"2022-09-20 10:29:43.655000" : {"coup": 2, "jeu": ["B", "B", "X", "B", "N", "N", "N"], "histo": [["B", "B", "B", "X", "N", "N", "N"]]},
"2022-09-20 10:29:48.870000" : {"coup": 1, "jeu": ["B", "X", "N", "B", "N", "B", "N"], "histo": [["B", "B", "B", "X", "N", "N", "N"], ["B", "B", "N", "B", "X", "N", "N"], ["B", "B", "N", "B", "N", "X", "N"], ["B", "B", "N", "X", "N", "B", "N"]]},
"2022-09-20 10:12:30.656000" : {"coup": 4, "jeu": ["N", "N", "N", "B", "X", "B", "B"], "histo": []},
"2022-09-20 10:33:11.648000" : {"coup": "Undo", "jeu": ["B", "B", "N", "B", "X", "N", "N"], "histo": [["B", "B", "B", "X", "N", "N", "N"]]},
"2022-09-20 10:31:53.482000" : {"coup": 4, "jeu": ["B", "B", "N", "B", "X", "N", "N"], "histo": [["B", "B", "B", "X", "N", "N", "N"]]},
"2022-09-20 10:30:14.958000" : {"coup": 5, "jeu": ["B", "B", "N", "N", "B", "X", "N"], "histo": [["B", "B", "B", "X", "N", "N", "N"], ["B", "B", "N", "B", "X", "N", "N"]]},
"2022-09-20 09:48:04.647000" : {"coup": 5, "jeu": ["B", "B", "N", "B", "N", "X", "N"], "histo": []},
"2022-09-20 10:07:48.747000" : {"coup": 6, "jeu": ["N", "B", "N", "B", "N", "B", "X"], "histo": []},
"2022-09-20 09:57:14.212000" : {"coup": 3, "jeu": ["N", "N", "B", "X", "B", "N", "B"], "histo": []},
"2022-09-20 09:49:09.779000" : {"coup": 3, "jeu": ["B", "B", "N", "X", "B", "N", "N"], "histo": []},
"2022-09-20 10:23:48.576000" : {"coup": 2, "jeu": ["N", "B", "X", "B", "N", "B", "N"], "histo": []},
"2022-09-20 10:09:29.140000" : {"coup": "Reset", "jeu": ["B", "B", "B", "X", "N", "N", "N"], "histo": []},
"2022-09-20 10:19:09.937000" : {"coup": 4, "jeu": ["B", "B", "N", "B", "X", "N", "N"], "histo": []},
"2022-09-20 09:51:30.348000" : {"coup": 2, "jeu": ["B", "N", "X", "N", "B", "N", "B"], "histo": []},
"2022-09-20 10:07:53.264000" : {"coup": 4, "jeu": ["N", "N", "N", "B", "X", "B", "B"], "histo": []},
"2022-09-20 10:23:47.758000" : {"coup": 0, "jeu": ["X", "B", "N", "B", "N", "B", "N"], "histo": []},
"2022-09-20 09:51:40.879000" : {"coup": 5, "jeu": ["N", "N", "B", "N", "B", "X", "B"], "histo": []},
"2022-09-20 10:09:57.864000" : {"coup": 3, "jeu": ["N", "B", "N", "X", "N", "B", "B"], "histo": []},
"2022-09-20 09:48:36.689000" : {"coup": "Reset", "jeu": ["B", "B", "B", "X", "N", "N", "N"], "histo": []},
"2022-09-20 09:49:34.189000" : {"coup": 4, "jeu": ["B", "B", "B", "N", "X", "N", "N"], "histo": []},
"2022-09-20 09:55:07.779000" : {"coup": 4, "jeu": ["N", "N", "B", "N", "X", "B", "B"], "histo": []},
"2022-09-20 09:54:37.489000" : {"coup": "Reset", "jeu": ["B", "B", "B", "X", "N", "N", "N"], "histo": []},
"2022-09-20 09:51:14.294000" : {"coup": 3, "jeu": ["B", "N", "B", "X", "B", "N", "N"], "histo": []},
"2022-09-20 09:53:41.473000" : {"coup": "Reset", "jeu": ["B", "B", "B", "X", "N", "N", "N"], "histo": []},
"2022-09-20 09:52:18.371000" : {"coup": 2, "jeu": ["B", "N", "X", "B", "N", "B", "N"], "histo": []},
"2022-09-20 09:47:28.290000" : {"coup": 5, "jeu": ["B", "B", "N", "N", "B", "X", "N"], "histo": []},
"2022-09-20 09:57:11.971000" : {"coup": 0, "jeu": ["X", "N", "B", "N", "B", "N", "B"], "histo": []},
"2022-09-20 10:29:56.054000" : {"coup": 5, "jeu": ["N", "B", "N", "B", "N", "X", "B"], "histo": [["B", "B", "B", "X", "N", "N", "N"], ["B", "B", "N", "B", "X", "N", "N"], ["B", "B", "N", "B", "N", "X", "N"], ["B", "B", "N", "X", "N", "B", "N"], ["B", "X", "N", "B", "N", "B", "N"], ["N", "B", "N", "B", "N", "B", "X"]]},
"2022-09-20 09:50:53.174000" : {"coup": 2, "jeu": ["B", "B", "X", "N", "B", "N", "N"], "histo": []},
"2022-09-20 10:17:05.878000" : {"coup": 3, "jeu": ["B", "B", "N", "X", "N", "B", "N"], "histo": []},
"2022-09-20 09:57:15.244000" : {"coup": 5, "jeu": ["N", "N", "B", "N", "B", "X", "B"], "histo": []},
"2022-09-20 10:17:06.479000" : {"coup": 1, "jeu": ["B", "X", "N", "B", "N", "B", "N"], "histo": []},
"2022-09-20 10:26:39.153000" : {"coup": 2, "jeu": ["B", "B", "X", "B", "N", "N", "N"], "histo": [["B", "B", "B", "X", "N", "N", "N"]]},
"2022-09-20 10:01:17.424000" : {"coup": "Reset", "jeu": ["B", "B", "B", "X", "N", "N", "N"], "histo": []},
"2022-09-20 10:09:38.960000" : {"coup": 5, "jeu": ["N", "B", "N", "B", "N", "X", "B"], "histo": []},
"2022-09-20 09:56:33.924000" : {"coup": 2, "jeu": ["N", "B", "N", "B", "X", "B", "N"], "histo": []},
"2022-09-20 10:09:55.935000" : {"coup": 6, "jeu": ["N", "B", "N", "B", "N", "B", "X"], "histo": []},
"2022-09-20 09:55:09.802000" : {"coup": 2, "jeu": ["N", "N", "N", "X", "B", "B", "B"], "histo": []},
"2022-09-20 10:09:38.182000" : {"coup": 6, "jeu": ["N", "B", "N", "B", "N", "B", "X"], "histo": []},
"2022-09-20 10:04:38.474000" : {"coup": 5, "jeu": ["N", "B", "N", "B", "N", "X", "B"], "histo": []},
"2022-09-20 10:04:32.699000" : {"coup": 1, "jeu": ["B", "X", "N", "B", "N", "B", "N"], "histo": []},
"2022-09-20 10:04:23.928000" : {"coup": "Reset", "jeu": ["B", "B", "B", "X", "N", "N", "N"], "histo": []},
"2022-09-20 09:56:38.043000" : {"coup": 5, "jeu": ["N", "B", "N", "X", "N", "B", "B"], "histo": []},
"2022-09-20 09:55:36.960000" : {"coup": 1, "jeu": ["B", "X", "N", "B", "N", "B", "N"], "histo": []},
"2022-09-20 10:09:59.245000" : {"coup": 1, "jeu": ["N", "X", "N", "B", "N", "B", "B"], "histo": []},
"2022-09-20 09:54:09.034000" : {"coup": 5, "jeu": ["B", "B", "N", "B", "N", "X", "N"], "histo": []},
"2022-09-20 10:19:13.008000" : {"coup": 0, "jeu": ["X", "B", "N", "B", "N", "B", "N"], "histo": []},
"2022-09-20 10:03:09.349000" : {"coup": 5, "jeu": ["B", "B", "N", "B", "N", "X", "N"], "histo": []},
"2022-09-20 09:55:42.940000" : {"coup": 4, "jeu": ["B", "N", "N", "B", "X", "B", "N"], "histo": []},
"2022-09-20 10:07:43.980000" : {"coup": 3, "jeu": ["B", "B", "N", "X", "N", "B", "N"], "histo": []},
"2022-09-20 10:02:54.843000" : {"coup": 3, "jeu": ["N", "N", "N", "X", "B", "B", "B"], "histo": []},
"2022-09-20 09:55:51.820000" : {"coup": 3, "jeu": ["B", "B", "N", "X", "N", "B", "N"], "histo": []},
"2022-09-20 09:55:46.654000" : {"coup": 4, "jeu": ["B", "B", "N", "B", "X", "N", "N"], "histo": []},
"2022-09-20 10:29:55.472000" : {"coup": 6, "jeu": ["N", "B", "N", "B", "N", "B", "X"], "histo": [["B", "B", "B", "X", "N", "N", "N"], ["B", "B", "N", "B", "X", "N", "N"], ["B", "B", "N", "B", "N", "X", "N"], ["B", "B", "N", "X", "N", "B", "N"], ["B", "X", "N", "B", "N", "B", "N"]]},
"2022-09-20 09:55:15.577000" : {"coup": 4, "jeu": ["B", "B", "N", "B", "X", "N", "N"], "histo": []},
"2022-09-20 09:50:03.991000" : {"coup": "Undo", "jeu": ["B", "B", "B", "X", "N", "N", "N"], "histo": []},
"2022-09-20 09:47:09.886000" : {"coup": 4, "jeu": ["B", "B", "N", "N", "X", "B", "N"], "histo": []},
"2022-09-20 09:54:52.438000" : {"coup": 6, "jeu": ["B", "N", "B", "N", "B", "N", "X"], "histo": []},
"2022-09-20 10:03:33.666000" : {"coup": 3, "jeu": ["N", "B", "N", "X", "N", "B", "B"], "histo": []},
"2022-09-20 10:03:29.986000" : {"coup": 4, "jeu": ["N", "B", "N", "B", "X", "B", "N"], "histo": []},
"2022-09-20 09:56:30.939000" : {"coup": 1, "jeu": ["X", "B", "N", "B", "N", "B", "N"], "histo": []},
"2022-09-20 10:09:33.335000" : {"coup": 3, "jeu": ["B", "B", "N", "X", "N", "B", "N"], "histo": []},
"2022-09-20 10:07:50.399000" : {"coup": 3, "jeu": ["N", "B", "N", "X", "N", "B", "B"], "histo": []},
"2022-09-20 09:56:35.646000" : {"coup": 4, "jeu": ["N", "B", "N", "B", "N", "B", "X"], "histo": []},
"2022-09-20 10:15:37.120000" : {"coup": 4, "jeu": ["B", "B", "N", "B", "X", "N", "N"], "histo": []},
"2022-09-20 09:54:19.486000" : {"coup": 4, "jeu": ["B", "B", "N", "B", "X", "N", "N"], "histo": []},
"2022-09-20 09:57:04.428000" : {"coup": 5, "jeu": ["B", "N", "B", "N", "B", "X", "N"], "histo": []},
"2022-09-20 10:25:06.561000" : {"coup": 1, "jeu": ["B", "B", "B", "X", "N", "N", "N"], "histo": [["B", "B", "B", "X", "N", "N", "N"], ["B", "B", "X", "B", "N", "N", "N"]]},
"2022-09-20 09:52:43.960000" : {"coup": 2, "jeu": ["B", "B", "X", "B", "N", "N", "N"], "histo": []},
"2022-09-20 10:29:42.131000" : {"coup": "Reset", "jeu": ["B", "B", "B", "X", "N", "N", "N"], "histo": []},
"2022-09-20 10:32:03.944000" : {"coup": "Reset", "jeu": ["B", "B", "B", "X", "N", "N", "N"], "histo": []},
"2022-09-20 10:26:42.554000" : {"coup": 3, "jeu": ["B", "B", "N", "X", "N", "B", "N"], "histo": [["B", "B", "B", "X", "N", "N", "N"], ["B", "B", "N", "B", "X", "N", "N"], ["B", "B", "N", "B", "N", "X", "N"]]},
"2022-09-20 10:15:41.950000" : {"coup": 4, "jeu": ["N", "B", "N", "B", "X", "B", "N"], "histo": []},
"2022-09-20 09:52:12.429000" : {"coup": 3, "jeu": ["B", "B", "N", "X", "N", "B", "N"], "histo": []},
"2022-09-20 09:56:16.423000" : {"coup": 2, "jeu": ["B", "B", "N", "B", "X", "N", "N"], "histo": []},
"2022-09-20 10:26:50.508000" : {"coup": 2, "jeu": ["N", "N", "X", "B", "N", "B", "B"], "histo": [["B", "B", "B", "X", "N", "N", "N"], ["B", "B", "N", "B", "X", "N", "N"], ["B", "B", "N", "B", "N", "X", "N"], ["B", "B", "N", "X", "N", "B", "N"], ["B", "X", "N", "B", "N", "B", "N"], ["N", "B", "N", "B", "N", "B", "X"], ["N", "B", "N", "B", "N", "X", "B"], ["N", "B", "N", "X", "N", "B", "B"], ["N", "X", "N", "B", "N", "B", "B"]]},
"2022-09-20 09:52:40.283000" : {"coup": 6, "jeu": ["B", "B", "N", "N", "B", "N", "X"], "histo": []},
"2022-09-20 10:00:53.443000" : {"coup": 5, "jeu": ["B", "N", "B", "N", "B", "X", "N"], "histo": []},
"2022-09-20 10:15:42.703000" : {"coup": 6, "jeu": ["N", "B", "N", "B", "N", "B", "X"], "histo": []},
"2022-09-20 10:15:36.615000" : {"coup": 2, "jeu": ["B", "B", "X", "B", "N", "N", "N"], "histo": []},
"2022-09-20 09:55:54.884000" : {"coup": 1, "jeu": ["B", "X", "N", "B", "N", "B", "N"], "histo": []},
"2022-09-20 09:48:27.262000" : {"coup": 5, "jeu": ["B", "N", "N", "B", "N", "X", "B"], "histo": []},
"2022-09-20 10:04:37.590000" : {"coup": 6, "jeu": ["N", "B", "N", "B", "N", "B", "X"], "histo": []},
"2022-09-20 10:09:37.130000" : {"coup": 4, "jeu": ["N", "B", "N", "B", "X", "B", "N"], "histo": []},
"2022-09-20 10:02:42.155000" : {"coup": 3, "jeu": ["B", "B", "N", "X", "N", "B", "N"], "histo": []},
"2022-09-20 09:47:21.372000" : {"coup": 4, "jeu": ["B", "B", "B", "N", "X", "N", "N"], "histo": []},
"2022-09-20 09:57:08.082000" : {"coup": 4, "jeu": ["B", "N", "B", "N", "X", "N", "B"], "histo": []},
"2022-09-20 09:52:58.305000" : {"coup": "Reset", "jeu": ["B", "B", "B", "X", "N", "N", "N"], "histo": []},
"2022-09-20 09:53:17.940000" : {"coup": 6, "jeu": ["B", "N", "B", "N", "B", "N", "X"], "histo": []},
"2022-09-20 09:47:17.282000" : {"coup": 5, "jeu": ["B", "B", "N", "N", "N", "X", "B"], "histo": []},
"2022-09-20 10:30:10.446000" : {"coup": "Reset", "jeu": ["B", "B", "B", "X", "N", "N", "N"], "histo": []},
"2022-09-20 10:03:22.636000" : {"coup": 1, "jeu": ["B", "X", "N", "B", "N", "B", "N"], "histo": []},
"2022-09-20 10:15:35.827000" : {"coup": "Reset", "jeu": ["B", "B", "B", "X", "N", "N", "N"], "histo": []},
"2022-09-20 09:53:20.010000" : {"coup": 4, "jeu": ["B", "N", "B", "N", "X", "N", "B"], "histo": []},
"2022-09-20 09:56:16.046000" : {"coup": 4, "jeu": ["B", "B", "N", "B", "X", "N", "N"], "histo": []},
"2022-09-20 09:49:25.743000" : {"coup": 4, "jeu": ["B", "B", "B", "N", "X", "N", "N"], "histo": []},
"2022-09-20 09:53:53.163000" : {"coup": 4, "jeu": ["B", "B", "N", "B", "X", "N", "N"], "histo": []},
"2022-09-20 10:03:37.577000" : {"coup": 4, "jeu": ["N", "N", "N", "B", "X", "B", "B"], "histo": []},
"2022-09-20 10:28:13.672000" : {"coup": 2, "jeu": ["B", "B", "X", "B", "N", "N", "N"], "histo": [["B", "B", "B", "X", "N", "N", "N"]]},
"2022-09-20 10:19:16.486000" : {"coup": 5, "jeu": ["N", "B", "N", "B", "N", "X", "B"], "histo": []},
"2022-09-20 10:26:49.011000" : {"coup": 1, "jeu": ["N", "X", "N", "B", "N", "B", "B"], "histo": [["B", "B", "B", "X", "N", "N", "N"], ["B", "B", "N", "B", "X", "N", "N"], ["B", "B", "N", "B", "N", "X", "N"], ["B", "B", "N", "X", "N", "B", "N"], ["B", "X", "N", "B", "N", "B", "N"], ["N", "B", "N", "B", "N", "B", "X"], ["N", "B", "N", "B", "N", "X", "B"], ["N", "B", "N", "X", "N", "B", "B"]]},
"2022-09-20 09:54:38.459000" : {"coup": 4, "jeu": ["B", "B", "B", "N", "X", "N", "N"], "histo": []},
"2022-09-20 10:00:42.601000" : {"coup": "Reset", "jeu": ["B", "B", "B", "X", "N", "N", "N"], "histo": []},
"2022-09-20 09:50:19.322000" : {"coup": 3, "jeu": ["B", "B", "N", "X", "B", "N", "N"], "histo": []},
"2022-09-20 09:55:04.714000" : {"coup": 5, "jeu": ["N", "N", "B", "N", "B", "X", "B"], "histo": []},
"2022-09-20 09:55:14.707000" : {"coup": 2, "jeu": ["B", "B", "X", "B", "N", "N", "N"], "histo": []},
"2022-09-20 10:03:20.139000" : {"coup": 3, "jeu": ["B", "B", "N", "X", "N", "B", "N"], "histo": []},
"2022-09-20 10:15:43.813000" : {"coup": 3, "jeu": ["N", "B", "N", "X", "N", "B", "B"], "histo": []},
"2022-09-20 10:02:58.414000" : {"coup": 2, "jeu": ["B", "B", "X", "B", "N", "N", "N"], "histo": []},
"2022-09-20 09:51:39.271000" : {"coup": 3, "jeu": ["N", "N", "B", "X", "B", "N", "B"], "histo": []},
"2022-09-20 10:04:25.437000" : {"coup": 2, "jeu": ["B", "B", "X", "B", "N", "N", "N"], "histo": []},
"2022-09-20 09:56:41.131000" : {"coup": 2, "jeu": ["N", "N", "X", "B", "N", "B", "B"], "histo": []},
"2022-09-20 10:15:39.729000" : {"coup": 1, "jeu": ["B", "X", "N", "B", "N", "B", "N"], "histo": []},
"2022-09-20 10:04:40.712000" : {"coup": 1, "jeu": ["N", "X", "N", "B", "N", "B", "B"], "histo": []},
"2022-09-20 09:54:30.266000" : {"coup": 3, "jeu": ["B", "B", "N", "X", "B", "N", "N"], "histo": []},
"2022-09-20 09:56:01.598000" : {"coup": 4, "jeu": ["B", "N", "N", "B", "X", "B", "N"], "histo": []},
"2022-09-20 09:48:20.692000" : {"coup": 2, "jeu": ["B", "N", "X", "B", "N", "B", "N"], "histo": []},
"2022-09-20 09:54:18.789000" : {"coup": 2, "jeu": ["B", "B", "X", "B", "N", "N", "N"], "histo": []},
"2022-09-20 09:51:45.451000" : {"coup": 3, "jeu": ["N", "N", "N", "X", "B", "B", "B"], "histo": []},
"2022-09-20 10:30:16.475000" : {"coup": "Reset", "jeu": ["B", "B", "B", "X", "N", "N", "N"], "histo": []},
"2022-09-20 09:49:58.571000" : {"coup": 4, "jeu": ["B", "B", "N", "N", "X", "N", "B"], "histo": []},
"2022-09-20 09:52:44.805000" : {"coup": 4, "jeu": ["B", "B", "N", "B", "X", "N", "N"], "histo": []},
"2022-09-20 09:48:57.979000" : {"coup": 2, "jeu": ["B", "B", "X", "B", "N", "N", "N"], "histo": []},
"2022-09-20 09:52:27.265000" : {"coup": "Reset", "jeu": ["B", "B", "B", "X", "N", "N", "N"], "histo": []},
"2022-09-20 10:30:26.018000" : {"coup": 1, "jeu": ["N", "X", "N", "B", "N", "B", "B"], "histo": [["B", "B", "B", "X", "N", "N", "N"], ["B", "B", "N", "B", "X", "N", "N"], ["B", "B", "N", "B", "N", "X", "N"], ["B", "B", "N", "X", "N", "B", "N"], ["B", "X", "N", "B", "N", "B", "N"], ["N", "B", "N", "B", "N", "B", "X"], ["N", "B", "N", "B", "N", "X", "B"], ["N", "B", "N", "X", "N", "B", "B"]]},
"2022-09-20 10:09:57.085000" : {"coup": 5, "jeu": ["N", "B", "N", "B", "N", "X", "B"], "histo": []},
"2022-09-20 10:17:14.131000" : {"coup": "Reset", "jeu": ["B", "B", "B", "X", "N", "N", "N"], "histo": []},
"2022-09-20 10:02:50.107000" : {"coup": 5, "jeu": ["N", "B", "N", "B", "N", "X", "B"], "histo": []},
"2022-09-20 09:53:26.627000" : {"coup": 0, "jeu": ["X", "N", "B", "N", "B", "N", "B"], "histo": []},
"2022-09-20 09:47:15.850000" : {"coup": 5, "jeu": ["B", "B", "N", "N", "N", "X", "B"], "histo": []},
"2022-09-20 10:07:43.243000" : {"coup": 5, "jeu": ["B", "B", "N", "B", "N", "X", "N"], "histo": []},
"2022-09-20 09:53:44.519000" : {"coup": 4, "jeu": ["B", "B", "N", "B", "X", "N", "N"], "histo": []},
"2022-09-20 09:52:42.753000" : {"coup": "Reset", "jeu": ["B", "B", "B", "X", "N", "N", "N"], "histo": []},
"2022-09-20 10:33:03.531000" : {"coup": 3, "jeu": ["B", "B", "N", "X", "B", "N", "N"], "histo": [["B", "B", "B", "X", "N", "N", "N"], ["B", "B", "N", "B", "X", "N", "N"]]},
"2022-09-20 10:19:08.145000" : {"coup": 2, "jeu": ["B", "B", "X", "B", "N", "N", "N"], "histo": []},
"2022-09-20 09:54:21.902000" : {"coup": 5, "jeu": ["B", "B", "N", "N", "B", "X", "N"], "histo": []},
"2022-09-20 10:07:46.292000" : {"coup": 0, "jeu": ["X", "B", "N", "B", "N", "B", "N"], "histo": []},
"2022-09-20 10:03:16.579000" : {"coup": 4, "jeu": ["B", "B", "N", "B", "X", "N", "N"], "histo": []},
"2022-09-20 10:29:56.646000" : {"coup": 3, "jeu": ["N", "B", "N", "X", "N", "B", "B"], "histo": [["B", "B", "B", "X", "N", "N", "N"], ["B", "B", "N", "B", "X", "N", "N"], ["B", "B", "N", "B", "N", "X", "N"], ["B", "B", "N", "X", "N", "B", "N"], ["B", "X", "N", "B", "N", "B", "N"], ["N", "B", "N", "B", "N", "B", "X"], ["N", "B", "N", "B", "N", "X", "B"]]},
"2022-09-20 10:31:48.449000" : {"coup": 4, "jeu": ["B", "B", "N", "B", "X", "N", "N"], "histo": [["B", "B", "B", "X", "N", "N", "N"]]},
"2022-09-20 10:02:45.434000" : {"coup": 2, "jeu": ["N", "B", "X", "B", "N", "B", "N"], "histo": []},
"2022-09-20 10:29:49.895000" : {"coup": 0, "jeu": ["X", "B", "N", "B", "N", "B", "N"], "histo": [["B", "B", "B", "X", "N", "N", "N"], ["B", "B", "N", "B", "X", "N", "N"], ["B", "B", "N", "B", "N", "X", "N"], ["B", "B", "N", "X", "N", "B", "N"], ["B", "X", "N", "B", "N", "B", "N"]]},
"2022-09-20 10:09:49.284000" : {"coup": 5, "jeu": ["B", "B", "N", "B", "N", "X", "N"], "histo": []},
"2022-09-20 10:31:50.777000" : {"coup": 3, "jeu": ["B", "B", "N", "X", "B", "N", "N"], "histo": [["B", "B", "B", "X", "N", "N", "N"], ["B", "B", "N", "B", "X", "N", "N"]]},
"2022-09-20 10:30:21.422000" : {"coup": 1, "jeu": ["B", "X", "N", "B", "N", "B", "N"], "histo": [["B", "B", "B", "X", "N", "N", "N"], ["B", "B", "N", "B", "X", "N", "N"], ["B", "B", "N", "B", "N", "X", "N"], ["B", "B", "N", "X", "N", "B", "N"]]},
"2022-09-20 09:51:43.483000" : {"coup": 4, "jeu": ["N", "N", "B", "N", "X", "B", "B"], "histo": []},
"2022-09-20 10:30:12.333000" : {"coup": 2, "jeu": ["B", "B", "X", "B", "N", "N", "N"], "histo": [["B", "B", "B", "X", "N", "N", "N"]]},
"2022-09-20 09:48:15.781000" : {"coup": 3, "jeu": ["B", "B", "N", "X", "N", "B", "N"], "histo": []},
"2022-09-20 09:51:59.940000" : {"coup": 2, "jeu": ["B", "B", "X", "B", "N", "N", "N"], "histo": []},
"2022-09-20 09:52:49.500000" : {"coup": 3, "jeu": ["B", "B", "N", "X", "B", "N", "N"], "histo": []},
"2022-09-20 09:51:25.996000" : {"coup": 4, "jeu": ["B", "N", "B", "N", "X", "N", "B"], "histo": []},
"2022-09-20 09:52:57.093000" : {"coup": 2, "jeu": ["B", "B", "X", "B", "N", "N", "N"], "histo": []},
"2022-09-20 10:30:20.013000" : {"coup": 5, "jeu": ["B", "B", "N", "B", "N", "X", "N"], "histo": [["B", "B", "B", "X", "N", "N", "N"], ["B", "B", "N", "B", "X", "N", "N"]]},
"2022-09-20 09:57:06.438000" : {"coup": 6, "jeu": ["B", "N", "B", "N", "B", "N", "X"], "histo": []},
"2022-09-20 10:23:52.887000" : {"coup": 2, "jeu": ["N", "N", "X", "B", "N", "B", "B"], "histo": []},
"2022-09-20 10:04:33.670000" : {"coup": 0, "jeu": ["X", "B", "N", "B", "N", "B", "N"], "histo": []},
"2022-09-20 10:29:47.847000" : {"coup": 3, "jeu": ["B", "B", "N", "X", "N", "B", "N"], "histo": [["B", "B", "B", "X", "N", "N", "N"], ["B", "B", "N", "B", "X", "N", "N"], ["B", "B", "N", "B", "N", "X", "N"]]},
"2022-09-20 09:48:18.548000" : {"coup": 1, "jeu": ["B", "X", "N", "B", "N", "B", "N"], "histo": []},
"2022-09-20 10:30:17.184000" : {"coup": 2, "jeu": ["B", "B", "X", "B", "N", "N", "N"], "histo": [["B", "B", "B", "X", "N", "N", "N"]]},
"2022-09-20 09:54:18.017000" : {"coup": "Reset", "jeu": ["B", "B", "B", "X", "N", "N", "N"], "histo": []},
"2022-09-20 10:02:24.928000" : {"coup": "Reset", "jeu": ["B", "B", "B", "X", "N", "N", "N"], "histo": []},
"2022-09-20 10:19:15.491000" : {"coup": 6, "jeu": ["N", "B", "N", "B", "N", "B", "X"], "histo": []},
"2022-09-20 10:28:16.463000" : {"coup": 0, "jeu": ["X", "B", "N", "B", "N", "B", "N"], "histo": [["B", "B", "B", "X", "N", "N", "N"], ["B", "B", "N", "B", "X", "N", "N"], ["B", "B", "N", "B", "N", "X", "N"], ["B", "B", "N", "X", "N", "B", "N"], ["B", "X", "N", "B", "N", "B", "N"]]},
"2022-09-20 10:03:27.602000" : {"coup": 0, "jeu": ["X", "B", "N", "B", "N", "B", "N"], "histo": []},
"2022-09-20 10:29:47.211000" : {"coup": 5, "jeu": ["B", "B", "N", "B", "N", "X", "N"], "histo": [["B", "B", "B", "X", "N", "N", "N"], ["B", "B", "N", "B", "X", "N", "N"]]},
"2022-09-20 10:10:00.608000" : {"coup": 4, "jeu": ["N", "N", "N", "B", "X", "B", "B"], "histo": []},
"2022-09-20 09:56:35.212000" : {"coup": 6, "jeu": ["N", "B", "N", "B", "N", "B", "X"], "histo": []},
"2022-09-20 09:48:38.438000" : {"coup": 4, "jeu": ["B", "B", "N", "B", "X", "N", "N"], "histo": []},
"2022-09-20 09:57:01.836000" : {"coup": 1, "jeu": ["B", "X", "B", "N", "B", "N", "N"], "histo": []},
"2022-09-20 10:30:22.597000" : {"coup": 2, "jeu": ["N", "B", "X", "B", "N", "B", "N"], "histo": [["B", "B", "B", "X", "N", "N", "N"], ["B", "B", "N", "B", "X", "N", "N"], ["B", "B", "N", "B", "N", "X", "N"], ["B", "B", "N", "X", "N", "B", "N"], ["B", "X", "N", "B", "N", "B", "N"]]},
"2022-09-20 10:28:17.505000" : {"coup": 4, "jeu": ["N", "B", "N", "B", "X", "B", "N"], "histo": [["B", "B", "B", "X", "N", "N", "N"], ["B", "B", "N", "B", "X", "N", "N"], ["B", "B", "N", "B", "N", "X", "N"], ["B", "B", "N", "X", "N", "B", "N"], ["B", "X", "N", "B", "N", "B", "N"]]},
"2022-09-20 10:29:39.872000" : {"coup": 2, "jeu": ["B", "B", "X", "B", "N", "N", "N"], "histo": [["B", "B", "B", "X", "N", "N", "N"]], "prog": "def saute(i):\n    if jeu[i]==\"B\" and i<6 and jeu[i+1]==\"X\":\n        historique.append(jeu.copy())\n        jeu[i], jeu[i+1] = \"X\", \"B\"\n    elif jeu[i]==\"B\" and i<5 and jeu[i+1]==\"N\" and jeu[i+2]==\"X\":\n        historique.append(jeu.copy())\n        jeu[i], jeu[i+2] = \"X\", \"B\"\n    elif jeu[i]==\"N\" and i>0 and jeu[i-1]==\"X\":\n        historique.append(jeu.copy())\n        jeu[i], jeu[i-1] = \"X\", \"N\"\n    elif jeu[i]==\"N\" and i>1 and jeu[i-1]==\"B\" and jeu[i-2]==\"X\":\n        jeu[i], jeu[i-2] = \"X\", \"N\"\ndef undo():\n    global jeu\n    jeu = [\"B\", \"B\", \"N\", \"X\", \"N\", \"N\", \"N\"]\n    \n"},
"2022-09-20 09:49:31.675000" : {"coup": 3, "jeu": ["B", "B", "N", "X", "B", "N", "N"], "histo": []},
"2022-09-20 09:49:36.435000" : {"coup": 3, "jeu": ["B", "B", "N", "X", "B", "N", "N"], "histo": []},
"2022-09-20 10:31:45.234000" : {"coup": "Reset", "jeu": ["B", "B", "B", "X", "N", "N", "N"], "histo": [], "prog": "def saute(i):\n    if jeu[i]==\"B\" and i<6 and jeu[i+1]==\"X\":\n        historique.append(jeu.copy())\n        jeu[i], jeu[i+1] = \"X\", \"B\"\n    elif jeu[i]==\"B\" and i<5 and jeu[i+1]==\"N\" and jeu[i+2]==\"X\":\n        historique.append(jeu.copy())\n        jeu[i], jeu[i+2] = \"X\", \"B\"\n    elif jeu[i]==\"N\" and i>0 and jeu[i-1]==\"X\":\n        historique.append(jeu.copy())\n        jeu[i], jeu[i-1] = \"X\", \"N\"\n    elif jeu[i]==\"N\" and i>1 and jeu[i-1]==\"B\" and jeu[i-2]==\"X\":\n        jeu[i], jeu[i-2] = \"X\", \"N\"\ndef undo():\n    global jeu\n    jeu = [\"B\", \"B\", \"B\", \"X\", \"N\", \"N\", \"N\"]\n    jeu = pop(historique.pop)\n    \n"},
"2022-09-20 10:04:30.877000" : {"coup": 3, "jeu": ["B", "B", "N", "X", "N", "B", "N"], "histo": []},
"2022-09-20 09:55:24.583000" : {"coup": 4, "jeu": ["B", "B", "N", "B", "X", "N", "N"], "histo": []},
"2022-09-20 10:19:20.630000" : {"coup": 3, "jeu": ["N", "N", "N", "X", "B", "B", "B"], "histo": []},
"2022-09-20 09:55:00.637000" : {"coup": 3, "jeu": ["N", "N", "B", "X", "B", "N", "B"], "histo": []},
"2022-09-20 09:49:47.636000" : {"coup": 2, "jeu": ["B", "B", "X", "N", "B", "N", "N"], "histo": []},
"2022-09-20 10:07:52.666000" : {"coup": 2, "jeu": ["N", "N", "X", "B", "N", "B", "B"], "histo": []},
"2022-09-20 09:48:49.323000" : {"coup": 0, "jeu": ["X", "B", "N", "B", "B", "N", "N"], "histo": []},
"2022-09-20 09:52:00.443000" : {"coup": 4, "jeu": ["B", "B", "N", "B", "X", "N", "N"], "histo": []},
"2022-09-20 10:17:10.061000" : {"coup": 3, "jeu": ["N", "B", "N", "X", "N", "B", "B"], "histo": []},
"2022-09-20 09:53:24.531000" : {"coup": 0, "jeu": ["X", "N", "B", "N", "B", "N", "B"], "histo": []},
"2022-09-20 10:29:42.339000" : {"coup": "Reset", "jeu": ["B", "B", "B", "X", "N", "N", "N"], "histo": []},
"2022-09-20 09:53:43.772000" : {"coup": 2, "jeu": ["B", "B", "X", "B", "N", "N", "N"], "histo": []},
"2022-09-20 10:12:20.777000" : {"coup": 4, "jeu": ["B", "B", "N", "B", "X", "N", "N"], "histo": []},
"2022-09-20 10:23:49.819000" : {"coup": 4, "jeu": ["N", "B", "N", "B", "X", "B", "N"], "histo": []},
"2022-09-20 10:01:18.183000" : {"coup": 2, "jeu": ["B", "B", "X", "B", "N", "N", "N"], "histo": []},
"2022-09-20 10:12:27.114000" : {"coup": 6, "jeu": ["N", "B", "N", "B", "N", "B", "X"], "histo": []},
"2022-09-20 10:29:53.627000" : {"coup": 2, "jeu": ["N", "B", "X", "B", "N", "B", "N"], "histo": [["B", "B", "B", "X", "N", "N", "N"], ["B", "B", "N", "B", "X", "N", "N"], ["B", "B", "N", "B", "N", "X", "N"], ["B", "B", "N", "X", "N", "B", "N"], ["B", "X", "N", "B", "N", "B", "N"]]},
"2022-09-20 10:30:18.821000" : {"coup": 4, "jeu": ["B", "B", "N", "B", "X", "N", "N"], "histo": [["B", "B", "B", "X", "N", "N", "N"]]},
"2022-09-20 10:03:35.603000" : {"coup": 1, "jeu": ["N", "X", "N", "B", "N", "B", "B"], "histo": []},
"2022-09-20 09:47:08.326000" : {"coup": 3, "jeu": ["B", "B", "N", "X", "N", "B", "N"], "histo": []},
"2022-09-20 09:55:30.277000" : {"coup": 2, "jeu": ["B", "B", "X", "B", "N", "N", "N"], "histo": []},
"2022-09-20 10:09:47.429000" : {"coup": 2, "jeu": ["B", "B", "X", "B", "N", "N", "N"], "histo": []},
"2022-09-20 10:29:54.674000" : {"coup": 4, "jeu": ["N", "B", "N", "B", "X", "B", "N"], "histo": [["B", "B", "B", "X", "N", "N", "N"], ["B", "B", "N", "B", "X", "N", "N"], ["B", "B", "N", "B", "N", "X", "N"], ["B", "B", "N", "X", "N", "B", "N"], ["B", "X", "N", "B", "N", "B", "N"]]},
"2022-09-20 09:56:55.709000" : {"coup": 4, "jeu": ["B", "B", "B", "N", "X", "N", "N"], "histo": []},
"2022-09-20 10:17:07.454000" : {"coup": 2, "jeu": ["N", "B", "X", "B", "N", "B", "N"], "histo": []},
"2022-09-20 10:12:22.415000" : {"coup": 3, "jeu": ["B", "B", "N", "X", "N", "B", "N"], "histo": []},
"2022-09-20 09:56:37.603000" : {"coup": 3, "jeu": ["N", "B", "N", "X", "N", "B", "B"], "histo": []},
"2022-09-20 09:49:33.457000" : {"coup": "Reset", "jeu": ["B", "B", "B", "X", "N", "N", "N"], "histo": []},
"2022-09-20 10:18:20.435000" : {"coup": 2, "jeu": ["B", "B", "X", "B", "N", "N", "N"], "histo": []},
"2022-09-20 10:24:45.671000" : {"coup": 3, "jeu": ["B", "B", "X", "B", "N", "N", "N"], "histo": [["B", "B", "B", "X", "N", "N", "N"]]},
"2022-09-20 09:49:26.288000" : {"coup": 2, "jeu": ["B", "B", "X", "N", "B", "N", "N"], "histo": []},
"2022-09-20 09:47:03.223000" : {"coup": 3, "jeu": ["B", "B", "X", "B", "N", "N", "N"], "histo": []},
"2022-09-20 10:15:41.150000" : {"coup": 2, "jeu": ["N", "B", "X", "B", "N", "B", "N"], "histo": []},
"2022-09-20 09:47:40.161000" : {"coup": 2, "jeu": ["B", "B", "X", "B", "N", "N", "N"], "histo": []},
"2022-09-20 10:23:43.964000" : {"coup": 4, "jeu": ["B", "B", "N", "B", "X", "N", "N"], "histo": []},
"2022-09-20 09:56:43.700000" : {"coup": 4, "jeu": ["N", "N", "N", "X", "B", "B", "B"], "histo": []},
"2022-09-20 09:54:11.643000" : {"coup": 3, "jeu": ["B", "B", "N", "X", "N", "B", "N"], "histo": []},
"2022-09-20 10:30:00.417000" : {"coup": 4, "jeu": ["N", "N", "N", "B", "X", "B", "B"], "histo": [["B", "B", "B", "X", "N", "N", "N"], ["B", "B", "N", "B", "X", "N", "N"], ["B", "B", "N", "B", "N", "X", "N"], ["B", "B", "N", "X", "N", "B", "N"], ["B", "X", "N", "B", "N", "B", "N"], ["N", "B", "N", "B", "N", "B", "X"], ["N", "B", "N", "B", "N", "X", "B"], ["N", "B", "N", "X", "N", "B", "B"], ["N", "X", "N", "B", "N", "B", "B"]]},
"2022-09-20 09:56:14.409000" : {"coup": "Reset", "jeu": ["B", "B", "B", "X", "N", "N", "N"], "histo": []},
"2022-09-20 10:23:52.372000" : {"coup": 1, "jeu": ["N", "X", "N", "B", "N", "B", "B"], "histo": []},
"2022-09-20 10:09:35.013000" : {"coup": 0, "jeu": ["X", "B", "N", "B", "N", "B", "N"], "histo": []},
"2022-09-20 09:56:36.687000" : {"coup": 6, "jeu": ["N", "B", "N", "B", "N", "X", "B"], "histo": []},
"2022-09-20 10:23:53.328000" : {"coup": 4, "jeu": ["N", "N", "N", "B", "X", "B", "B"], "histo": []},
"2022-09-20 09:53:28.901000" : {"coup": 1, "jeu": ["N", "X", "B", "N", "B", "N", "B"], "histo": []},
"2022-09-20 09:50:05.444000" : {"coup": 4, "jeu": ["B", "B", "B", "N", "X", "N", "N"], "histo": []},
"2022-09-20 09:56:18.550000" : {"coup": 5, "jeu": ["B", "B", "N", "B", "N", "X", "N"], "histo": []},
"2022-09-20 10:29:43.353000" : {"coup": 1, "jeu": ["B", "B", "B", "X", "N", "N", "N"], "histo": []},
"2022-09-20 10:23:53.925000" : {"coup": 3, "jeu": ["N", "N", "N", "X", "B", "B", "B"], "histo": []},
"2022-09-20 10:29:59.697000" : {"coup": 2, "jeu": ["N", "N", "X", "B", "N", "B", "B"], "histo": [["B", "B", "B", "X", "N", "N", "N"], ["B", "B", "N", "B", "X", "N", "N"], ["B", "B", "N", "B", "N", "X", "N"], ["B", "B", "N", "X", "N", "B", "N"], ["B", "X", "N", "B", "N", "B", "N"], ["N", "B", "N", "B", "N", "B", "X"], ["N", "B", "N", "B", "N", "X", "B"], ["N", "B", "N", "X", "N", "B", "B"], ["N", "X", "N", "B", "N", "B", "B"]]},
"2022-09-20 09:49:24.840000" : {"coup": "Reset", "jeu": ["B", "B", "B", "X", "N", "N", "N"], "histo": []},
"2022-09-20 10:12:19.371000" : {"coup": "Reset", "jeu": ["B", "B", "B", "X", "N", "N", "N"], "histo": []},
"2022-09-20 10:01:25.251000" : {"coup": 3, "jeu": ["B", "B", "N", "X", "B", "N", "N"], "histo": []},
"2022-09-20 10:09:30.508000" : {"coup": 2, "jeu": ["B", "B", "X", "B", "N", "N", "N"], "histo": []},
"2022-09-20 10:28:22.921000" : {"coup": 4, "jeu": ["N", "N", "N", "B", "X", "B", "B"], "histo": [["B", "B", "B", "X", "N", "N", "N"], ["B", "B", "N", "B", "X", "N", "N"], ["B", "B", "N", "B", "N", "X", "N"], ["B", "B", "N", "X", "N", "B", "N"], ["B", "X", "N", "B", "N", "B", "N"], ["N", "B", "N", "B", "N", "B", "X"], ["N", "B", "N", "B", "N", "X", "B"], ["N", "B", "N", "X", "N", "B", "B"], ["N", "X", "N", "B", "N", "B", "B"]]},
"2022-09-20 09:56:26.831000" : {"coup": 1, "jeu": ["B", "X", "N", "B", "N", "B", "N"], "histo": []},
"2022-09-20 09:52:11.700000" : {"coup": 5, "jeu": ["B", "B", "N", "B", "N", "X", "N"], "histo": []},
"2022-09-20 09:55:29.506000" : {"coup": "Reset", "jeu": ["B", "B", "B", "X", "N", "N", "N"], "histo": []},
"2022-09-20 09:55:34.373000" : {"coup": 5, "jeu": ["B", "B", "N", "B", "N", "X", "N"], "histo": []},
"2022-09-20 10:30:24.713000" : {"coup": 5, "jeu": ["N", "B", "N", "B", "N", "X", "B"], "histo": [["B", "B", "B", "X", "N", "N", "N"], ["B", "B", "N", "B", "X", "N", "N"], ["B", "B", "N", "B", "N", "X", "N"], ["B", "B", "N", "X", "N", "B", "N"], ["B", "X", "N", "B", "N", "B", "N"], ["N", "B", "N", "B", "N", "B", "X"]]},
"2022-09-20 10:18:25.061000" : {"coup": 2, "jeu": ["B", "B", "X", "B", "N", "N", "N"], "histo": []},
"2022-09-20 10:02:39.515000" : {"coup": 5, "jeu": ["B", "B", "N", "B", "N", "X", "N"], "histo": []},
"2022-09-20 09:55:39.175000" : {"coup": 2, "jeu": ["B", "N", "X", "B", "N", "B", "N"], "histo": []},
"2022-09-20 10:19:18.904000" : {"coup": 2, "jeu": ["N", "N", "X", "B", "N", "B", "B"], "histo": []},
"2022-09-20 10:29:50.321000" : {"coup": 3, "jeu": ["X", "B", "N", "B", "N", "B", "N"], "histo": [["B", "B", "B", "X", "N", "N", "N"], ["B", "B", "N", "B", "X", "N", "N"], ["B", "B", "N", "B", "N", "X", "N"], ["B", "B", "N", "X", "N", "B", "N"], ["B", "X", "N", "B", "N", "B", "N"]]},
"2022-09-20 09:54:15.811000" : {"coup": 0, "jeu": ["X", "N", "B", "B", "N", "B", "N"], "histo": []},
"2022-09-20 09:56:33.183000" : {"coup": 4, "jeu": ["N", "B", "N", "B", "X", "B", "N"], "histo": []},
"2022-09-20 10:32:45.665000" : {"coup": 2, "jeu": ["B", "B", "X", "B", "N", "N", "N"], "histo": [["B", "B", "B", "X", "N", "N", "N"]]},
"2022-09-20 09:47:24.635000" : {"coup": 3, "jeu": ["B", "B", "N", "X", "B", "N", "N"], "histo": []},
"2022-09-20 10:15:43.304000" : {"coup": 5, "jeu": ["N", "B", "N", "B", "N", "X", "B"], "histo": []},
"2022-09-20 10:26:37.709000" : {"coup": 2, "jeu": ["B", "B", "X", "B", "N", "N", "N"], "histo": [["B", "B", "B", "X", "N", "N", "N"]], "prog": "def saute(i):\n    if jeu[i]==\"B\" and i<6 and jeu[i+1]==\"X\":\n        historique.append(jeu.copy())\n        jeu[i], jeu[i+1] = \"X\", \"B\"\n    elif jeu[i]==\"B\" and i<5 and jeu[i+1]==\"N\" and jeu[i+2]==\"X\":\n        historique.append(jeu.copy())\n        jeu[i], jeu[i+2] = \"X\", \"B\"\n    elif jeu[i]==\"N\" and i>0 and jeu[i-1]==\"X\":\n        historique.append(jeu.copy())\n        jeu[i], jeu[i-1] = \"X\", \"N\"\n    elif jeu[i]==\"N\" and i>1 and jeu[i-1]==\"B\" and jeu[i-2]==\"X\":\n        jeu[i], jeu[i-2] = \"X\", \"N\"\ndef undo():\n    global jeu\n    jeu = [\"B\", \"B\", \"B\", \"X\", \"N\", \"N\", \"N\"]\n    \n"},
"2022-09-20 10:15:44.753000" : {"coup": 1, "jeu": ["N", "X", "N", "B", "N", "B", "B"], "histo": []},
"2022-09-20 10:28:23.257000" : {"coup": 3, "jeu": ["N", "N", "N", "X", "B", "B", "B"], "histo": [["B", "B", "B", "X", "N", "N", "N"], ["B", "B", "N", "B", "X", "N", "N"], ["B", "B", "N", "B", "N", "X", "N"], ["B", "B", "N", "X", "N", "B", "N"], ["B", "X", "N", "B", "N", "B", "N"], ["N", "B", "N", "B", "N", "B", "X"], ["N", "B", "N", "B", "N", "X", "B"], ["N", "B", "N", "X", "N", "B", "B"], ["N", "X", "N", "B", "N", "B", "B"], ["N", "N", "N", "B", "X", "B", "B"]]},
"2022-09-20 09:48:33.198000" : {"coup": 4, "jeu": ["B", "N", "N", "N", "X", "B", "B"], "histo": []},
"2022-09-20 10:09:34.301000" : {"coup": 1, "jeu": ["B", "X", "N", "B", "N", "B", "N"], "histo": []},
"2022-09-20 09:56:51.195000" : {"coup": 2, "jeu": ["B", "B", "X", "B", "N", "N", "N"], "histo": []},
"2022-09-20 10:30:26.951000" : {"coup": 4, "jeu": ["N", "N", "N", "B", "X", "B", "B"], "histo": [["B", "B", "B", "X", "N", "N", "N"], ["B", "B", "N", "B", "X", "N", "N"], ["B", "B", "N", "B", "N", "X", "N"], ["B", "B", "N", "X", "N", "B", "N"], ["B", "X", "N", "B", "N", "B", "N"], ["N", "B", "N", "B", "N", "B", "X"], ["N", "B", "N", "B", "N", "X", "B"], ["N", "B", "N", "X", "N", "B", "B"], ["N", "X", "N", "B", "N", "B", "B"]]},
"2022-09-20 10:12:31.171000" : {"coup": 3, "jeu": ["N", "N", "N", "X", "B", "B", "B"], "histo": []},
"2022-09-20 10:33:04.417000" : {"coup": 5, "jeu": ["B", "B", "N", "N", "B", "X", "N"], "histo": [["B", "B", "B", "X", "N", "N", "N"], ["B", "B", "N", "B", "X", "N", "N"]]},
"2022-09-20 10:17:09.031000" : {"coup": 6, "jeu": ["N", "B", "N", "B", "N", "B", "X"], "histo": []},
"2022-09-20 09:49:45.047000" : {"coup": 2, "jeu": ["B", "B", "X", "N", "B", "N", "N"], "histo": []},
"2022-09-20 09:56:05.037000" : {"coup": 6, "jeu": ["B", "N", "N", "B", "N", "B", "X"], "histo": []},
"2022-09-20 09:56:41.403000" : {"coup": 1, "jeu": ["N", "N", "X", "B", "N", "B", "B"], "histo": []},
"2022-09-20 09:56:50.049000" : {"coup": "Reset", "jeu": ["B", "B", "B", "X", "N", "N", "N"], "histo": []},
"2022-09-20 10:03:10.587000" : {"coup": 3, "jeu": ["B", "B", "N", "X", "N", "B", "N"], "histo": []},
"2022-09-20 09:47:15.242000" : {"coup": 4, "jeu": ["B", "B", "N", "N", "N", "X", "B"], "histo": []},
"2022-09-20 09:56:52.154000" : {"coup": 4, "jeu": ["B", "B", "N", "B", "X", "N", "N"], "histo": []},
"2022-09-20 09:56:22.575000" : {"coup": 3, "jeu": ["B", "B", "N", "X", "N", "B", "N"], "histo": []},
"2022-09-20 10:03:13.713000" : {"coup": 0, "jeu": ["X", "N", "B", "B", "N", "B", "N"], "histo": []},
"2022-09-20 09:54:41.420000" : {"coup": 2, "jeu": ["B", "B", "X", "N", "B", "N", "N"], "histo": []},
"2022-09-20 10:19:14.840000" : {"coup": 4, "jeu": ["N", "B", "N", "B", "X", "B", "N"], "histo": []},
"2022-09-20 10:19:11.147000" : {"coup": 3, "jeu": ["B", "B", "N", "X", "N", "B", "N"], "histo": []},
"2022-09-20 10:23:50.405000" : {"coup": 6, "jeu": ["N", "B", "N", "B", "N", "B", "X"], "histo": []},
"2022-09-20 09:52:28.919000" : {"coup": 2, "jeu": ["B", "B", "X", "N", "B", "N", "N"], "histo": []},
"2022-09-20 10:23:47.302000" : {"coup": 1, "jeu": ["B", "X", "N", "B", "N", "B", "N"], "histo": []},
"2022-09-20 09:54:53.388000" : {"coup": 4, "jeu": ["B", "N", "B", "N", "X", "N", "B"], "histo": []},
"2022-09-20 10:04:35.978000" : {"coup": 4, "jeu": ["N", "B", "N", "B", "X", "B", "N"], "histo": []},
"2022-09-20 10:15:38.020000" : {"coup": 5, "jeu": ["B", "B", "N", "B", "N", "X", "N"], "histo": []},
"2022-09-20 09:53:08.939000" : {"coup": 3, "jeu": ["B", "N", "B", "X", "B", "N", "N"], "histo": []},
"2022-09-20 10:23:45.942000" : {"coup": 5, "jeu": ["B", "B", "N", "B", "N", "X", "N"], "histo": []},
"2022-09-20 09:53:46.779000" : {"coup": 3, "jeu": ["B", "B", "N", "X", "B", "N", "N"], "histo": []},
"2022-09-20 10:10:01.113000" : {"coup": 3, "jeu": ["N", "N", "N", "X", "B", "B", "B"], "histo": []},
"2022-09-20 10:26:44.855000" : {"coup": 2, "jeu": ["N", "B", "X", "B", "N", "B", "N"], "histo": [["B", "B", "B", "X", "N", "N", "N"], ["B", "B", "N", "B", "X", "N", "N"], ["B", "B", "N", "B", "N", "X", "N"], ["B", "B", "N", "X", "N", "B", "N"], ["B", "X", "N", "B", "N", "B", "N"]]},
"2022-09-20 09:51:10.186000" : {"coup": 1, "jeu": ["B", "X", "B", "N", "B", "N", "N"], "histo": []},
"2022-09-20 10:26:51.032000" : {"coup": 4, "jeu": ["N", "N", "N", "B", "X", "B", "B"], "histo": [["B", "B", "B", "X", "N", "N", "N"], ["B", "B", "N", "B", "X", "N", "N"], ["B", "B", "N", "B", "N", "X", "N"], ["B", "B", "N", "X", "N", "B", "N"], ["B", "X", "N", "B", "N", "B", "N"], ["N", "B", "N", "B", "N", "B", "X"], ["N", "B", "N", "B", "N", "X", "B"], ["N", "B", "N", "X", "N", "B", "B"], ["N", "X", "N", "B", "N", "B", "B"]]},
"2022-09-20 10:18:26.628000" : {"coup": "Reset", "jeu": ["B", "B", "B", "X", "N", "N", "N"], "histo": []},
"2022-09-20 09:55:45.709000" : {"coup": 2, "jeu": ["B", "B", "X", "B", "N", "N", "N"], "histo": []},
"2022-09-20 09:56:39.187000" : {"coup": 1, "jeu": ["N", "X", "N", "B", "N", "B", "B"], "histo": []},
"2022-09-20 09:54:24.946000" : {"coup": "Reset", "jeu": ["B", "B", "B", "X", "N", "N", "N"], "histo": []},
"2022-09-20 10:09:40.607000" : {"coup": 3, "jeu": ["N", "B", "N", "X", "N", "B", "B"], "histo": []},
"2022-09-20 10:30:20.758000" : {"coup": 3, "jeu": ["B", "B", "N", "X", "N", "B", "N"], "histo": [["B", "B", "B", "X", "N", "N", "N"], ["B", "B", "N", "B", "X", "N", "N"], ["B", "B", "N", "B", "N", "X", "N"]]},
"2022-09-20 10:23:42.396000" : {"coup": 2, "jeu": ["B", "B", "X", "B", "N", "N", "N"], "histo": []},
"2022-09-20 09:52:40.756000" : {"coup": 4, "jeu": ["B", "B", "N", "N", "X", "N", "B"], "histo": []},
"2022-09-20 09:50:51.679000" : {"coup": 1, "jeu": ["B", "B", "B", "N", "X", "N", "N"], "histo": []},
"2022-09-20 10:32:02.643000" : {"coup": "Reset", "jeu": ["B", "B", "B", "X", "N", "N", "N"], "histo": [], "prog": "def saute(i):\n    if jeu[i]==\"B\" and i<6 and jeu[i+1]==\"X\":\n        historique.append(jeu.copy())\n        jeu[i], jeu[i+1] = \"X\", \"B\"\n    elif jeu[i]==\"B\" and i<5 and jeu[i+1]==\"N\" and jeu[i+2]==\"X\":\n        historique.append(jeu.copy())\n        jeu[i], jeu[i+2] = \"X\", \"B\"\n    elif jeu[i]==\"N\" and i>0 and jeu[i-1]==\"X\":\n        historique.append(jeu.copy())\n        jeu[i], jeu[i-1] = \"X\", \"N\"\n    elif jeu[i]==\"N\" and i>1 and jeu[i-1]==\"B\" and jeu[i-2]==\"X\":\n        jeu[i], jeu[i-2] = \"X\", \"N\"\ndef undo():\n    global jeu\n    jeu = [\"B\", \"B\", \"B\", \"X\", \"N\", \"N\", \"N\"]\n    jeu = pop(historique.pop()\n    \n"},
"2022-09-20 09:57:12.932000" : {"coup": 1, "jeu": ["N", "X", "B", "N", "B", "N", "B"], "histo": []},
"2022-09-20 10:26:39.379000" : {"coup": 2, "jeu": ["B", "B", "X", "B", "N", "N", "N"], "histo": [["B", "B", "B", "X", "N", "N", "N"]]},
"2022-09-20 09:53:49.475000" : {"coup": 5, "jeu": ["B", "B", "N", "N", "B", "X", "N"], "histo": []},
"2022-09-20 10:12:24.761000" : {"coup": 2, "jeu": ["N", "B", "X", "B", "N", "B", "N"], "histo": []},
"2022-09-20 09:56:54.897000" : {"coup": "Reset", "jeu": ["B", "B", "B", "X", "N", "N", "N"], "histo": []},
"2022-09-20 10:26:51.501000" : {"coup": 3, "jeu": ["N", "N", "N", "X", "B", "B", "B"], "histo": [["B", "B", "B", "X", "N", "N", "N"], ["B", "B", "N", "B", "X", "N", "N"], ["B", "B", "N", "B", "N", "X", "N"], ["B", "B", "N", "X", "N", "B", "N"], ["B", "X", "N", "B", "N", "B", "N"], ["N", "B", "N", "B", "N", "B", "X"], ["N", "B", "N", "B", "N", "X", "B"], ["N", "B", "N", "X", "N", "B", "B"], ["N", "X", "N", "B", "N", "B", "B"], ["N", "N", "N", "B", "X", "B", "B"]]},
"2022-09-20 10:09:48.204000" : {"coup": 4, "jeu": ["B", "B", "N", "B", "X", "N", "N"], "histo": []},
"2022-09-20 09:47:11.120000" : {"coup": 6, "jeu": ["B", "B", "N", "N", "N", "B", "X"], "histo": []},
"2022-09-20 10:03:36.986000" : {"coup": 4, "jeu": ["N", "N", "N", "B", "X", "B", "B"], "histo": []},
"2022-09-20 10:30:27.957000" : {"coup": 3, "jeu": ["N", "N", "N", "X", "B", "B", "B"], "histo": [["B", "B", "B", "X", "N", "N", "N"], ["B", "B", "N", "B", "X", "N", "N"], ["B", "B", "N", "B", "N", "X", "N"], ["B", "B", "N", "X", "N", "B", "N"], ["B", "X", "N", "B", "N", "B", "N"], ["N", "B", "N", "B", "N", "B", "X"], ["N", "B", "N", "B", "N", "X", "B"], ["N", "B", "N", "X", "N", "B", "B"], ["N", "X", "N", "B", "N", "B", "B"], ["N", "N", "N", "B", "X", "B", "B"]]},
"2022-09-20 10:04:42.338000" : {"coup": 3, "jeu": ["N", "N", "N", "X", "B", "B", "B"], "histo": []},
"2022-09-20 09:56:15.078000" : {"coup": 2, "jeu": ["B", "B", "X", "B", "N", "N", "N"], "histo": []},
"2022-09-20 09:57:08.989000" : {"coup": 2, "jeu": ["B", "N", "X", "N", "B", "N", "B"], "histo": []},
"2022-09-20 10:30:23.045000" : {"coup": 4, "jeu": ["N", "B", "N", "B", "X", "B", "N"], "histo": [["B", "B", "B", "X", "N", "N", "N"], ["B", "B", "N", "B", "X", "N", "N"], ["B", "B", "N", "B", "N", "X", "N"], ["B", "B", "N", "X", "N", "B", "N"], ["B", "X", "N", "B", "N", "B", "N"]]},
"2022-09-20 10:01:19.040000" : {"coup": 4, "jeu": ["B", "B", "N", "B", "X", "N", "N"], "histo": []},
"2022-09-20 09:47:38.228000" : {"coup": "Reset", "jeu": ["B", "B", "B", "X", "N", "N", "N"], "histo": []},
"2022-09-20 09:52:59.580000" : {"coup": 2, "jeu": ["B", "B", "X", "N", "B", "N", "N"], "histo": []},
"2022-09-20 09:56:13.011000" : {"coup": 4, "jeu": ["B", "N", "N", "N", "X", "B", "B"], "histo": []},
"2022-09-20 10:12:30.033000" : {"coup": 2, "jeu": ["N", "N", "X", "B", "N", "B", "B"], "histo": []},
"2022-09-20 09:48:50.839000" : {"coup": 2, "jeu": ["N", "B", "X", "B", "B", "N", "N"], "histo": []},
"2022-09-20 10:12:28.335000" : {"coup": 3, "jeu": ["N", "B", "N", "X", "N", "B", "B"], "histo": []},
"2022-09-20 09:53:18.309000" : {"coup": 5, "jeu": ["B", "N", "B", "N", "B", "N", "X"], "histo": []},
"2022-09-20 10:28:16.905000" : {"coup": 2, "jeu": ["N", "B", "X", "B", "N", "B", "N"], "histo": [["B", "B", "B", "X", "N", "N", "N"], ["B", "B", "N", "B", "X", "N", "N"], ["B", "B", "N", "B", "N", "X", "N"], ["B", "B", "N", "X", "N", "B", "N"], ["B", "X", "N", "B", "N", "B", "N"]]},
"2022-09-20 09:55:59.635000" : {"coup": 2, "jeu": ["B", "N", "X", "B", "N", "B", "N"], "histo": []},
"2022-09-20 09:56:43.356000" : {"coup": 3, "jeu": ["N", "N", "N", "X", "B", "B", "B"], "histo": []},
"2022-09-20 10:07:47.683000" : {"coup": 4, "jeu": ["N", "B", "N", "B", "X", "B", "N"], "histo": []},
"2022-09-20 09:54:47.136000" : {"coup": 3, "jeu": ["B", "N", "B", "X", "B", "N", "N"], "histo": []},
"2022-09-20 09:52:33.854000" : {"coup": 3, "jeu": ["B", "B", "N", "X", "B", "N", "N"], "histo": []},
"2022-09-20 10:23:46.655000" : {"coup": 3, "jeu": ["B", "B", "N", "X", "N", "B", "N"], "histo": []},
"2022-09-20 09:49:48.173000" : {"coup": 3, "jeu": ["B", "B", "N", "X", "B", "N", "N"], "histo": []},
"2022-09-20 09:52:28.231000" : {"coup": 4, "jeu": ["B", "B", "B", "N", "X", "N", "N"], "histo": []},
"2022-09-20 10:26:47.625000" : {"coup": 5, "jeu": ["N", "B", "N", "B", "N", "X", "B"], "histo": [["B", "B", "B", "X", "N", "N", "N"], ["B", "B", "N", "B", "X", "N", "N"], ["B", "B", "N", "B", "N", "X", "N"], ["B", "B", "N", "X", "N", "B", "N"], ["B", "X", "N", "B", "N", "B", "N"], ["N", "B", "N", "B", "N", "B", "X"]]},
"2022-09-20 10:29:45.234000" : {"coup": 4, "jeu": ["B", "B", "N", "B", "X", "N", "N"], "histo": [["B", "B", "B", "X", "N", "N", "N"]]},
"2022-09-20 10:15:39.088000" : {"coup": 3, "jeu": ["B", "B", "N", "X", "N", "B", "N"], "histo": []},
"2022-09-20 09:49:55.653000" : {"coup": 6, "jeu": ["B", "B", "N", "N", "B", "N", "X"], "histo": []},
"2022-09-20 10:29:59.326000" : {"coup": 1, "jeu": ["N", "X", "N", "B", "N", "B", "B"], "histo": [["B", "B", "B", "X", "N", "N", "N"], ["B", "B", "N", "B", "X", "N", "N"], ["B", "B", "N", "B", "N", "X", "N"], ["B", "B", "N", "X", "N", "B", "N"], ["B", "X", "N", "B", "N", "B", "N"], ["N", "B", "N", "B", "N", "B", "X"], ["N", "B", "N", "B", "N", "X", "B"], ["N", "B", "N", "X", "N", "B", "B"]]},
"2022-09-20 09:55:31.126000" : {"coup": 4, "jeu": ["B", "B", "N", "B", "X", "N", "N"], "histo": []},
"2022-09-20 10:26:41.715000" : {"coup": 5, "jeu": ["B", "B", "N", "B", "N", "X", "N"], "histo": [["B", "B", "B", "X", "N", "N", "N"], ["B", "B", "N", "B", "X", "N", "N"]]},
"2022-09-20 10:17:05.151000" : {"coup": 5, "jeu": ["B", "B", "N", "B", "N", "X", "N"], "histo": []},
"2022-09-20 10:04:39.223000" : {"coup": 3, "jeu": ["N", "B", "N", "X", "N", "B", "B"], "histo": []},
"2022-09-20 10:19:19.389000" : {"coup": 4, "jeu": ["N", "N", "N", "B", "X", "B", "B"], "histo": []},
"2022-09-20 10:04:28.222000" : {"coup": 4, "jeu": ["B", "B", "N", "B", "X", "N", "N"], "histo": []},
"2022-09-20 10:25:01.074000" : {"coup": 1, "jeu": ["B", "X", "B", "B", "N", "N", "N"], "histo": [["B", "B", "B", "X", "N", "N", "N"], ["B", "B", "X", "B", "N", "N", "N"]]},
"2022-09-20 10:09:31.219000" : {"coup": 4, "jeu": ["B", "B", "N", "B", "X", "N", "N"], "histo": []},
"2022-09-20 10:28:14.262000" : {"coup": 4, "jeu": ["B", "B", "N", "B", "X", "N", "N"], "histo": [["B", "B", "B", "X", "N", "N", "N"]]},
"2022-09-20 10:23:57.389000" : {"coup": "Undo", "jeu": ["B", "B", "B", "X", "N", "N", "N"], "histo": []},
"2022-09-20 09:52:35.181000" : {"coup": 5, "jeu": ["B", "B", "N", "N", "B", "X", "N"], "histo": []},
"2022-09-20 09:47:22.954000" : {"coup": 2, "jeu": ["B", "B", "X", "N", "B", "N", "N"], "histo": []},
"2022-09-20 10:07:44.813000" : {"coup": 1, "jeu": ["B", "X", "N", "B", "N", "B", "N"], "histo": []},
"2022-09-20 10:28:15.297000" : {"coup": 3, "jeu": ["B", "B", "N", "X", "N", "B", "N"], "histo": [["B", "B", "B", "X", "N", "N", "N"], ["B", "B", "N", "B", "X", "N", "N"], ["B", "B", "N", "B", "N", "X", "N"]]},
"2022-09-20 10:09:35.756000" : {"coup": 2, "jeu": ["N", "B", "X", "B", "N", "B", "N"], "histo": []},
"2022-09-20 10:10:00.031000" : {"coup": 2, "jeu": ["N", "N", "X", "B", "N", "B", "B"], "histo": []},
"2022-09-20 10:09:50.109000" : {"coup": 3, "jeu": ["B", "B", "N", "X", "N", "B", "N"], "histo": []},
"2022-09-20 09:56:52.578000" : {"coup": 3, "jeu": ["B", "B", "N", "X", "B", "N", "N"], "histo": []},
"2022-09-20 10:30:14.552000" : {"coup": 3, "jeu": ["B", "B", "N", "X", "B", "N", "N"], "histo": [["B", "B", "B", "X", "N", "N", "N"], ["B", "B", "N", "B", "X", "N", "N"]]},
"2022-09-20 09:53:04.170000" : {"coup": 1, "jeu": ["B", "X", "B", "N", "B", "N", "N"], "histo": []},
"2022-09-20 10:07:49.325000" : {"coup": 5, "jeu": ["N", "B", "N", "B", "N", "X", "B"], "histo": []},
"2022-09-20 09:54:58.838000" : {"coup": 1, "jeu": ["N", "X", "B", "N", "B", "N", "B"], "histo": []},
"2022-09-20 10:26:44.270000" : {"coup": 0, "jeu": ["X", "B", "N", "B", "N", "B", "N"], "histo": [["B", "B", "B", "X", "N", "N", "N"], ["B", "B", "N", "B", "X", "N", "N"], ["B", "B", "N", "B", "N", "X", "N"], ["B", "B", "N", "X", "N", "B", "N"], ["B", "X", "N", "B", "N", "B", "N"]]},
"2022-09-20 09:55:03.811000" : {"coup": 4, "jeu": ["N", "N", "B", "X", "B", "N", "B"], "histo": []},
"2022-09-20 10:12:21.183000" : {"coup": 5, "jeu": ["B", "B", "N", "B", "N", "X", "N"], "histo": []},
"2022-09-20 09:57:03.007000" : {"coup": 3, "jeu": ["B", "N", "B", "X", "B", "N", "N"], "histo": []},
"2022-09-20 10:02:31.844000" : {"coup": 4, "jeu": ["B", "B", "N", "B", "X", "N", "N"], "histo": []},
"2022-09-20 10:31:46.536000" : {"coup": 2, "jeu": ["B", "B", "X", "B", "N", "N", "N"], "histo": [["B", "B", "B", "X", "N", "N", "N"]]},
"2022-09-20 10:07:46.700000" : {"coup": 2, "jeu": ["N", "B", "X", "B", "N", "B", "N"], "histo": []},
"2022-09-20 10:03:31.458000" : {"coup": 6, "jeu": ["N", "B", "N", "B", "N", "B", "X"], "histo": []},
"2022-09-20 09:53:51.260000" : {"coup": "Reset", "jeu": ["B", "B", "B", "X", "N", "N", "N"], "histo": []},
"2022-09-20 10:29:42.515000" : {"coup": "Reset", "jeu": ["B", "B", "B", "X", "N", "N", "N"], "histo": []},
"2022-09-20 10:12:23.446000" : {"coup": 1, "jeu": ["B", "X", "N", "B", "N", "B", "N"], "histo": []},
"2022-09-20 10:26:46.096000" : {"coup": 4, "jeu": ["N", "B", "N", "B", "X", "B", "N"], "histo": [["B", "B", "B", "X", "N", "N", "N"], ["B", "B", "N", "B", "X", "N", "N"], ["B", "B", "N", "B", "N", "X", "N"], ["B", "B", "N", "X", "N", "B", "N"], ["B", "X", "N", "B", "N", "B", "N"]]},
"2022-09-20 10:15:40.636000" : {"coup": 0, "jeu": ["X", "B", "N", "B", "N", "B", "N"], "histo": []},
"2022-09-20 09:53:28.208000" : {"coup": 0, "jeu": ["X", "N", "B", "N", "B", "N", "B"], "histo": []},
"2022-09-20 10:33:10.841000" : {"coup": 5, "jeu": ["B", "B", "N", "B", "N", "X", "N"], "histo": [["B", "B", "B", "X", "N", "N", "N"], ["B", "B", "N", "B", "X", "N", "N"]]},
"2022-09-20 10:29:43.095000" : {"coup": 3, "jeu": ["B", "B", "B", "X", "N", "N", "N"], "histo": []},
"2022-09-20 10:09:42.836000" : {"coup": 2, "jeu": ["N", "N", "X", "B", "N", "B", "B"], "histo": []},
"2022-09-20 10:17:08.293000" : {"coup": 4, "jeu": ["N", "B", "N", "B", "X", "B", "N"], "histo": []},
"2022-09-20 10:30:10.516000" : {"coup": "Reset", "jeu": ["B", "B", "B", "X", "N", "N", "N"], "histo": []},
"2022-09-20 10:17:04.229000" : {"coup": 4, "jeu": ["B", "B", "N", "B", "X", "N", "N"], "histo": []},
"2022-09-20 10:29:41.339000" : {"coup": "Reset", "jeu": ["B", "B", "B", "X", "N", "N", "N"], "histo": []},
"2022-09-20 09:55:35.235000" : {"coup": 3, "jeu": ["B", "B", "N", "X", "N", "B", "N"], "histo": []},
"2022-09-20 10:15:45.350000" : {"coup": 2, "jeu": ["N", "N", "X", "B", "N", "B", "B"], "histo": []},
"2022-09-20 09:54:15.026000" : {"coup": 2, "jeu": ["B", "N", "X", "B", "N", "B", "N"], "histo": []},
"2022-09-20 10:07:51.966000" : {"coup": 1, "jeu": ["N", "X", "N", "B", "N", "B", "B"], "histo": []},
"2022-09-20 10:00:44.670000" : {"coup": 2, "jeu": ["B", "B", "X", "N", "B", "N", "N"], "histo": []},
"2022-09-20 10:19:16.117000" : {"coup": 6, "jeu": ["N", "B", "N", "B", "N", "B", "X"], "histo": []},
"2022-09-20 10:03:15.206000" : {"coup": "Reset", "jeu": ["B", "B", "B", "X", "N", "N", "N"], "histo": []},
"2022-09-20 09:56:07.420000" : {"coup": 5, "jeu": ["B", "N", "N", "B", "N", "X", "B"], "histo": []},
"2022-09-20 10:07:40.860000" : {"coup": 2, "jeu": ["B", "B", "X", "B", "N", "N", "N"], "histo": []},
"2022-09-20 10:09:44.068000" : {"coup": 3, "jeu": ["N", "N", "N", "X", "B", "B", "B"], "histo": []},
"2022-09-20 09:51:38.036000" : {"coup": 0, "jeu": ["X", "N", "B", "N", "B", "N", "B"], "histo": []},
"2022-09-20 09:47:12.352000" : {"coup": 5, "jeu": ["B", "B", "N", "N", "N", "X", "B"], "histo": []},
"2022-09-20 10:25:03.720000" : {"coup": "Undo", "jeu": ["B", "B", "B", "X", "N", "N", "N"], "histo": [["B", "B", "B", "X", "N", "N", "N"], ["B", "B", "X", "B", "N", "N", "N"]]},
"2022-09-20 10:19:17.030000" : {"coup": 3, "jeu": ["N", "B", "N", "X", "N", "B", "B"], "histo": []},
"2022-09-20 10:03:38.146000" : {"coup": 3, "jeu": ["N", "N", "N", "X", "B", "B", "B"], "histo": []},
"2022-09-20 09:47:16.942000" : {"coup": 4, "jeu": ["B", "B", "N", "N", "N", "X", "B"], "histo": []},
"2022-09-20 10:17:06.964000" : {"coup": 0, "jeu": ["X", "B", "N", "B", "N", "B", "N"], "histo": []},
"2022-09-20 10:02:54.330000" : {"coup": 4, "jeu": ["N", "N", "N", "B", "X", "B", "B"], "histo": []},
"2022-09-20 10:25:04.862000" : {"coup": "Undo", "jeu": ["B", "B", "B", "X", "N", "N", "N"], "histo": [["B", "B", "B", "X", "N", "N", "N"], ["B", "B", "X", "B", "N", "N", "N"]]},
"2022-09-20 10:02:44.778000" : {"coup": 0, "jeu": ["X", "B", "N", "B", "N", "B", "N"], "histo": []},
"2022-09-20 09:51:44.939000" : {"coup": 2, "jeu": ["N", "N", "X", "N", "B", "B", "B"], "histo": []},
"2022-09-20 10:02:46.754000" : {"coup": 4, "jeu": ["N", "B", "N", "B", "X", "B", "N"], "histo": []},
"2022-09-20 09:53:52.008000" : {"coup": 2, "jeu": ["B", "B", "X", "B", "N", "N", "N"], "histo": []},
"2022-09-20 10:17:11.205000" : {"coup": 1, "jeu": ["N", "X", "N", "B", "N", "B", "B"], "histo": []},
"2022-09-20 10:12:29.430000" : {"coup": 1, "jeu": ["N", "X", "N", "B", "N", "B", "B"], "histo": []},
"2022-09-20 10:23:51.518000" : {"coup": 3, "jeu": ["N", "B", "N", "X", "N", "B", "B"], "histo": []},
"2022-09-20 09:55:44.906000" : {"coup": "Reset", "jeu": ["B", "B", "B", "X", "N", "N", "N"], "histo": []},
"2022-09-20 09:52:56.449000" : {"coup": "Reset", "jeu": ["B", "B", "B", "X", "N", "N", "N"], "histo": []},
"2022-09-20 09:54:57.699000" : {"coup": 0, "jeu": ["X", "N", "B", "N", "B", "N", "B"], "histo": []},
"2022-09-20 10:15:45.815000" : {"coup": 4, "jeu": ["N", "N", "N", "B", "X", "B", "B"], "histo": []},
"2022-09-20 10:29:58.707000" : {"coup": 1, "jeu": ["N", "X", "N", "B", "N", "B", "B"], "histo": [["B", "B", "B", "X", "N", "N", "N"], ["B", "B", "N", "B", "X", "N", "N"], ["B", "B", "N", "B", "N", "X", "N"], ["B", "B", "N", "X", "N", "B", "N"], ["B", "X", "N", "B", "N", "B", "N"], ["N", "B", "N", "B", "N", "B", "X"], ["N", "B", "N", "B", "N", "X", "B"], ["N", "B", "N", "X", "N", "B", "B"]]},
"2022-09-20 09:52:20.635000" : {"coup": 0, "jeu": ["X", "N", "B", "B", "N", "B", "N"], "histo": []},
"2022-09-20 10:30:26.490000" : {"coup": 2, "jeu": ["N", "N", "X", "B", "N", "B", "B"], "histo": [["B", "B", "B", "X", "N", "N", "N"], ["B", "B", "N", "B", "X", "N", "N"], ["B", "B", "N", "B", "N", "X", "N"], ["B", "B", "N", "X", "N", "B", "N"], ["B", "X", "N", "B", "N", "B", "N"], ["N", "B", "N", "B", "N", "B", "X"], ["N", "B", "N", "B", "N", "X", "B"], ["N", "B", "N", "X", "N", "B", "B"], ["N", "X", "N", "B", "N", "B", "B"]]},
"2022-09-20 09:56:18.958000" : {"coup": 4, "jeu": ["B", "B", "N", "B", "N", "X", "N"], "histo": []},
"2022-09-20 10:17:03.430000" : {"coup": 2, "jeu": ["B", "B", "X", "B", "N", "N", "N"], "histo": []},
"2022-09-20 09:48:56.761000" : {"coup": "Reset", "jeu": ["B", "B", "B", "X", "N", "N", "N"], "histo": []},
"2022-09-20 09:53:21.946000" : {"coup": 2, "jeu": ["B", "N", "X", "N", "B", "N", "B"], "histo": []},
"2022-09-20 10:12:20.262000" : {"coup": 2, "jeu": ["B", "B", "X", "B", "N", "N", "N"], "histo": []},
"2022-09-20 09:53:17.171000" : {"coup": 5, "jeu": ["B", "N", "B", "N", "B", "X", "N"], "histo": []},
"2022-09-20 09:56:42.381000" : {"coup": 4, "jeu": ["N", "N", "N", "B", "X", "B", "B"], "histo": []},
"2022-09-20 10:28:20.286000" : {"coup": 1, "jeu": ["N", "X", "N", "B", "N", "B", "B"], "histo": [["B", "B", "B", "X", "N", "N", "N"], ["B", "B", "N", "B", "X", "N", "N"], ["B", "B", "N", "B", "N", "X", "N"], ["B", "B", "N", "X", "N", "B", "N"], ["B", "X", "N", "B", "N", "B", "N"], ["N", "B", "N", "B", "N", "B", "X"], ["N", "B", "N", "B", "N", "X", "B"], ["N", "B", "N", "X", "N", "B", "B"]]},
"2022-09-20 10:03:36.066000" : {"coup": 2, "jeu": ["N", "N", "X", "B", "N", "B", "B"], "histo": []},
"2022-09-20 10:29:41.114000" : {"coup": "Reset", "jeu": ["B", "B", "B", "X", "N", "N", "N"], "histo": []},
"2022-09-20 10:03:12.011000" : {"coup": 1, "jeu": ["B", "X", "N", "B", "N", "B", "N"], "histo": []},
"2022-09-20 10:19:18.053000" : {"coup": 1, "jeu": ["N", "X", "N", "B", "N", "B", "B"], "histo": []},
"2022-09-20 09:56:09.502000" : {"coup": 3, "jeu": ["B", "N", "N", "X", "N", "B", "B"], "histo": []},
"2022-09-20 09:57:16.195000" : {"coup": 4, "jeu": ["N", "N", "B", "N", "X", "B", "B"], "histo": []},
"2022-09-20 10:30:12.826000" : {"coup": 4, "jeu": ["B", "B", "N", "B", "X", "N", "N"], "histo": [["B", "B", "B", "X", "N", "N", "N"]]}
}