{
"2022-09-20 08:35:48.540000" : {"coup": 6, "jeu": ["N", "B", "N", "B", "N", "B", "X"], "histo": []},
"2022-09-20 08:32:44.403000" : {"coup": 4, "jeu": ["B", "B", "N", "B", "X", "N", "N"], "histo": []},
"2022-09-20 09:07:18.691000" : {"coup": 5, "jeu": ["B", "B", "N", "B", "N", "X", "N"], "histo": ["B", "B", "B", "X", "N", "N", "N", ["B", "B", "N", "B", "N", "X", "N"]]},
"2022-09-20 08:40:06.015000" : {"coup": "Reset", "jeu": ["B", "B", "B", "X", "N", "N", "N"], "histo": []},
"2022-09-20 08:35:00.123000" : {"coup": 3, "jeu": ["X", "N", "B", "B", "B", "N", "N"], "histo": []},
"2022-09-20 08:55:23.865000" : {"coup": 3, "jeu": ["B", "B", "N", "N", "B", "X", "N"], "histo": []},
"2022-09-20 08:32:41.498000" : {"coup": 2, "jeu": ["B", "B", "X", "B", "N", "N", "N"], "histo": []},
"2022-09-20 08:34:57.352000" : {"coup": 2, "jeu": ["B", "N", "X", "B", "B", "N", "N"], "histo": []},
"2022-09-20 08:33:10.982000" : {"coup": 4, "jeu": ["B", "B", "N", "B", "X", "N", "N"], "histo": []},
"2022-09-20 08:55:40.758000" : {"coup": 1, "jeu": ["N", "X", "N", "B", "N", "B", "B"], "histo": []},
"2022-09-20 09:07:20.475000" : {"coup": 3, "jeu": ["B", "B", "N", "X", "N", "B", "N"], "histo": ["B", "B", "B", "X", "N", "N", "N", ["B", "B", "N", "X", "N", "B", "N"]]},
"2022-09-20 08:35:21.396000" : {"coup": 1, "jeu": ["B", "X", "N", "B", "B", "N", "N"], "histo": []},
"2022-09-20 08:55:15.664000" : {"coup": 1, "jeu": ["B", "B", "N", "N", "X", "B", "N"], "histo": []},
"2022-09-20 08:33:04.517000" : {"coup": 2, "jeu": ["N", "X", "B", "B", "B", "N", "N"], "histo": []},
"2022-09-20 08:54:20.108000" : {"coup": 3, "jeu": ["B", "X", "N", "B", "N", "N", "N"], "histo": []},
"2022-09-20 08:55:34.657000" : {"coup": 4, "jeu": ["N", "B", "N", "B", "X", "B", "N"], "histo": []},
"2022-09-20 09:08:16.217000" : {"coup": 2, "jeu": ["B", "B", "X", "B", "N", "N", "N"], "histo": [["B", "B", "X", "B", "N", "N", "N"]]},
"2022-09-20 08:33:38.167000" : {"coup": 5, "jeu": ["B", "N", "X", "B", "B", "N", "N"], "histo": []},
"2022-09-20 08:34:49.721000" : {"coup": 3, "jeu": ["B", "B", "N", "X", "B", "N", "N"], "histo": []},
"2022-09-20 08:33:39.042000" : {"coup": 5, "jeu": ["B", "N", "X", "B", "B", "N", "N"], "histo": []},
"2022-09-20 08:55:35.150000" : {"coup": 6, "jeu": ["N", "B", "N", "B", "N", "B", "X"], "histo": []},
"2022-09-20 08:36:25.035000" : {"coup": 3, "jeu": ["B", "B", "N", "X", "N", "B", "N"], "histo": []},
"2022-09-20 08:32:49.741000" : {"coup": 1, "jeu": ["B", "X", "N", "B", "B", "N", "N"], "histo": []},
"2022-09-20 08:54:20.780000" : {"coup": 4, "jeu": ["B", "X", "N", "B", "N", "N", "N"], "histo": []},
"2022-09-20 08:33:06.086000" : {"coup": 5, "jeu": ["N", "X", "B", "B", "B", "N", "N"], "histo": []},
"2022-09-20 08:33:39.867000" : {"coup": "Reset", "jeu": ["B", "B", "B", "X", "N", "N", "N"], "histo": []},
"2022-09-20 08:36:02.999000" : {"coup": "Undo", "jeu": ["B", "B", "B", "X", "N", "N", "N"], "histo": []},
"2022-09-20 08:33:57.908000" : {"coup": 4, "jeu": ["B", "B", "N", "N", "N", "X", "B"], "histo": []},
"2022-09-20 09:07:57.026000" : {"coup": 2, "jeu": ["B", "B", "X", "B", "N", "N", "N"], "histo": ["B", "B", "B", "X", "N", "N", "N", ["B", "B", "X", "B", "N", "N", "N"]]},
"2022-09-20 08:33:19.956000" : {"coup": 2, "jeu": ["B", "N", "N", "B", "N", "B", "X"], "histo": []},
"2022-09-20 08:54:10.980000" : {"coup": 2, "jeu": ["B", "B", "X", "N", "N", "N", "N"], "histo": []},
"2022-09-20 08:36:50.020000" : {"coup": 3, "jeu": ["N", "N", "N", "X", "B", "B", "B"], "histo": []},
"2022-09-20 08:55:24.924000" : {"coup": "Undo", "jeu": ["B", "B", "B", "X", "N", "N", "N"], "histo": []},
"2022-09-20 08:33:45.989000" : {"coup": 3, "jeu": ["B", "B", "N", "X", "B", "N", "N"], "histo": []},
"2022-09-20 08:35:24.906000" : {"coup": "Reset", "jeu": ["B", "B", "B", "X", "N", "N", "N"], "histo": []},
"2022-09-20 08:40:08.751000" : {"coup": "Reset", "jeu": ["B", "B", "B", "X", "N", "N", "N"], "histo": []},
"2022-09-20 09:07:39.829000" : {"coup": "Reset", "jeu": ["B", "B", "B", "X", "N", "N", "N"], "histo": []},
"2022-09-20 09:07:26.886000" : {"coup": 6, "jeu": ["N", "B", "N", "B", "N", "B", "X"], "histo": ["B", "B", "B", "X", "N", "N", "N", ["N", "B", "N", "B", "N", "B", "X"]]},
"2022-09-20 08:35:27.436000" : {"coup": 2, "jeu": ["B", "B", "X", "B", "N", "N", "N"], "histo": []},
"2022-09-20 08:33:13.205000" : {"coup": 3, "jeu": ["B", "B", "N", "X", "N", "B", "N"], "histo": []},
"2022-09-20 08:33:55.716000" : {"coup": 6, "jeu": ["B", "B", "N", "N", "N", "B", "X"], "histo": []},
"2022-09-20 09:07:26.144000" : {"coup": 4, "jeu": ["N", "B", "N", "B", "X", "B", "N"], "histo": ["B", "B", "B", "X", "N", "N", "N", ["N", "B", "N", "B", "X", "B", "N"]]},
"2022-09-20 08:36:34.999000" : {"coup": 6, "jeu": ["N", "B", "N", "B", "N", "B", "X"], "histo": []},
"2022-09-20 08:33:34.319000" : {"coup": 1, "jeu": ["B", "X", "N", "B", "B", "N", "N"], "histo": []},
"2022-09-20 08:55:34.151000" : {"coup": 2, "jeu": ["N", "B", "X", "B", "N", "B", "N"], "histo": []},
"2022-09-20 08:36:32.858000" : {"coup": 3, "jeu": ["N", "B", "X", "B", "N", "B", "N"], "histo": []},
"2022-09-20 08:33:05.734000" : {"coup": 5, "jeu": ["N", "X", "B", "B", "B", "N", "N"], "histo": []},
"2022-09-20 09:08:15.994000" : {"coup": 2, "jeu": ["B", "B", "X", "B", "N", "N", "N"], "histo": [["B", "B", "X", "B", "N", "N", "N"]]},
"2022-09-20 08:32:47.789000" : {"coup": 3, "jeu": ["B", "B", "N", "X", "B", "N", "N"], "histo": []},
"2022-09-20 08:35:22.877000" : {"coup": 2, "jeu": ["B", "N", "X", "B", "B", "N", "N"], "histo": []},
"2022-09-20 08:35:42.118000" : {"coup": 0, "jeu": ["X", "B", "N", "B", "N", "B", "N"], "histo": []},
"2022-09-20 08:33:37.739000" : {"coup": 3, "jeu": ["B", "N", "X", "B", "B", "N", "N"], "histo": []},
"2022-09-20 08:34:52.815000" : {"coup": 1, "jeu": ["B", "X", "N", "B", "B", "N", "N"], "histo": []},
"2022-09-20 09:07:23.936000" : {"coup": 1, "jeu": ["B", "X", "N", "B", "N", "B", "N"], "histo": ["B", "B", "B", "X", "N", "N", "N", ["B", "X", "N", "B", "N", "B", "N"]]},
"2022-09-20 08:55:26.831000" : {"coup": 2, "jeu": ["B", "B", "X", "B", "N", "N", "N"], "histo": []},
"2022-09-20 08:55:29.055000" : {"coup": 5, "jeu": ["B", "B", "N", "B", "N", "X", "N"], "histo": []},
"2022-09-20 08:54:09.974000" : {"coup": 2, "jeu": ["B", "B", "X", "N", "N", "N", "N"], "histo": [], "prog": "def saute(i):\n    if jeu[i]==\"B\" and i<6 and jeu[i+1]==\"X\":\n        jeu[i], jeu[i+1] = \"X\", \"N\"\n    elif jeu[i]==\"B\" and i<5 and jeu[i+1]==\"N\" and jeu[i+2]==\"X\":\n        jeu[i], jeu[i+2] = \"X\", \"B\"\n    elif jeu[i]==\"N\" and i>0 and jeu[i-1]==\"X\":\n        jeu[i], jeu[i-1] = \"X\", \"N\"\n    elif jeu[i]==\"N\" and i>1 and jeu[i-1]==\"B\" and jeu[i-2]==\"X\":\n        jeu[i], jeu[i-2] = \"X\", \"N\"\ndef undo():\n    global jeu\n    jeu = [\"B\", \"B\", \"B\", \"X\", \"N\", \"N\", \"N\"]"},
"2022-09-20 08:35:36.272000" : {"coup": 5, "jeu": ["B", "B", "N", "B", "N", "X", "N"], "histo": []},
"2022-09-20 08:33:17.266000" : {"coup": 4, "jeu": ["B", "N", "N", "B", "X", "B", "N"], "histo": []},
"2022-09-20 08:35:52.901000" : {"coup": 5, "jeu": ["N", "B", "N", "B", "N", "X", "B"], "histo": []},
"2022-09-20 08:55:44.189000" : {"coup": 3, "jeu": ["N", "N", "N", "X", "B", "B", "B"], "histo": []},
"2022-09-20 08:55:23.711000" : {"coup": 3, "jeu": ["B", "B", "N", "N", "B", "X", "N"], "histo": []},
"2022-09-20 08:36:15.465000" : {"coup": "Reset", "jeu": ["B", "B", "B", "X", "N", "N", "N"], "histo": []},
"2022-09-20 08:36:29.795000" : {"coup": 0, "jeu": ["X", "B", "N", "B", "N", "B", "N"], "histo": []},
"2022-09-20 09:07:07.357000" : {"coup": "Reset", "jeu": ["B", "B", "B", "X", "N", "N", "N"], "histo": []},
"2022-09-20 08:33:14.805000" : {"coup": 1, "jeu": ["B", "X", "N", "B", "N", "B", "N"], "histo": []},
"2022-09-20 08:33:03.473000" : {"coup": 5, "jeu": ["N", "X", "B", "B", "B", "N", "N"], "histo": []},
"2022-09-20 08:36:49.543000" : {"coup": 4, "jeu": ["N", "N", "N", "B", "X", "B", "B"], "histo": []},
"2022-09-20 08:35:39.527000" : {"coup": 1, "jeu": ["B", "X", "N", "B", "N", "B", "N"], "histo": []},
"2022-09-20 08:33:22.173000" : {"coup": 4, "jeu": ["B", "B", "B", "N", "X", "N", "N"], "histo": []},
"2022-09-20 08:54:25.601000" : {"coup": 2, "jeu": ["B", "B", "X", "N", "N", "N", "N"], "histo": []},
"2022-09-20 08:55:18.641000" : {"coup": 4, "jeu": ["B", "B", "N", "B", "X", "N", "N"], "histo": []},
"2022-09-20 08:54:27.055000" : {"coup": "Undo", "jeu": ["B", "B", "B", "X", "N", "N", "N"], "histo": []},
"2022-09-20 08:32:45.992000" : {"coup": 1, "jeu": ["B", "B", "N", "B", "X", "N", "N"], "histo": []},
"2022-09-20 08:33:21.163000" : {"coup": "Reset", "jeu": ["B", "B", "B", "X", "N", "N", "N"], "histo": []},
"2022-09-20 08:35:59.100000" : {"coup": 2, "jeu": ["N", "B", "N", "N", "X", "B", "B"], "histo": []},
"2022-09-20 08:36:27.787000" : {"coup": 1, "jeu": ["B", "X", "N", "B", "N", "B", "N"], "histo": []},
"2022-09-20 08:34:02.509000" : {"coup": 4, "jeu": ["B", "B", "N", "B", "X", "N", "N"], "histo": []},
"2022-09-20 08:33:24.557000" : {"coup": 3, "jeu": ["B", "B", "N", "X", "B", "N", "N"], "histo": []},
"2022-09-20 09:07:13.354000" : {"coup": 4, "jeu": ["B", "B", "N", "B", "X", "N", "N"], "histo": ["B", "B", "B", "X", "N", "N", "N", ["B", "B", "N", "B", "X", "N", "N"]]},
"2022-09-20 08:45:11.426000" : {"coup": "Undo", "jeu": ["B", "B", "B", "X", "N", "N", "N"], "histo": [], "prog": "def saute(i):\n    if jeu[i]==\"B\" and i<6 and jeu[i+1]==\"X\":\n        jeu[i], jeu[i+1] = \"X\", \"B\"\n    elif jeu[i]==\"B\" and i<5 and jeu[i+1]==\"N\" and jeu[i+2]==\"X\":\n        jeu[i], jeu[i+2] = \"X\", \"B\"\n    elif jeu[i]==\"N\" and i>0 and jeu[i-1]==\"X\":\n        jeu[i], jeu[i-1] = \"X\", \"N\"\n    elif jeu[i]==\"N\" and i>1 and jeu[i-1]==\"B\" and jeu[i-2]==\"X\":\n        jeu[i], jeu[i-2] = \"X\", \"N\"\ndef undo():\n    global jeu\n    jeu = [\"B\", \"B\", \"B\", \"X\", \"N\", \"N\", \"N\"]"},
"2022-09-20 08:32:59.689000" : {"coup": 0, "jeu": ["X", "N", "B", "B", "B", "N", "N"], "histo": []},
"2022-09-20 08:36:44.663000" : {"coup": 3, "jeu": ["N", "B", "N", "X", "N", "B", "B"], "histo": []},
"2022-09-20 08:54:17.335000" : {"coup": 3, "jeu": ["B", "B", "N", "X", "N", "N", "N"], "histo": []},
"2022-09-20 08:33:06.212000" : {"coup": 5, "jeu": ["N", "X", "B", "B", "B", "N", "N"], "histo": []},
"2022-09-20 08:45:31.830000" : {"coup": "Undo", "jeu": ["B", "B", "B", "X", "N", "N", "N"], "histo": []},
"2022-09-20 08:55:36.422000" : {"coup": 5, "jeu": ["N", "B", "N", "B", "N", "X", "B"], "histo": []},
"2022-09-20 08:33:40.590000" : {"coup": 2, "jeu": ["B", "B", "X", "B", "N", "N", "N"], "histo": []},
"2022-09-20 08:54:46.751000" : {"coup": 2, "jeu": ["B", "B", "X", "B", "N", "N", "N"], "histo": []},
"2022-09-20 08:35:13.107000" : {"coup": 3, "jeu": ["B", "B", "N", "X", "B", "N", "N"], "histo": []},
"2022-09-20 08:54:16.268000" : {"coup": 2, "jeu": ["B", "B", "X", "N", "N", "N", "N"], "histo": []},
"2022-09-20 08:33:57.076000" : {"coup": 5, "jeu": ["B", "B", "N", "N", "N", "X", "B"], "histo": []},
"2022-09-20 08:55:24.273000" : {"coup": 2, "jeu": ["B", "B", "N", "N", "B", "X", "N"], "histo": []},
"2022-09-20 08:54:45.675000" : {"coup": "Load", "jeu": ["B", "B", "B", "X", "N", "N", "N"], "histo": []},
"2022-09-20 08:54:22.851000" : {"coup": 5, "jeu": ["B", "N", "N", "B", "N", "X", "N"], "histo": []},
"2022-09-20 08:33:30.941000" : {"coup": 3, "jeu": ["B", "B", "N", "X", "B", "N", "N"], "histo": []},
"2022-09-20 08:35:36.879000" : {"coup": 3, "jeu": ["B", "B", "N", "X", "N", "B", "N"], "histo": []},
"2022-09-20 09:07:05.911000" : {"coup": "Undo", "jeu": ["B", "B", "B", "X", "N", "N", "N"], "histo": ["B", "B", "B", "X", "N", "N", "N"], "prog": "historique =[\"B\",\"B\",\"B\",\"X\",\"N\",\"N\",\"N\"]\n\n\ndef saute(i):\n    if jeu[i]==\"B\" and i<6 and jeu[i+1]==\"X\":\n        jeu[i], jeu[i+1] = \"X\", \"B\"\n        historique.append(jeu)\n    elif jeu[i]==\"B\" and i<5 and jeu[i+1]==\"N\" and jeu[i+2]==\"X\":\n        jeu[i], jeu[i+2] = \"X\", \"B\"\n        historique.append(jeu)\n    elif jeu[i]==\"N\" and i>0 and jeu[i-1]==\"X\":\n        jeu[i], jeu[i-1] = \"X\", \"N\"\n        historique.append(jeu)\n    elif jeu[i]==\"N\" and i>1 and jeu[i-1]==\"B\" and jeu[i-2]==\"X\":\n        jeu[i], jeu[i-2] = \"X\", \"N\"\n        historique.append(jeu)\ndef undo():\n    global jeu\n    jeu = [\"B\", \"B\", \"B\", \"X\", \"N\", \"N\", \"N\"]"},
"2022-09-20 08:54:58.813000" : {"coup": 3, "jeu": ["B", "B", "N", "X", "B", "N", "N"], "histo": []},
"2022-09-20 08:33:03.135000" : {"coup": 5, "jeu": ["N", "X", "B", "B", "B", "N", "N"], "histo": []},
"2022-09-20 09:08:20.435000" : {"coup": 5, "jeu": ["B", "B", "N", "B", "N", "X", "N"], "histo": [["B", "B", "N", "B", "N", "X", "N"], ["B", "B", "N", "B", "N", "X", "N"], ["B", "B", "N", "B", "N", "X", "N"]]},
"2022-09-20 08:35:23.604000" : {"coup": 0, "jeu": ["X", "N", "B", "B", "B", "N", "N"], "histo": []},
"2022-09-20 08:54:19.866000" : {"coup": 3, "jeu": ["B", "X", "N", "B", "N", "N", "N"], "histo": []},
"2022-09-20 09:07:25.289000" : {"coup": 2, "jeu": ["N", "B", "X", "B", "N", "B", "N"], "histo": ["B", "B", "B", "X", "N", "N", "N", ["N", "B", "X", "B", "N", "B", "N"]]},
"2022-09-20 09:07:24.712000" : {"coup": 0, "jeu": ["X", "B", "N", "B", "N", "B", "N"], "histo": ["B", "B", "B", "X", "N", "N", "N", ["X", "B", "N", "B", "N", "B", "N"]]},
"2022-09-20 08:33:05.923000" : {"coup": 5, "jeu": ["N", "X", "B", "B", "B", "N", "N"], "histo": []},
"2022-09-20 08:55:23.503000" : {"coup": 3, "jeu": ["B", "B", "N", "N", "B", "X", "N"], "histo": []},
"2022-09-20 09:07:33.352000" : {"coup": 2, "jeu": ["N", "N", "X", "B", "N", "B", "B"], "histo": ["B", "B", "B", "X", "N", "N", "N", ["N", "N", "X", "B", "N", "B", "B"]]},
"2022-09-20 08:55:16.253000" : {"coup": "Undo", "jeu": ["B", "B", "B", "X", "N", "N", "N"], "histo": []},
"2022-09-20 08:54:23.027000" : {"coup": 5, "jeu": ["B", "N", "N", "B", "N", "X", "N"], "histo": []},
"2022-09-20 08:54:22.329000" : {"coup": 4, "jeu": ["B", "N", "N", "B", "X", "N", "N"], "histo": []},
"2022-09-20 08:54:11.061000" : {"coup": 2, "jeu": ["B", "B", "X", "N", "N", "N", "N"], "histo": []},
"2022-09-20 08:55:13.321000" : {"coup": 5, "jeu": ["B", "B", "N", "N", "B", "X", "N"], "histo": []},
"2022-09-20 08:33:59.317000" : {"coup": 1, "jeu": ["B", "B", "N", "N", "N", "X", "B"], "histo": []},
"2022-09-20 09:07:34" : {"coup": 4, "jeu": ["N", "N", "N", "B", "X", "B", "B"], "histo": ["B", "B", "B", "X", "N", "N", "N", ["N", "N", "N", "B", "X", "B", "B"]]},
"2022-09-20 08:34:59.153000" : {"coup": 3, "jeu": ["B", "N", "X", "B", "B", "N", "N"], "histo": []},
"2022-09-20 08:34:58.308000" : {"coup": 3, "jeu": ["B", "N", "X", "B", "B", "N", "N"], "histo": []},
"2022-09-20 08:36:10.867000" : {"coup": 5, "jeu": ["B", "B", "N", "N", "B", "X", "N"], "histo": []},
"2022-09-20 08:33:36.328000" : {"coup": 2, "jeu": ["B", "N", "X", "B", "B", "N", "N"], "histo": []},
"2022-09-20 08:36:46.741000" : {"coup": 1, "jeu": ["N", "X", "N", "B", "N", "B", "B"], "histo": []},
"2022-09-20 08:35:03.306000" : {"coup": "Reset", "jeu": ["B", "B", "B", "X", "N", "N", "N"], "histo": []},
"2022-09-20 08:55:15.420000" : {"coup": 1, "jeu": ["B", "B", "N", "N", "X", "B", "N"], "histo": []},
"2022-09-20 08:55:41.998000" : {"coup": 2, "jeu": ["N", "N", "X", "B", "N", "B", "B"], "histo": []},
"2022-09-20 08:32:52.966000" : {"coup": 2, "jeu": ["B", "N", "X", "B", "B", "N", "N"], "histo": []},
"2022-09-20 08:33:18.814000" : {"coup": 6, "jeu": ["B", "N", "N", "B", "N", "B", "X"], "histo": []},
"2022-09-20 08:45:31.116000" : {"coup": 4, "jeu": ["B", "B", "N", "B", "X", "N", "N"], "histo": []},
"2022-09-20 08:36:23.635000" : {"coup": 5, "jeu": ["B", "B", "N", "B", "N", "X", "N"], "histo": []},
"2022-09-20 08:55:43.839000" : {"coup": 4, "jeu": ["N", "N", "N", "B", "X", "B", "B"], "histo": []},
"2022-09-20 08:54:47.217000" : {"coup": 4, "jeu": ["B", "B", "N", "B", "X", "N", "N"], "histo": []},
"2022-09-20 08:35:46.780000" : {"coup": 4, "jeu": ["N", "B", "N", "B", "X", "B", "N"], "histo": []},
"2022-09-20 08:33:11.981000" : {"coup": 5, "jeu": ["B", "B", "N", "B", "N", "X", "N"], "histo": []},
"2022-09-20 08:34:01.516000" : {"coup": 2, "jeu": ["B", "B", "X", "B", "N", "N", "N"], "histo": []},
"2022-09-20 08:35:01.807000" : {"coup": 5, "jeu": ["N", "X", "B", "B", "B", "N", "N"], "histo": []},
"2022-09-20 08:35:54.555000" : {"coup": 3, "jeu": ["N", "B", "N", "X", "N", "B", "B"], "histo": []},
"2022-09-20 08:33:38.877000" : {"coup": 5, "jeu": ["B", "N", "X", "B", "B", "N", "N"], "histo": []},
"2022-09-20 08:54:19.137000" : {"coup": 1, "jeu": ["B", "X", "N", "B", "N", "N", "N"], "histo": []},
"2022-09-20 08:33:49.541000" : {"coup": 4, "jeu": ["B", "B", "N", "N", "X", "B", "N"], "histo": []},
"2022-09-20 08:35:20.003000" : {"coup": 4, "jeu": ["B", "B", "N", "X", "B", "N", "N"], "histo": []},
"2022-09-20 08:32:46.511000" : {"coup": 1, "jeu": ["B", "B", "N", "B", "X", "N", "N"], "histo": []},
"2022-09-20 08:54:24.574000" : {"coup": "Reset", "jeu": ["B", "B", "B", "X", "N", "N", "N"], "histo": []},
"2022-09-20 08:33:05.139000" : {"coup": 3, "jeu": ["N", "X", "B", "B", "B", "N", "N"], "histo": []},
"2022-09-20 08:45:30.684000" : {"coup": 2, "jeu": ["B", "B", "X", "B", "N", "N", "N"], "histo": []},
"2022-09-20 08:33:10.341000" : {"coup": 2, "jeu": ["B", "B", "X", "B", "N", "N", "N"], "histo": []},
"2022-09-20 08:34:57.895000" : {"coup": 4, "jeu": ["B", "N", "X", "B", "B", "N", "N"], "histo": []},
"2022-09-20 08:35:00.813000" : {"coup": 1, "jeu": ["N", "X", "B", "B", "B", "N", "N"], "histo": []},
"2022-09-20 09:07:30.917000" : {"coup": 3, "jeu": ["N", "B", "N", "X", "N", "B", "B"], "histo": ["B", "B", "B", "X", "N", "N", "N", ["N", "B", "N", "X", "N", "B", "B"]]},
"2022-09-20 08:33:00.382000" : {"coup": 1, "jeu": ["N", "X", "B", "B", "B", "N", "N"], "histo": []},
"2022-09-20 08:33:59.987000" : {"coup": "Reset", "jeu": ["B", "B", "B", "X", "N", "N", "N"], "histo": []},
"2022-09-20 09:08:17.997000" : {"coup": 4, "jeu": ["B", "B", "N", "B", "X", "N", "N"], "histo": [["B", "B", "N", "B", "X", "N", "N"], ["B", "B", "N", "B", "X", "N", "N"]]},
"2022-09-20 08:45:24.758000" : {"coup": 2, "jeu": ["B", "B", "X", "B", "N", "N", "N"], "histo": []},
"2022-09-20 09:08:14.749000" : {"coup": 2, "jeu": ["B", "B", "X", "B", "N", "N", "N"], "histo": [["B", "B", "X", "B", "N", "N", "N"]], "prog": "def saute(i):\n    if jeu[i]==\"B\" and i<6 and jeu[i+1]==\"X\":\n        jeu[i], jeu[i+1] = \"X\", \"B\"\n        historique.append(jeu)\n    elif jeu[i]==\"B\" and i<5 and jeu[i+1]==\"N\" and jeu[i+2]==\"X\":\n        jeu[i], jeu[i+2] = \"X\", \"B\"\n        historique.append(jeu)\n    elif jeu[i]==\"N\" and i>0 and jeu[i-1]==\"X\":\n        jeu[i], jeu[i-1] = \"X\", \"N\"\n        historique.append(jeu)\n    elif jeu[i]==\"N\" and i>1 and jeu[i-1]==\"B\" and jeu[i-2]==\"X\":\n        jeu[i], jeu[i-2] = \"X\", \"N\"\n        historique.append(jeu)\ndef undo():\n    global jeu\n    jeu = [\"B\", \"B\", \"B\", \"X\", \"N\", \"N\", \"N\"]"},
"2022-09-20 08:55:33.626000" : {"coup": 0, "jeu": ["X", "B", "N", "B", "N", "B", "N"], "histo": []},
"2022-09-20 08:33:42.755000" : {"coup": 4, "jeu": ["B", "B", "N", "B", "X", "N", "N"], "histo": []},
"2022-09-20 08:35:02.850000" : {"coup": "Reset", "jeu": ["B", "B", "B", "X", "N", "N", "N"], "histo": []},
"2022-09-20 08:35:06.188000" : {"coup": 2, "jeu": ["B", "B", "X", "N", "B", "N", "N"], "histo": []},
"2022-09-20 08:33:16.549000" : {"coup": 2, "jeu": ["B", "N", "X", "B", "N", "B", "N"], "histo": []},
"2022-09-20 08:55:37.150000" : {"coup": 3, "jeu": ["N", "B", "N", "X", "N", "B", "B"], "histo": []},
"2022-09-20 08:33:46.845000" : {"coup": 5, "jeu": ["B", "B", "N", "N", "B", "X", "N"], "histo": []},
"2022-09-20 08:54:20.555000" : {"coup": 4, "jeu": ["B", "X", "N", "B", "N", "N", "N"], "histo": []},
"2022-09-20 08:55:31.471000" : {"coup": 3, "jeu": ["B", "B", "N", "X", "N", "B", "N"], "histo": []},
"2022-09-20 08:33:27.666000" : {"coup": "Reset", "jeu": ["B", "B", "B", "X", "N", "N", "N"], "histo": []},
"2022-09-20 08:33:09.140000" : {"coup": "Reset", "jeu": ["B", "B", "B", "X", "N", "N", "N"], "histo": []},
"2022-09-20 08:33:28.568000" : {"coup": 2, "jeu": ["B", "B", "X", "B", "N", "N", "N"], "histo": []},
"2022-09-20 09:07:32.386000" : {"coup": 1, "jeu": ["N", "X", "N", "B", "N", "B", "B"], "histo": ["B", "B", "B", "X", "N", "N", "N", ["N", "X", "N", "B", "N", "B", "B"]]},
"2022-09-20 08:40:00.439000" : {"coup": "Reset", "jeu": ["B", "B", "B", "X", "N", "N", "N"], "histo": [], "prog": "def saute(i):\n    if jeu[i]==\"B\" and i<6 and jeu[i+1]==\"X\":\n        jeu[i], jeu[i+1] = \"X\", \"B\"\n    elif jeu[i]==\"B\" and i<5 and jeu[i+1]==\"N\" and jeu[i+2]==\"X\":\n        jeu[i], jeu[i+2] = \"X\", \"B\"\n    elif jeu[i]==\"N\" and i>0 and jeu[i-1]==\"X\":\n        jeu[i], jeu[i-1] = \"X\", \"N\"\n    elif jeu[i]==\"N\" and i>1 and jeu[i-1]==\"B\" and jeu[i-2]==\"X\":\n        jeu[i], jeu[i-2] = \"X\", \"N\"\ndef undo():\n    jeu.\n"},
"2022-09-20 08:54:14.683000" : {"coup": 3, "jeu": ["B", "B", "N", "X", "N", "N", "N"], "histo": []},
"2022-09-20 08:55:17.224000" : {"coup": 2, "jeu": ["B", "B", "X", "B", "N", "N", "N"], "histo": []},
"2022-09-20 08:36:38.166000" : {"coup": 5, "jeu": ["N", "B", "N", "B", "N", "X", "B"], "histo": []},
"2022-09-20 09:07:09.843000" : {"coup": 2, "jeu": ["B", "B", "X", "B", "N", "N", "N"], "histo": ["B", "B", "B", "X", "N", "N", "N", ["B", "B", "X", "B", "N", "N", "N"]]},
"2022-09-20 08:36:09.411000" : {"coup": 4, "jeu": ["B", "B", "N", "B", "X", "N", "N"], "histo": []},
"2022-09-20 08:33:38.458000" : {"coup": 6, "jeu": ["B", "N", "X", "B", "B", "N", "N"], "histo": []},
"2022-09-20 08:54:28.155000" : {"coup": 2, "jeu": ["B", "B", "X", "N", "N", "N", "N"], "histo": []},
"2022-09-20 08:33:02.008000" : {"coup": 5, "jeu": ["N", "X", "B", "B", "B", "N", "N"], "histo": []},
"2022-09-20 08:55:27.614000" : {"coup": 4, "jeu": ["B", "B", "N", "B", "X", "N", "N"], "histo": []},
"2022-09-20 08:36:33.443000" : {"coup": 4, "jeu": ["N", "B", "N", "B", "X", "B", "N"], "histo": []},
"2022-09-20 08:34:59.605000" : {"coup": 0, "jeu": ["X", "N", "B", "B", "B", "N", "N"], "histo": []},
"2022-09-20 08:36:07.467000" : {"coup": 2, "jeu": ["B", "B", "X", "B", "N", "N", "N"], "histo": []},
"2022-09-20 08:55:22.592000" : {"coup": 5, "jeu": ["B", "B", "N", "N", "B", "X", "N"], "histo": []},
"2022-09-20 08:33:29.054000" : {"coup": 4, "jeu": ["B", "B", "N", "B", "X", "N", "N"], "histo": []},
"2022-09-20 08:33:22.812000" : {"coup": 2, "jeu": ["B", "B", "X", "N", "B", "N", "N"], "histo": []},
"2022-09-20 08:55:13.974000" : {"coup": 4, "jeu": ["B", "B", "N", "N", "X", "B", "N"], "histo": []},
"2022-09-20 08:32:17.988000" : {"coup": "Load", "jeu": ["B", "B", "B", "X", "N", "N", "N"], "histo": []},
"2022-09-20 08:55:33.030000" : {"coup": 1, "jeu": ["B", "X", "N", "B", "N", "B", "N"], "histo": []},
"2022-09-20 08:36:10.252000" : {"coup": 3, "jeu": ["B", "B", "N", "X", "B", "N", "N"], "histo": []},
"2022-09-20 08:55:20.168000" : {"coup": 3, "jeu": ["B", "B", "N", "X", "B", "N", "N"], "histo": []},
"2022-09-20 08:34:10.508000" : {"coup": 2, "jeu": ["B", "B", "N", "B", "X", "N", "N"], "histo": []},
"2022-09-20 08:35:56.659000" : {"coup": 4, "jeu": ["N", "B", "N", "N", "X", "B", "B"], "histo": []},
"2022-09-20 08:36:48.819000" : {"coup": 2, "jeu": ["N", "N", "X", "B", "N", "B", "B"], "histo": []},
"2022-09-20 09:07:29.800000" : {"coup": 5, "jeu": ["N", "B", "N", "B", "N", "X", "B"], "histo": ["B", "B", "B", "X", "N", "N", "N", ["N", "B", "N", "B", "N", "X", "B"]]},
"2022-09-20 08:33:03.636000" : {"coup": 5, "jeu": ["N", "X", "B", "B", "B", "N", "N"], "histo": []},
"2022-09-20 09:08:01.662000" : {"coup": "Reset", "jeu": ["B", "B", "B", "X", "N", "N", "N"], "histo": []},
"2022-09-20 08:35:28.147000" : {"coup": 4, "jeu": ["B", "B", "N", "B", "X", "N", "N"], "histo": []},
"2022-09-20 08:54:15.386000" : {"coup": "Undo", "jeu": ["B", "B", "B", "X", "N", "N", "N"], "histo": []},
"2022-09-20 08:45:28.055000" : {"coup": "Undo", "jeu": ["B", "B", "B", "X", "N", "N", "N"], "histo": []},
"2022-09-20 08:33:58.936000" : {"coup": 1, "jeu": ["B", "B", "N", "N", "N", "X", "B"], "histo": []},
"2022-09-20 08:54:18.611000" : {"coup": 2, "jeu": ["B", "B", "N", "X", "N", "N", "N"], "histo": []},
"2022-09-20 08:36:18.787000" : {"coup": 4, "jeu": ["B", "B", "N", "B", "X", "N", "N"], "histo": []},
"2022-09-20 08:35:01.279000" : {"coup": 2, "jeu": ["N", "X", "B", "B", "B", "N", "N"], "histo": []},
"2022-09-20 08:35:05.493000" : {"coup": 4, "jeu": ["B", "B", "B", "N", "X", "N", "N"], "histo": []},
"2022-09-20 08:36:30.270000" : {"coup": 2, "jeu": ["N", "B", "X", "B", "N", "B", "N"], "histo": []},
"2022-09-20 09:08:16.110000" : {"coup": 2, "jeu": ["B", "B", "X", "B", "N", "N", "N"], "histo": [["B", "B", "X", "B", "N", "N", "N"]]},
"2022-09-20 08:34:13.484000" : {"coup": 1, "jeu": ["B", "B", "N", "B", "X", "N", "N"], "histo": []},
"2022-09-20 08:54:21.395000" : {"coup": 2, "jeu": ["B", "N", "X", "B", "N", "N", "N"], "histo": []},
"2022-09-20 08:45:23.786000" : {"coup": "Undo", "jeu": ["B", "B", "B", "X", "N", "N", "N"], "histo": []},
"2022-09-20 08:36:16.987000" : {"coup": 2, "jeu": ["B", "B", "X", "B", "N", "N", "N"], "histo": []},
"2022-09-20 08:35:24.004000" : {"coup": 3, "jeu": ["X", "N", "B", "B", "B", "N", "N"], "histo": []},
"2022-09-20 09:07:34.239000" : {"coup": 3, "jeu": ["N", "N", "N", "X", "B", "B", "B"], "histo": ["B", "B", "B", "X", "N", "N", "N", ["N", "N", "N", "X", "B", "B", "B"]]},
"2022-09-20 09:07:07.236000" : {"coup": "Undo", "jeu": ["B", "B", "B", "X", "N", "N", "N"], "histo": ["B", "B", "B", "X", "N", "N", "N"]},
"2022-09-20 08:35:43.757000" : {"coup": 2, "jeu": ["N", "B", "X", "B", "N", "B", "N"], "histo": []},
"2022-09-20 08:33:25.728000" : {"coup": 1, "jeu": ["B", "X", "N", "B", "B", "N", "N"], "histo": []}
}