{
"2022-09-20 09:15:23.539000" : {"coup": 2, "jeu": ["B", "B", "X", "B", "N", "N", "N"], "histo": [["B", "B", "X", "B", "N", "N", "N"], ["B", "B", "X", "N", "B", "N", "N"], ["B", "B", "X", "N", "B", "N", "N"], ["B", "B", "X", "B", "N", "N", "N"]], "prog": "def saute(i):\n    if jeu[i]==\"B\" and i<6 and jeu[i+1]==\"X\":\n        historique.append(jeu)\n        jeu[i], jeu[i+1] = \"X\", \"B\"\n    elif jeu[i]==\"B\" and i<5 and jeu[i+1]==\"N\" and jeu[i+2]==\"X\":\n        historique.append(jeu)\n        jeu[i], jeu[i+2] = \"X\", \"B\"\n    elif jeu[i]==\"N\" and i>0 and jeu[i-1]==\"X\":\n        historique.append(jeu)\n        jeu[i], jeu[i-1] = \"X\", \"N\"\n    elif jeu[i]==\"N\" and i>1 and jeu[i-1]==\"B\" and jeu[i-2]==\"X\":\n        historique.append(jeu)\n        jeu[i], jeu[i-2] = \"X\", \"N\"\ndef undo():\n    global jeu\n    jeu = historique[-1]\n"},
"2022-09-20 08:44:11.336000" : {"coup": 4, "jeu": ["B", "B", "B", "N", "X", "N", "N"], "histo": []},
"2022-09-20 08:41:46.328000" : {"coup": "Undo", "jeu": ["B", "B", "B", "X", "N", "N", "N"], "histo": []},
"2022-09-20 08:44:44.918000" : {"coup": 4, "jeu": ["B", "N", "B", "N", "X", "N", "B"], "histo": []},
"2022-09-20 09:16:59.400000" : {"coup": 6, "jeu": ["B", "B", "B", "N", "N", "N", "X"], "histo": [["B", "B", "X", "B", "N", "N", "N"], ["B", "B", "X", "N", "B", "N", "N"], ["B", "B", "X", "N", "B", "N", "N"], ["B", "B", "N", "N", "B", "X", "N"], ["B", "B", "N", "N", "B", "X", "N"], ["B", "B", "N", "N", "B", "X", "N"], ["B", "B", "N", "N", "B", "X", "N"], ["B", "B", "B", "N", "N", "N", "X"], ["B", "B", "B", "N", "N", "N", "X"], ["B", "B", "B", "N", "N", "N", "X"]]},
"2022-09-20 08:32:45.218000" : {"coup": 6, "jeu": ["B", "B", "N", "N", "N", "B", "X"], "histo": []},
"2022-09-20 08:34:48.161000" : {"coup": 1, "jeu": ["B", "X", "B", "N", "B", "N", "N"], "histo": []},
"2022-09-20 08:43:43.876000" : {"coup": 3, "jeu": ["N", "N", "B", "X", "B", "N", "B"], "histo": []},
"2022-09-20 09:05:18.049000" : {"coup": 4, "jeu": ["B", "B", "B", "N", "X", "N", "N"], "histo": []},
"2022-09-20 09:12:27.490000" : {"coup": "Undo", "jeu": ["B", "B", "B", "X", "N", "N", "N"], "histo": [], "prog": "def saute(i):\n    if jeu[i]==\"B\" and i<6 and jeu[i+1]==\"X\":\n        historique.append()\n        jeu[i], jeu[i+1] = \"X\", \"B\"\n    elif jeu[i]==\"B\" and i<5 and jeu[i+1]==\"N\" and jeu[i+2]==\"X\":\n        jeu[i], jeu[i+2] = \"X\", \"B\"\n    elif jeu[i]==\"N\" and i>0 and jeu[i-1]==\"X\":\n        jeu[i], jeu[i-1] = \"X\", \"N\"\n    elif jeu[i]==\"N\" and i>1 and jeu[i-1]==\"B\" and jeu[i-2]==\"X\":\n        jeu[i], jeu[i-2] = \"X\", \"N\"\ndef undo():\n    global jeu\n    \n    jeu = [\"B\", \"B\", \"B\", \"X\", \"N\", \"N\", \"N\"]\n    \n"},
"2022-09-20 08:33:20.707000" : {"coup": 3, "jeu": ["B", "N", "B", "N", "N", "B", "X"], "histo": []},
"2022-09-20 08:34:29.966000" : {"coup": 1, "jeu": ["B", "X", "N", "B", "B", "N", "N"], "histo": []},
"2022-09-20 08:41:47.938000" : {"coup": 2, "jeu": ["B", "B", "X", "N", "B", "N", "N"], "histo": []},
"2022-09-20 08:32:41.988000" : {"coup": 5, "jeu": ["B", "B", "N", "N", "B", "X", "N"], "histo": []},
"2022-09-20 08:33:52.034000" : {"coup": 4, "jeu": ["B", "B", "N", "B", "X", "N", "N"], "histo": []},
"2022-09-20 08:42:06.536000" : {"coup": "Undo", "jeu": ["B", "B", "B", "X", "N", "N", "N"], "histo": []},
"2022-09-20 08:43:42.045000" : {"coup": 1, "jeu": ["N", "X", "B", "N", "B", "N", "B"], "histo": []},
"2022-09-20 08:44:12.746000" : {"coup": 3, "jeu": ["B", "B", "N", "X", "B", "N", "N"], "histo": []},
"2022-09-20 08:32:31.772000" : {"coup": "Load", "jeu": ["B", "B", "B", "X", "N", "N", "N"], "histo": []},
"2022-09-20 08:34:09.332000" : {"coup": 2, "jeu": ["B", "B", "X", "N", "B", "N", "N"], "histo": []},
"2022-09-20 08:32:47.039000" : {"coup": 1, "jeu": ["B", "B", "N", "N", "N", "B", "X"], "histo": []},
"2022-09-20 08:44:38.485000" : {"coup": 3, "jeu": ["B", "N", "B", "X", "B", "N", "N"], "histo": []},
"2022-09-20 08:33:05.691000" : {"coup": 3, "jeu": ["B", "N", "B", "X", "B", "N", "N"], "histo": []},
"2022-09-20 08:33:40.020000" : {"coup": 4, "jeu": ["B", "B", "B", "N", "X", "N", "N"], "histo": []},
"2022-09-20 08:35:03.256000" : {"coup": 4, "jeu": ["B", "N", "B", "N", "X", "N", "B"], "histo": []},
"2022-09-20 08:43:37.703000" : {"coup": 6, "jeu": ["B", "N", "B", "N", "B", "N", "X"], "histo": []},
"2022-09-20 08:41:44.542000" : {"coup": 1, "jeu": ["B", "X", "N", "B", "B", "N", "N"], "histo": []},
"2022-09-20 09:14:42.714000" : {"coup": 2, "jeu": ["B", "B", "X", "B", "N", "N", "N"], "histo": [["B", "B", "X", "B", "N", "N", "N"]]},
"2022-09-20 08:42:58.983000" : {"coup": 3, "jeu": ["B", "B", "N", "X", "B", "N", "N"], "histo": []},
"2022-09-20 09:15:45.260000" : {"coup": 3, "jeu": ["B", "B", "N", "X", "B", "N", "N"], "histo": [["B", "B", "X", "B", "N", "N", "N"], ["B", "B", "X", "N", "B", "N", "N"], ["B", "B", "X", "N", "B", "N", "N"], ["B", "B", "N", "X", "B", "N", "N"], ["B", "B", "N", "X", "B", "N", "N"], ["B", "B", "N", "X", "B", "N", "N"]]},
"2022-09-20 08:42:29.292000" : {"coup": 4, "jeu": ["B", "N", "B", "N", "X", "B", "N"], "histo": []},
"2022-09-20 08:34:51.192000" : {"coup": 5, "jeu": ["B", "N", "B", "N", "B", "X", "N"], "histo": []},
"2022-09-20 08:34:32.848000" : {"coup": 4, "jeu": ["B", "B", "B", "N", "X", "N", "N"], "histo": []},
"2022-09-20 09:05:25.565000" : {"coup": 6, "jeu": ["B", "N", "B", "N", "B", "N", "X"], "histo": []},
"2022-09-20 08:33:22.451000" : {"coup": "Undo", "jeu": ["B", "B", "B", "X", "N", "N", "N"], "histo": []},
"2022-09-20 09:05:26.140000" : {"coup": 4, "jeu": ["B", "N", "B", "N", "X", "N", "B"], "histo": []},
"2022-09-20 08:44:50.739000" : {"coup": 5, "jeu": ["N", "N", "B", "N", "B", "X", "B"], "histo": []},
"2022-09-20 08:34:00.610000" : {"coup": 2, "jeu": ["B", "N", "X", "B", "N", "B", "N"], "histo": []},
"2022-09-20 09:16:57.694000" : {"coup": 5, "jeu": ["B", "B", "B", "N", "N", "X", "N"], "histo": [["B", "B", "X", "B", "N", "N", "N"], ["B", "B", "X", "N", "B", "N", "N"], ["B", "B", "X", "N", "B", "N", "N"], ["B", "B", "N", "N", "B", "X", "N"], ["B", "B", "N", "N", "B", "X", "N"], ["B", "B", "N", "N", "B", "X", "N"], ["B", "B", "N", "N", "B", "X", "N"], ["B", "B", "B", "N", "N", "X", "N"], ["B", "B", "B", "N", "N", "X", "N"]]},
"2022-09-20 08:44:52.727000" : {"coup": 2, "jeu": ["N", "N", "X", "N", "B", "B", "B"], "histo": []},
"2022-09-20 09:15:49.812000" : {"coup": "Undo", "jeu": ["B", "B", "N", "X", "B", "N", "N"], "histo": [["B", "B", "X", "B", "N", "N", "N"], ["B", "B", "X", "N", "B", "N", "N"], ["B", "B", "X", "N", "B", "N", "N"], ["B", "B", "N", "X", "B", "N", "N"], ["B", "B", "N", "X", "B", "N", "N"], ["B", "B", "N", "X", "B", "N", "N"]]},
"2022-09-20 09:04:58.177000" : {"coup": "Reset", "jeu": ["B", "B", "B", "X", "N", "N", "N"], "histo": [], "prog": "def saute(i):\n    if jeu[i]==\"B\" and i<6 and jeu[i+1]==\"X\":\n        jeu[i], jeu[i+1] = \"X\", \"B\"\n    elif jeu[i]==\"B\" and i<5 and jeu[i+1]==\"N\" and jeu[i+2]==\"X\":\n        jeu[i], jeu[i+2] = \"X\", \"B\"\n    elif jeu[i]==\"N\" and i>0 and jeu[i-1]==\"X\":\n        jeu[i], jeu[i-1] = \"X\", \"N\"\n    elif jeu[i]==\"N\" and i>1 and jeu[i-1]==\"B\" and jeu[i-2]==\"X\":\n        jeu[i], jeu[i-2] = \"X\", \"N\"\ndef undo():\n    global jeu\n    list.\n    historique[list.copy]\n    \n    \n"},
"2022-09-20 08:33:27.778000" : {"coup": 5, "jeu": ["B", "B", "N", "N", "B", "X", "N"], "histo": []},
"2022-09-20 09:17:37.038000" : {"coup": "Reset", "jeu": ["B", "B", "B", "X", "N", "N", "N"], "histo": []},
"2022-09-20 08:33:07.138000" : {"coup": 5, "jeu": ["B", "N", "B", "N", "B", "X", "N"], "histo": []},
"2022-09-20 09:15:37.405000" : {"coup": "Undo", "jeu": ["B", "B", "N", "B", "X", "N", "N"], "histo": [["B", "B", "X", "B", "N", "N", "N"], ["B", "B", "X", "N", "B", "N", "N"], ["B", "B", "X", "N", "B", "N", "N"], ["B", "B", "N", "B", "X", "N", "N"], ["B", "B", "N", "B", "X", "N", "N"]]},
"2022-09-20 08:34:33.720000" : {"coup": 2, "jeu": ["B", "B", "X", "N", "B", "N", "N"], "histo": []},
"2022-09-20 09:15:41.305000" : {"coup": "Undo", "jeu": ["B", "B", "N", "B", "X", "N", "N"], "histo": [["B", "B", "X", "B", "N", "N", "N"], ["B", "B", "X", "N", "B", "N", "N"], ["B", "B", "X", "N", "B", "N", "N"], ["B", "B", "N", "B", "X", "N", "N"], ["B", "B", "N", "B", "X", "N", "N"]]},
"2022-09-20 08:33:04.428000" : {"coup": 1, "jeu": ["B", "X", "B", "N", "B", "N", "N"], "histo": []},
"2022-09-20 08:32:49.828000" : {"coup": "Undo", "jeu": ["B", "B", "B", "X", "N", "N", "N"], "histo": []},
"2022-09-20 09:15:35.157000" : {"coup": 4, "jeu": ["B", "B", "N", "B", "X", "N", "N"], "histo": [["B", "B", "X", "B", "N", "N", "N"], ["B", "B", "X", "N", "B", "N", "N"], ["B", "B", "X", "N", "B", "N", "N"], ["B", "B", "N", "B", "X", "N", "N"], ["B", "B", "N", "B", "X", "N", "N"]]},
"2022-09-20 08:44:31.353000" : {"coup": 2, "jeu": ["B", "N", "X", "N", "B", "B", "N"], "histo": []},
"2022-09-20 09:05:16" : {"coup": "Undo", "jeu": ["B", "B", "B", "X", "N", "N", "N"], "histo": [], "prog": "def saute(i):\n    if jeu[i]==\"B\" and i<6 and jeu[i+1]==\"X\":\n        jeu[i], jeu[i+1] = \"X\", \"B\"\n    elif jeu[i]==\"B\" and i<5 and jeu[i+1]==\"N\" and jeu[i+2]==\"X\":\n        jeu[i], jeu[i+2] = \"X\", \"B\"\n    elif jeu[i]==\"N\" and i>0 and jeu[i-1]==\"X\":\n        jeu[i], jeu[i-1] = \"X\", \"N\"\n    elif jeu[i]==\"N\" and i>1 and jeu[i-1]==\"B\" and jeu[i-2]==\"X\":\n        jeu[i], jeu[i-2] = \"X\", \"N\"\ndef undo():\n    global jeu\n    jeu = [\"B\", \"B\", \"B\", \"X\", \"N\", \"N\", \"N\"]\n    \n"},
"2022-09-20 08:42:16.615000" : {"coup": 2, "jeu": ["B", "B", "X", "N", "B", "N", "N"], "histo": []},
"2022-09-20 08:33:21.272000" : {"coup": 4, "jeu": ["B", "N", "B", "N", "N", "B", "X"], "histo": []},
"2022-09-20 08:35:17.028000" : {"coup": 3, "jeu": ["N", "N", "N", "X", "B", "B", "B"], "histo": []},
"2022-09-20 08:33:43.153000" : {"coup": 3, "jeu": ["B", "B", "N", "X", "B", "N", "N"], "histo": []},
"2022-09-20 08:42:02.183000" : {"coup": 1, "jeu": ["B", "X", "N", "B", "B", "N", "N"], "histo": []},
"2022-09-20 08:44:28.939000" : {"coup": 5, "jeu": ["B", "N", "B", "N", "B", "X", "N"], "histo": []},
"2022-09-20 08:41:41.486000" : {"coup": 4, "jeu": ["B", "B", "B", "N", "X", "N", "N"], "histo": []},
"2022-09-20 09:15:39.884000" : {"coup": "Undo", "jeu": ["B", "B", "N", "B", "X", "N", "N"], "histo": [["B", "B", "X", "B", "N", "N", "N"], ["B", "B", "X", "N", "B", "N", "N"], ["B", "B", "X", "N", "B", "N", "N"], ["B", "B", "N", "B", "X", "N", "N"], ["B", "B", "N", "B", "X", "N", "N"]]},
"2022-09-20 08:44:00.135000" : {"coup": 4, "jeu": ["B", "B", "B", "N", "X", "N", "N"], "histo": []},
"2022-09-20 09:14:44.022000" : {"coup": "Undo", "jeu": ["B", "B", "B", "X", "N", "N", "N"], "histo": [["B", "B", "X", "B", "N", "N", "N"]]},
"2022-09-20 08:44:23.300000" : {"coup": 4, "jeu": ["B", "B", "B", "N", "X", "N", "N"], "histo": []},
"2022-09-20 08:41:26.783000" : {"coup": 4, "jeu": ["N", "N", "N", "X", "B", "B", "B"], "histo": [], "prog": "def saute(i):\n    if jeu[i]==\"B\" and i<6 and jeu[i+1]==\"X\":\n        jeu[i], jeu[i+1] = \"X\", \"B\"\n    elif jeu[i]==\"B\" and i<5 and jeu[i+1]==\"N\" and jeu[i+2]==\"X\":\n        jeu[i], jeu[i+2] = \"X\", \"B\"\n    elif jeu[i]==\"N\" and i>0 and jeu[i-1]==\"X\":\n        jeu[i], jeu[i-1] = \"X\", \"N\"\n    elif jeu[i]==\"N\" and i>1 and jeu[i-1]==\"B\" and jeu[i-2]==\"X\":\n        jeu[i], jeu[i-2] = \"X\", \"N\"\ndef undo():\n    global jeu\n    jeu = [\"B\", \"B\", \"B\", \"X\", \"N\", \"N\", \"N\"]\n    \n"},
"2022-09-20 09:15:50.063000" : {"coup": "Undo", "jeu": ["B", "B", "N", "X", "B", "N", "N"], "histo": [["B", "B", "X", "B", "N", "N", "N"], ["B", "B", "X", "N", "B", "N", "N"], ["B", "B", "X", "N", "B", "N", "N"], ["B", "B", "N", "X", "B", "N", "N"], ["B", "B", "N", "X", "B", "N", "N"], ["B", "B", "N", "X", "B", "N", "N"]]},
"2022-09-20 08:42:26.238000" : {"coup": 5, "jeu": ["B", "N", "B", "N", "B", "X", "N"], "histo": []},
"2022-09-20 08:55:36.230000" : {"coup": "Undo", "jeu": ["N", "N", "N", "X", "B", "B"], "histo": [], "prog": "def saute(i):\n    if jeu[i]==\"B\" and i<6 and jeu[i+1]==\"X\":\n        jeu[i], jeu[i+1] = \"X\", \"B\"\n    elif jeu[i]==\"B\" and i<5 and jeu[i+1]==\"N\" and jeu[i+2]==\"X\":\n        jeu[i], jeu[i+2] = \"X\", \"B\"\n    elif jeu[i]==\"N\" and i>0 and jeu[i-1]==\"X\":\n        jeu[i], jeu[i-1] = \"X\", \"N\"\n    elif jeu[i]==\"N\" and i>1 and jeu[i-1]==\"B\" and jeu[i-2]==\"X\":\n        jeu[i], jeu[i-2] = \"X\", \"N\"\ndef undo():\n    global jeu\n    list.pop(jeu)\n    \n    \n"},
"2022-09-20 09:15:38.495000" : {"coup": "Undo", "jeu": ["B", "B", "N", "B", "X", "N", "N"], "histo": [["B", "B", "X", "B", "N", "N", "N"], ["B", "B", "X", "N", "B", "N", "N"], ["B", "B", "X", "N", "B", "N", "N"], ["B", "B", "N", "B", "X", "N", "N"], ["B", "B", "N", "B", "X", "N", "N"]]},
"2022-09-20 09:15:49.322000" : {"coup": "Undo", "jeu": ["B", "B", "N", "X", "B", "N", "N"], "histo": [["B", "B", "X", "B", "N", "N", "N"], ["B", "B", "X", "N", "B", "N", "N"], ["B", "B", "X", "N", "B", "N", "N"], ["B", "B", "N", "X", "B", "N", "N"], ["B", "B", "N", "X", "B", "N", "N"], ["B", "B", "N", "X", "B", "N", "N"]]},
"2022-09-20 08:43:41.246000" : {"coup": 0, "jeu": ["X", "N", "B", "N", "B", "N", "B"], "histo": []},
"2022-09-20 08:42:51.615000" : {"coup": 4, "jeu": ["B", "B", "B", "N", "X", "N", "N"], "histo": []},
"2022-09-20 08:35:10.068000" : {"coup": 3, "jeu": ["N", "N", "B", "X", "B", "N", "B"], "histo": []},
"2022-09-20 08:32:44.327000" : {"coup": 4, "jeu": ["B", "B", "N", "N", "X", "B", "N"], "histo": []},
"2022-09-20 08:41:42.206000" : {"coup": 2, "jeu": ["B", "B", "X", "N", "B", "N", "N"], "histo": []},
"2022-09-20 08:35:04.851000" : {"coup": 2, "jeu": ["B", "N", "X", "N", "B", "N", "B"], "histo": []},
"2022-09-20 08:57:12.321000" : {"coup": "Undo", "jeu": ["N", "N", "N", "X", "B"], "histo": [], "prog": "def saute(i):\n    if jeu[i]==\"B\" and i<6 and jeu[i+1]==\"X\":\n        jeu[i], jeu[i+1] = \"X\", \"B\"\n    elif jeu[i]==\"B\" and i<5 and jeu[i+1]==\"N\" and jeu[i+2]==\"X\":\n        jeu[i], jeu[i+2] = \"X\", \"B\"\n    elif jeu[i]==\"N\" and i>0 and jeu[i-1]==\"X\":\n        jeu[i], jeu[i-1] = \"X\", \"N\"\n    elif jeu[i]==\"N\" and i>1 and jeu[i-1]==\"B\" and jeu[i-2]==\"X\":\n        jeu[i], jeu[i-2] = \"X\", \"N\"\ndef undo():\n    global jeu\n    list.copy(jeu)\n    \n    \n"},
"2022-09-20 08:42:33.813000" : {"coup": 4, "jeu": ["B", "B", "B", "N", "X", "N", "N"], "histo": []},
"2022-09-20 08:33:40.819000" : {"coup": 2, "jeu": ["B", "B", "X", "N", "B", "N", "N"], "histo": []},
"2022-09-20 08:44:51.534000" : {"coup": 4, "jeu": ["N", "N", "B", "N", "X", "B", "B"], "histo": []},
"2022-09-20 08:43:44.964000" : {"coup": 5, "jeu": ["N", "N", "B", "N", "B", "X", "B"], "histo": []},
"2022-09-20 08:44:06.879000" : {"coup": 5, "jeu": ["B", "N", "B", "N", "B", "X", "N"], "histo": []},
"2022-09-20 08:42:30.388000" : {"coup": 6, "jeu": ["B", "N", "B", "N", "N", "B", "X"], "histo": []},
"2022-09-20 09:14:50.964000" : {"coup": "Undo", "jeu": ["B", "B", "B", "X", "N", "N", "N"], "histo": [["B", "B", "X", "B", "N", "N", "N"], ["B", "B", "X", "N", "B", "N", "N"], ["B", "B", "X", "N", "B", "N", "N"]]},
"2022-09-20 08:44:10.332000" : {"coup": "Undo", "jeu": ["B", "B", "B", "X", "N", "N", "N"], "histo": []},
"2022-09-20 08:44:47.804000" : {"coup": 0, "jeu": ["X", "N", "B", "N", "B", "N", "B"], "histo": []},
"2022-09-20 08:43:39.324000" : {"coup": 2, "jeu": ["B", "N", "X", "N", "B", "N", "B"], "histo": []},
"2022-09-20 08:43:58.799000" : {"coup": "Undo", "jeu": ["B", "B", "B", "X", "N", "N", "N"], "histo": []},
"2022-09-20 08:44:07.453000" : {"coup": 4, "jeu": ["B", "N", "B", "N", "X", "B", "N"], "histo": []},
"2022-09-20 08:33:54.800000" : {"coup": 5, "jeu": ["B", "B", "N", "B", "N", "X", "N"], "histo": []},
"2022-09-20 09:05:17.011000" : {"coup": "Reset", "jeu": ["B", "B", "B", "X", "N", "N", "N"], "histo": []},
"2022-09-20 08:55:37.365000" : {"coup": "Undo", "jeu": ["N", "N", "N", "X", "B"], "histo": []},
"2022-09-20 08:43:46.924000" : {"coup": 2, "jeu": ["N", "N", "X", "N", "B", "B", "B"], "histo": []},
"2022-09-20 08:33:50.206000" : {"coup": "Undo", "jeu": ["B", "B", "B", "X", "N", "N", "N"], "histo": []},
"2022-09-20 09:15:50.290000" : {"coup": "Undo", "jeu": ["B", "B", "N", "X", "B", "N", "N"], "histo": [["B", "B", "X", "B", "N", "N", "N"], ["B", "B", "X", "N", "B", "N", "N"], ["B", "B", "X", "N", "B", "N", "N"], ["B", "B", "N", "X", "B", "N", "N"], ["B", "B", "N", "X", "B", "N", "N"], ["B", "B", "N", "X", "B", "N", "N"]]},
"2022-09-20 08:43:28.988000" : {"coup": 2, "jeu": ["B", "B", "X", "N", "B", "N", "N"], "histo": []},
"2022-09-20 08:34:18.096000" : {"coup": "Undo", "jeu": ["B", "B", "B", "X", "N", "N", "N"], "histo": []},
"2022-09-20 08:42:05.114000" : {"coup": 0, "jeu": ["X", "N", "B", "B", "B", "N", "N"], "histo": []},
"2022-09-20 09:14:39.543000" : {"coup": "Undo", "jeu": ["B", "B", "B", "X", "N", "N", "N"], "histo": [], "prog": "def saute(i):\n    if jeu[i]==\"B\" and i<6 and jeu[i+1]==\"X\":\n        historique.append(jeu)\n        jeu[i], jeu[i+1] = \"X\", \"B\"\n    elif jeu[i]==\"B\" and i<5 and jeu[i+1]==\"N\" and jeu[i+2]==\"X\":\n        historique.append(jeu)\n        jeu[i], jeu[i+2] = \"X\", \"B\"\n    elif jeu[i]==\"N\" and i>0 and jeu[i-1]==\"X\":\n        historique.append(jeu)\n        jeu[i], jeu[i-1] = \"X\", \"N\"\n    elif jeu[i]==\"N\" and i>1 and jeu[i-1]==\"B\" and jeu[i-2]==\"X\":\n        historique.append(jeu)\n        jeu[i], jeu[i-2] = \"X\", \"N\"\ndef undo():\n    global jeu\n    \n    jeu = [\"B\", \"B\", \"B\", \"X\", \"N\", \"N\", \"N\"]\n    \n"},
"2022-09-20 08:44:22.347000" : {"coup": "Undo", "jeu": ["B", "B", "B", "X", "N", "N", "N"], "histo": []},
"2022-09-20 08:32:48.674000" : {"coup": 4, "jeu": ["B", "B", "N", "N", "N", "X", "B"], "histo": []},
"2022-09-20 08:33:00.554000" : {"coup": 4, "jeu": ["B", "B", "B", "N", "X", "N", "N"], "histo": []},
"2022-09-20 09:16:52.926000" : {"coup": "Undo", "jeu": ["B", "B", "B", "X", "N", "N", "N"], "histo": [["B", "B", "X", "B", "N", "N", "N"], ["B", "B", "X", "N", "B", "N", "N"], ["B", "B", "X", "N", "B", "N", "N"], ["B", "B", "N", "N", "B", "X", "N"], ["B", "B", "N", "N", "B", "X", "N"], ["B", "B", "N", "N", "B", "X", "N"], ["B", "B", "N", "N", "B", "X", "N"]], "prog": "def saute(i):\n    if jeu[i]==\"B\" and i<6 and jeu[i+1]==\"X\":\n        historique.append(jeu)\n        jeu[i], jeu[i+1] = \"X\", \"B\"\n    elif jeu[i]==\"B\" and i<5 and jeu[i+1]==\"N\" and jeu[i+2]==\"X\":\n        historique.append(jeu)\n        jeu[i], jeu[i+2] = \"X\", \"B\"\n    elif jeu[i]==\"N\" and i>0 and jeu[i-1]==\"X\":\n        historique.append(jeu)\n        jeu[i], jeu[i-1] = \"X\", \"N\"\n    elif jeu[i]==\"N\" and i>1 and jeu[i-1]==\"B\" and jeu[i-2]==\"X\":\n        historique.append(jeu)\n        jeu[i], jeu[i-2] = \"X\", \"N\"\ndef undo():\n    global jeu\n    \n    jeu = [\"B\", \"B\", \"B\", \"X\", \"N\", \"N\", \"N\"]\n    \n"},
"2022-09-20 08:34:06.592000" : {"coup": "Undo", "jeu": ["B", "B", "B", "X", "N", "N", "N"], "histo": []},
"2022-09-20 08:33:23.761000" : {"coup": 4, "jeu": ["B", "B", "B", "N", "X", "N", "N"], "histo": []},
"2022-09-20 09:05:22.552000" : {"coup": 3, "jeu": ["B", "N", "B", "X", "B", "N", "N"], "histo": []},
"2022-09-20 08:44:36.347000" : {"coup": 2, "jeu": ["B", "B", "X", "N", "B", "N", "N"], "histo": []},
"2022-09-20 08:44:37.829000" : {"coup": 1, "jeu": ["B", "X", "B", "N", "B", "N", "N"], "histo": []},
"2022-09-20 08:43:45.463000" : {"coup": 4, "jeu": ["N", "N", "B", "N", "X", "B", "B"], "histo": []},
"2022-09-20 08:33:55.681000" : {"coup": 3, "jeu": ["B", "B", "N", "X", "N", "B", "N"], "histo": []},
"2022-09-20 08:32:36.592000" : {"coup": 4, "jeu": ["B", "B", "B", "N", "X", "N", "N"], "histo": []},
"2022-09-20 08:33:43.753000" : {"coup": 1, "jeu": ["B", "X", "N", "B", "B", "N", "N"], "histo": []},
"2022-09-20 09:05:22.090000" : {"coup": 1, "jeu": ["B", "X", "B", "N", "B", "N", "N"], "histo": []},
"2022-09-20 08:42:24.983000" : {"coup": 3, "jeu": ["B", "N", "B", "X", "B", "N", "N"], "histo": []},
"2022-09-20 08:43:47.480000" : {"coup": 3, "jeu": ["N", "N", "N", "X", "B", "B", "B"], "histo": []},
"2022-09-20 08:44:34.026000" : {"coup": "Undo", "jeu": ["B", "B", "B", "X", "N", "N", "N"], "histo": []},
"2022-09-20 09:14:49.373000" : {"coup": 4, "jeu": ["B", "B", "B", "N", "X", "N", "N"], "histo": [["B", "B", "X", "B", "N", "N", "N"], ["B", "B", "B", "N", "X", "N", "N"]]},
"2022-09-20 08:32:48.297000" : {"coup": 5, "jeu": ["B", "B", "N", "N", "N", "X", "B"], "histo": []},
"2022-09-20 08:44:05.271000" : {"coup": 3, "jeu": ["B", "N", "B", "X", "B", "N", "N"], "histo": []},
"2022-09-20 08:42:52.977000" : {"coup": 2, "jeu": ["B", "B", "X", "N", "B", "N", "N"], "histo": []},
"2022-09-20 08:33:17.018000" : {"coup": 6, "jeu": ["B", "N", "B", "N", "N", "B", "X"], "histo": []},
"2022-09-20 08:35:14.122000" : {"coup": 5, "jeu": ["N", "N", "B", "N", "B", "X", "B"], "histo": []},
"2022-09-20 09:05:19.472000" : {"coup": 2, "jeu": ["B", "B", "X", "N", "B", "N", "N"], "histo": []},
"2022-09-20 08:44:53.831000" : {"coup": 3, "jeu": ["N", "N", "N", "X", "B", "B", "B"], "histo": []},
"2022-09-20 08:42:50.394000" : {"coup": "Undo", "jeu": ["B", "B", "B", "X", "N", "N", "N"], "histo": []},
"2022-09-20 08:34:19.840000" : {"coup": 2, "jeu": ["B", "B", "X", "N", "B", "N", "N"], "histo": []},
"2022-09-20 08:35:01.789000" : {"coup": 6, "jeu": ["B", "N", "B", "N", "B", "N", "X"], "histo": []},
"2022-09-20 08:34:16.490000" : {"coup": 5, "jeu": ["B", "B", "N", "N", "B", "X", "N"], "histo": []},
"2022-09-20 08:34:29.290000" : {"coup": 3, "jeu": ["B", "B", "N", "X", "B", "N", "N"], "histo": []},
"2022-09-20 08:44:30.227000" : {"coup": 4, "jeu": ["B", "N", "B", "N", "X", "B", "N"], "histo": []},
"2022-09-20 08:42:38.164000" : {"coup": 3, "jeu": ["B", "B", "N", "X", "B", "N", "N"], "histo": []},
"2022-09-20 09:16:56.142000" : {"coup": 4, "jeu": ["B", "B", "B", "N", "X", "N", "N"], "histo": [["B", "B", "X", "B", "N", "N", "N"], ["B", "B", "X", "N", "B", "N", "N"], ["B", "B", "X", "N", "B", "N", "N"], ["B", "B", "N", "N", "B", "X", "N"], ["B", "B", "N", "N", "B", "X", "N"], ["B", "B", "N", "N", "B", "X", "N"], ["B", "B", "N", "N", "B", "X", "N"], ["B", "B", "B", "N", "X", "N", "N"]]},
"2022-09-20 08:42:34.746000" : {"coup": 2, "jeu": ["B", "B", "X", "N", "B", "N", "N"], "histo": []},
"2022-09-20 08:44:34.843000" : {"coup": 4, "jeu": ["B", "B", "B", "N", "X", "N", "N"], "histo": []},
"2022-09-20 08:33:24.462000" : {"coup": 2, "jeu": ["B", "B", "X", "N", "B", "N", "N"], "histo": []},
"2022-09-20 08:32:39.509000" : {"coup": 2, "jeu": ["B", "B", "X", "N", "B", "N", "N"], "histo": []},
"2022-09-20 08:33:36.629000" : {"coup": "Undo", "jeu": ["B", "B", "B", "X", "N", "N", "N"], "histo": []},
"2022-09-20 08:44:48.813000" : {"coup": 1, "jeu": ["N", "X", "B", "N", "B", "N", "B"], "histo": []},
"2022-09-20 09:16:42.116000" : {"coup": 5, "jeu": ["B", "B", "N", "N", "B", "X", "N"], "histo": [["B", "B", "X", "B", "N", "N", "N"], ["B", "B", "X", "N", "B", "N", "N"], ["B", "B", "X", "N", "B", "N", "N"], ["B", "B", "N", "N", "B", "X", "N"], ["B", "B", "N", "N", "B", "X", "N"], ["B", "B", "N", "N", "B", "X", "N"], ["B", "B", "N", "N", "B", "X", "N"]], "prog": "def saute(i):\n    if jeu[i]==\"B\" and i<6 and jeu[i+1]==\"X\":\n        historique.append(jeu)\n        jeu[i], jeu[i+1] = \"X\", \"B\"\n    elif jeu[i]==\"B\" and i<5 and jeu[i+1]==\"N\" and jeu[i+2]==\"X\":\n        historique.append(jeu)\n        jeu[i], jeu[i+2] = \"X\", \"B\"\n    elif jeu[i]==\"N\" and i>0 and jeu[i-1]==\"X\":\n        historique.append(jeu)\n        jeu[i], jeu[i-1] = \"X\", \"N\"\n    elif jeu[i]==\"N\" and i>1 and jeu[i-1]==\"B\" and jeu[i-2]==\"X\":\n        historique.append(jeu)\n        jeu[i], jeu[i-2] = \"X\", \"N\"\ndef undo():\n    global jeu\n    jeu = historique[n-1]\n"},
"2022-09-20 08:44:08.273000" : {"coup": 6, "jeu": ["B", "N", "B", "N", "N", "B", "X"], "histo": []},
"2022-09-20 08:34:35.504000" : {"coup": 3, "jeu": ["B", "B", "N", "X", "B", "N", "N"], "histo": []},
"2022-09-20 08:34:47.392000" : {"coup": 2, "jeu": ["B", "B", "X", "N", "B", "N", "N"], "histo": []},
"2022-09-20 08:34:01.603000" : {"coup": 0, "jeu": ["X", "N", "B", "B", "N", "B", "N"], "histo": []},
"2022-09-20 08:43:10.921000" : {"coup": 4, "jeu": ["B", "B", "B", "N", "X", "N", "N"], "histo": []},
"2022-09-20 08:41:43.734000" : {"coup": 3, "jeu": ["B", "B", "N", "X", "B", "N", "N"], "histo": []},
"2022-09-20 08:35:15.121000" : {"coup": 4, "jeu": ["N", "N", "B", "N", "X", "B", "B"], "histo": []},
"2022-09-20 09:15:40.460000" : {"coup": "Undo", "jeu": ["B", "B", "N", "B", "X", "N", "N"], "histo": [["B", "B", "X", "B", "N", "N", "N"], ["B", "B", "X", "N", "B", "N", "N"], ["B", "B", "X", "N", "B", "N", "N"], ["B", "B", "N", "B", "X", "N", "N"], ["B", "B", "N", "B", "X", "N", "N"]]},
"2022-09-20 08:34:45.055000" : {"coup": "Undo", "jeu": ["B", "B", "B", "X", "N", "N", "N"], "histo": []},
"2022-09-20 08:33:51.304000" : {"coup": 2, "jeu": ["B", "B", "X", "B", "N", "N", "N"], "histo": []},
"2022-09-20 08:41:50.391000" : {"coup": 3, "jeu": ["B", "B", "N", "X", "B", "N", "N"], "histo": []},
"2022-09-20 08:44:24.316000" : {"coup": 2, "jeu": ["B", "B", "X", "N", "B", "N", "N"], "histo": []},
"2022-09-20 08:35:16.402000" : {"coup": 2, "jeu": ["N", "N", "X", "N", "B", "B", "B"], "histo": []},
"2022-09-20 08:44:46.211000" : {"coup": 2, "jeu": ["B", "N", "X", "N", "B", "N", "B"], "histo": []},
"2022-09-20 08:42:04.167000" : {"coup": 2, "jeu": ["B", "N", "X", "B", "B", "N", "N"], "histo": []},
"2022-09-20 08:33:30.376000" : {"coup": 4, "jeu": ["B", "B", "N", "N", "X", "B", "N"], "histo": []},
"2022-09-20 08:44:44.239000" : {"coup": 6, "jeu": ["B", "N", "B", "N", "B", "N", "X"], "histo": []},
"2022-09-20 08:44:25.523000" : {"coup": 1, "jeu": ["B", "X", "B", "N", "B", "N", "N"], "histo": []},
"2022-09-20 09:16:54.376000" : {"coup": "Undo", "jeu": ["B", "B", "B", "X", "N", "N", "N"], "histo": [["B", "B", "X", "B", "N", "N", "N"], ["B", "B", "X", "N", "B", "N", "N"], ["B", "B", "X", "N", "B", "N", "N"], ["B", "B", "N", "N", "B", "X", "N"], ["B", "B", "N", "N", "B", "X", "N"], ["B", "B", "N", "N", "B", "X", "N"], ["B", "B", "N", "N", "B", "X", "N"]]},
"2022-09-20 08:35:08.043000" : {"coup": 0, "jeu": ["X", "N", "B", "N", "B", "N", "B"], "histo": []},
"2022-09-20 08:33:09.455000" : {"coup": 4, "jeu": ["B", "N", "B", "N", "X", "B", "N"], "histo": []},
"2022-09-20 09:15:39.208000" : {"coup": "Undo", "jeu": ["B", "B", "N", "B", "X", "N", "N"], "histo": [["B", "B", "X", "B", "N", "N", "N"], ["B", "B", "X", "N", "B", "N", "N"], ["B", "B", "X", "N", "B", "N", "N"], ["B", "B", "N", "B", "X", "N", "N"], ["B", "B", "N", "B", "X", "N", "N"]]},
"2022-09-20 08:43:38.383000" : {"coup": 4, "jeu": ["B", "N", "B", "N", "X", "N", "B"], "histo": []},
"2022-09-20 08:34:13.139000" : {"coup": 3, "jeu": ["B", "B", "N", "X", "B", "N", "N"], "histo": []},
"2022-09-20 08:34:08.665000" : {"coup": 4, "jeu": ["B", "B", "B", "N", "X", "N", "N"], "histo": []},
"2022-09-20 08:43:32.949000" : {"coup": 1, "jeu": ["B", "X", "B", "N", "B", "N", "N"], "histo": []},
"2022-09-20 08:32:41.060000" : {"coup": 3, "jeu": ["B", "B", "N", "X", "B", "N", "N"], "histo": []},
"2022-09-20 08:44:49.809000" : {"coup": 3, "jeu": ["N", "N", "B", "X", "B", "N", "B"], "histo": []},
"2022-09-20 08:43:36.190000" : {"coup": 5, "jeu": ["B", "N", "B", "N", "B", "X", "N"], "histo": []},
"2022-09-20 08:33:26.956000" : {"coup": 3, "jeu": ["B", "B", "N", "X", "B", "N", "N"], "histo": []},
"2022-09-20 08:41:40.058000" : {"coup": "Undo", "jeu": ["B", "B", "B", "X", "N", "N", "N"], "histo": []},
"2022-09-20 08:34:41.696000" : {"coup": 5, "jeu": ["B", "B", "N", "N", "B", "X", "N"], "histo": []},
"2022-09-20 09:15:49.558000" : {"coup": "Undo", "jeu": ["B", "B", "N", "X", "B", "N", "N"], "histo": [["B", "B", "X", "B", "N", "N", "N"], ["B", "B", "X", "N", "B", "N", "N"], ["B", "B", "X", "N", "B", "N", "N"], ["B", "B", "N", "X", "B", "N", "N"], ["B", "B", "N", "X", "B", "N", "N"], ["B", "B", "N", "X", "B", "N", "N"]]},
"2022-09-20 08:33:01.525000" : {"coup": 2, "jeu": ["B", "B", "X", "N", "B", "N", "N"], "histo": []},
"2022-09-20 08:44:12.030000" : {"coup": 2, "jeu": ["B", "B", "X", "N", "B", "N", "N"], "histo": []},
"2022-09-20 09:05:23.919000" : {"coup": 5, "jeu": ["B", "N", "B", "N", "B", "X", "N"], "histo": []},
"2022-09-20 08:42:33.090000" : {"coup": "Undo", "jeu": ["B", "B", "B", "X", "N", "N", "N"], "histo": []},
"2022-09-20 08:41:47.350000" : {"coup": 4, "jeu": ["B", "B", "B", "N", "X", "N", "N"], "histo": []},
"2022-09-20 08:33:57.821000" : {"coup": 1, "jeu": ["B", "X", "N", "B", "N", "B", "N"], "histo": []},
"2022-09-20 08:44:00.854000" : {"coup": 2, "jeu": ["B", "B", "X", "N", "B", "N", "N"], "histo": []},
"2022-09-20 08:44:26.331000" : {"coup": 3, "jeu": ["B", "N", "B", "X", "B", "N", "N"], "histo": []},
"2022-09-20 09:15:48.872000" : {"coup": "Undo", "jeu": ["B", "B", "N", "X", "B", "N", "N"], "histo": [["B", "B", "X", "B", "N", "N", "N"], ["B", "B", "X", "N", "B", "N", "N"], ["B", "B", "X", "N", "B", "N", "N"], ["B", "B", "N", "X", "B", "N", "N"], ["B", "B", "N", "X", "B", "N", "N"], ["B", "B", "N", "X", "B", "N", "N"]]},
"2022-09-20 09:15:36.358000" : {"coup": "Undo", "jeu": ["B", "B", "N", "B", "X", "N", "N"], "histo": [["B", "B", "X", "B", "N", "N", "N"], ["B", "B", "X", "N", "B", "N", "N"], ["B", "B", "X", "N", "B", "N", "N"], ["B", "B", "N", "B", "X", "N", "N"], ["B", "B", "N", "B", "X", "N", "N"]]},
"2022-09-20 08:42:08.339000" : {"coup": 4, "jeu": ["B", "B", "B", "N", "X", "N", "N"], "histo": []},
"2022-09-20 09:15:40.845000" : {"coup": "Undo", "jeu": ["B", "B", "N", "B", "X", "N", "N"], "histo": [["B", "B", "X", "B", "N", "N", "N"], ["B", "B", "X", "N", "B", "N", "N"], ["B", "B", "X", "N", "B", "N", "N"], ["B", "B", "N", "B", "X", "N", "N"], ["B", "B", "N", "B", "X", "N", "N"]]},
"2022-09-20 08:34:31.753000" : {"coup": "Undo", "jeu": ["B", "B", "B", "X", "N", "N", "N"], "histo": []},
"2022-09-20 08:44:04.721000" : {"coup": 1, "jeu": ["B", "X", "B", "N", "B", "N", "N"], "histo": []},
"2022-09-20 09:15:41.080000" : {"coup": "Undo", "jeu": ["B", "B", "N", "B", "X", "N", "N"], "histo": [["B", "B", "X", "B", "N", "N", "N"], ["B", "B", "X", "N", "B", "N", "N"], ["B", "B", "X", "N", "B", "N", "N"], ["B", "B", "N", "B", "X", "N", "N"], ["B", "B", "N", "B", "X", "N", "N"]]},
"2022-09-20 08:42:24.359000" : {"coup": 1, "jeu": ["B", "X", "B", "N", "B", "N", "N"], "histo": []},
"2022-09-20 09:17:35.784000" : {"coup": "Reset", "jeu": ["B", "B", "B", "X", "N", "N", "N"], "histo": [], "prog": "def saute(i):\n    if jeu[i]==\"B\" and i<6 and jeu[i+1]==\"X\":\n        historique.append(jeu.copy)\n        jeu[i], jeu[i+1] = \"X\", \"B\"\n    elif jeu[i]==\"B\" and i<5 and jeu[i+1]==\"N\" and jeu[i+2]==\"X\":\n        historique.append(jeu.copy)\n        jeu[i], jeu[i+2] = \"X\", \"B\"\n    elif jeu[i]==\"N\" and i>0 and jeu[i-1]==\"X\":\n        historique.append(jeu.copy)\n        jeu[i], jeu[i-1] = \"X\", \"N\"\n    elif jeu[i]==\"N\" and i>1 and jeu[i-1]==\"B\" and jeu[i-2]==\"X\":\n        historique.append(jeu)\n        jeu[i], jeu[i-2] = \"X\", \"N\"\ndef undo():\n    global jeu\n    \n    jeu = [\"B\", \"B\", \"B\", \"X\", \"N\", \"N\", \"N\"]\n    \n"},
"2022-09-20 08:34:50.096000" : {"coup": 3, "jeu": ["B", "N", "B", "X", "B", "N", "N"], "histo": []},
"2022-09-20 08:34:45.885000" : {"coup": 4, "jeu": ["B", "B", "B", "N", "X", "N", "N"], "histo": []},
"2022-09-20 08:35:09" : {"coup": 1, "jeu": ["N", "X", "B", "N", "B", "N", "B"], "histo": []},
"2022-09-20 08:43:34.059000" : {"coup": 3, "jeu": ["B", "N", "B", "X", "B", "N", "N"], "histo": []},
"2022-09-20 08:44:41.769000" : {"coup": 5, "jeu": ["B", "N", "B", "N", "B", "X", "N"], "histo": []},
"2022-09-20 08:34:19.001000" : {"coup": 4, "jeu": ["B", "B", "B", "N", "X", "N", "N"], "histo": []},
"2022-09-20 08:43:05.934000" : {"coup": "Undo", "jeu": ["B", "B", "B", "X", "N", "N", "N"], "histo": []},
"2022-09-20 09:14:49.908000" : {"coup": 2, "jeu": ["B", "B", "X", "N", "B", "N", "N"], "histo": [["B", "B", "X", "B", "N", "N", "N"], ["B", "B", "X", "N", "B", "N", "N"], ["B", "B", "X", "N", "B", "N", "N"]]}
}