{
"2022-09-20 09:57:17.907000" : {"coup": 2, "jeu": ["B", "B", "X", "B", "N", "N", "N"], "histo": ["jeu[3], jeu[2] = \"X\", \"B\""]},
"2022-09-20 09:57:08.493000" : {"coup": 4, "jeu": ["B", "B", "B", "N", "X", "N", "N"], "histo": ["jeu[3], jeu[4] = \"X\", \"N\""]},
"2022-09-20 09:48:04.804000" : {"coup": 2, "jeu": ["B", "B", "X", "B", "N", "N", "N"], "histo": []},
"2022-09-20 09:46:57.958000" : {"coup": "Load", "jeu": ["B", "B", "B", "X", "N", "N", "N"], "histo": []},
"2022-09-20 09:57:28.354000" : {"coup": 4, "jeu": ["B", "B", "N", "N", "X", "B", "N"], "histo": ["jeu[3], jeu[2] = \"X\", \"B\"", "jeu[2], jeu[4] = \"X\", \"N\"", "jeu[4], jeu[3] = \"X\", \"B\"", "jeu[3], jeu[5] = \"X\", \"N\"", "jeu[5], jeu[4] = \"X\", \"B\""]},
"2022-09-20 09:48:35.368000" : {"coup": 2, "jeu": ["B", "B", "X", "B", "N", "N", "N"], "histo": [], "prog": "def saute(i):\n    if jeu[i]==\"B\" and i<6 and jeu[i+1]==\"X\":\n        jeu[i], jeu[i+1] = \"X\", \"B\"\n    elif jeu[i]==\"B\" and i<5 and jeu[i+1]==\"N\" and jeu[i+2]==\"X\":\n        jeu[i], jeu[i+2] = \"X\", \"B\"\n    elif jeu[i]==\"N\" and i>0 and jeu[i-1]==\"X\":\n        jeu[i], jeu[i-1] = \"X\", \"N\"\n    elif jeu[i]==\"N\" and i>1 and jeu[i-1]==\"B\" and jeu[i-2]==\"X\":\n        jeu[i], jeu[i-2] = \"X\", \"N\"\n\ndef undo():\n    global jeu\n    jeu = [\"B\", \"B\", \"B\", \"X\", \"N\", \"N\", \"N\"]\n    \n"},
"2022-09-20 09:57:24.479000" : {"coup": 4, "jeu": ["B", "B", "N", "B", "X", "N", "N"], "histo": ["jeu[3], jeu[2] = \"X\", \"B\"", "jeu[2], jeu[4] = \"X\", \"N\""]},
"2022-09-20 09:47:53.797000" : {"coup": "Undo", "jeu": ["B", "B", "B", "X", "N", "N", "N"], "histo": []},
"2022-09-20 09:49:31.676000" : {"coup": 2, "jeu": ["B", "B", "X", "B", "N", "N", "N"], "histo": []},
"2022-09-20 09:54:03.224000" : {"coup": 2, "jeu": ["B", "B", "X", "B", "N", "N", "N"], "histo": ["jeu[3], jeu[2] = \"X\", \"B\""], "prog": "def saute(i):\n    if jeu[i]==\"B\" and i<6 and jeu[i+1]==\"X\":\n        jeu[i], jeu[i+1] = \"X\", \"B\"\n        historique.append(f'jeu[{i+1}], jeu[{i}] = \"X\", \"B\"')\n    elif jeu[i]==\"B\" and i<5 and jeu[i+1]==\"N\" and jeu[i+2]==\"X\":\n        jeu[i], jeu[i+2] = \"X\", \"B\"\n    elif jeu[i]==\"N\" and i>0 and jeu[i-1]==\"X\":\n        jeu[i], jeu[i-1] = \"X\", \"N\"\n    elif jeu[i]==\"N\" and i>1 and jeu[i-1]==\"B\" and jeu[i-2]==\"X\":\n        jeu[i], jeu[i-2] = \"X\", \"N\"\n\ndef undo():\n    if historique:\n        exec(historique[-1])\n    \n"},
"2022-09-20 09:48:52.510000" : {"coup": 2, "jeu": ["B", "B", "X", "B", "N", "N", "N"], "histo": []},
"2022-09-20 09:48:00.432000" : {"coup": 2, "jeu": ["B", "B", "X", "B", "N", "N", "N"], "histo": []},
"2022-09-20 09:48:01.059000" : {"coup": 1, "jeu": ["B", "X", "B", "B", "N", "N", "N"], "histo": []},
"2022-09-20 09:48:02.715000" : {"coup": "Reset", "jeu": ["B", "B", "B", "X", "N", "N", "N"], "histo": []},
"2022-09-20 09:47:41.926000" : {"coup": 4, "jeu": ["B", "B", "N", "B", "X", "N", "N"], "histo": []},
"2022-09-20 09:57:29.836000" : {"coup": "Undo", "jeu": ["B", "B", "N", "N", "B", "X", "N"], "histo": ["jeu[3], jeu[2] = \"X\", \"B\"", "jeu[2], jeu[4] = \"X\", \"N\"", "jeu[4], jeu[3] = \"X\", \"B\"", "jeu[3], jeu[5] = \"X\", \"N\""]},
"2022-09-20 09:54:04.383000" : {"coup": 3, "jeu": ["B", "B", "X", "B", "N", "N", "N"], "histo": ["jeu[3], jeu[2] = \"X\", \"B\""]},
"2022-09-20 09:49:00.392000" : {"coup": 3, "jeu": ["B", "B", "N", "X", "B", "N", "N"], "histo": []},
"2022-09-20 09:56:33.768000" : {"coup": "Reset", "jeu": ["B", "B", "B", "X", "N", "N", "N"], "histo": [], "prog": "def saute(i):\n    if jeu[i]==\"B\" and i<6 and jeu[i+1]==\"X\":\n        jeu[i], jeu[i+1] = \"X\", \"B\"\n        historique.append(f'jeu[{i+1}], jeu[{i}] = \"X\", \"B\"')\n    elif jeu[i]==\"B\" and i<5 and jeu[i+1]==\"N\" and jeu[i+2]==\"X\":\n        jeu[i], jeu[i+2] = \"X\", \"B\"\n        historique.append(f'jeu[{i+2}], jeu[{i}] = \"X\", \"B\"')\n    elif jeu[i]==\"N\" and i>0 and jeu[i-1]==\"X\":\n        jeu[i], jeu[i-1] = \"X\", \"N\"\n        historique.append(f'jeu[{i-1}], jeu[{i}] = \"X\", \"N\"')\n    elif jeu[i]==\"N\" and i>1 and jeu[i-1]==\"B\" and jeu[i-2]==\"X\":\n        jeu[i], jeu[i-2] = \"X\", \"N\"\n        historique.append(f'jeu[{i-2}], jeu[{i}] = \"X\", \"N\"')\n\ndef undo():\n    if historique:\n        exec(historique[-1])\n    \n"},
"2022-09-20 09:57:13.846000" : {"coup": "Undo", "jeu": ["B", "B", "B", "X", "N", "N", "N"], "histo": []},
"2022-09-20 09:57:11.269000" : {"coup": "Undo", "jeu": ["B", "B", "B", "X", "N", "N", "N"], "histo": []},
"2022-09-20 09:57:19.332000" : {"coup": 4, "jeu": ["B", "B", "N", "B", "X", "N", "N"], "histo": ["jeu[3], jeu[2] = \"X\", \"B\"", "jeu[2], jeu[4] = \"X\", \"N\""]},
"2022-09-20 09:48:07.012000" : {"coup": "Undo", "jeu": ["B", "B", "B", "X", "N", "N", "N"], "histo": []},
"2022-09-20 09:49:42.004000" : {"coup": 5, "jeu": ["B", "B", "N", "B", "N", "X", "N"], "histo": []},
"2022-09-20 09:48:41.900000" : {"coup": 1, "jeu": ["B", "X", "N", "B", "B", "N", "N"], "histo": []},
"2022-09-20 09:57:26.071000" : {"coup": 3, "jeu": ["B", "B", "N", "X", "B", "N", "N"], "histo": ["jeu[3], jeu[2] = \"X\", \"B\"", "jeu[2], jeu[4] = \"X\", \"N\"", "jeu[4], jeu[3] = \"X\", \"B\""]},
"2022-09-20 09:49:20.089000" : {"coup": "Reset", "jeu": ["B", "B", "B", "X", "N", "N", "N"], "histo": []},
"2022-09-20 09:48:38.117000" : {"coup": 4, "jeu": ["B", "B", "N", "B", "X", "N", "N"], "histo": []},
"2022-09-20 09:57:31.145000" : {"coup": "Undo", "jeu": ["B", "B", "N", "X", "B", "N", "N"], "histo": ["jeu[3], jeu[2] = \"X\", \"B\"", "jeu[2], jeu[4] = \"X\", \"N\"", "jeu[4], jeu[3] = \"X\", \"B\""]},
"2022-09-20 09:57:27.450000" : {"coup": 5, "jeu": ["B", "B", "N", "N", "B", "X", "N"], "histo": ["jeu[3], jeu[2] = \"X\", \"B\"", "jeu[2], jeu[4] = \"X\", \"N\"", "jeu[4], jeu[3] = \"X\", \"B\"", "jeu[3], jeu[5] = \"X\", \"N\""]},
"2022-09-20 09:49:19.181000" : {"coup": 2, "jeu": ["B", "B", "N", "N", "X", "B", "N"], "histo": []},
"2022-09-20 09:49:32.904000" : {"coup": 4, "jeu": ["B", "B", "N", "B", "X", "N", "N"], "histo": []},
"2022-09-20 09:48:55.396000" : {"coup": 4, "jeu": ["B", "B", "N", "B", "X", "N", "N"], "histo": []},
"2022-09-20 09:48:05.618000" : {"coup": 4, "jeu": ["B", "B", "N", "B", "X", "N", "N"], "histo": []},
"2022-09-20 09:50:05.660000" : {"coup": 0, "jeu": ["X", "N", "B", "B", "N", "B", "N"], "histo": []},
"2022-09-20 09:49:56.003000" : {"coup": 2, "jeu": ["B", "N", "X", "B", "N", "B", "N"], "histo": []},
"2022-09-20 09:54:10.586000" : {"coup": "Undo", "jeu": ["B", "B", "B", "X", "N", "N", "N"], "histo": ["jeu[3], jeu[2] = \"X\", \"B\""]},
"2022-09-20 09:57:20.648000" : {"coup": "Undo", "jeu": ["B", "B", "X", "B", "N", "N", "N"], "histo": ["jeu[3], jeu[2] = \"X\", \"B\""]},
"2022-09-20 09:56:35.183000" : {"coup": "Reset", "jeu": ["B", "B", "B", "X", "N", "N", "N"], "histo": []},
"2022-09-20 09:48:04.460000" : {"coup": 1, "jeu": ["B", "B", "B", "X", "N", "N", "N"], "histo": []},
"2022-09-20 09:50:10.113000" : {"coup": "Reset", "jeu": ["B", "B", "B", "X", "N", "N", "N"], "histo": []},
"2022-09-20 09:47:51.301000" : {"coup": 4, "jeu": ["B", "B", "N", "N", "N", "B", "X"], "histo": []},
"2022-09-20 09:57:33.659000" : {"coup": "Undo", "jeu": ["B", "B", "B", "X", "N", "N", "N"], "histo": []},
"2022-09-20 09:49:51.828000" : {"coup": 1, "jeu": ["B", "X", "N", "B", "N", "B", "N"], "histo": []},
"2022-09-20 09:57:03.617000" : {"coup": 3, "jeu": ["B", "B", "X", "B", "N", "N", "N"], "histo": ["jeu[3], jeu[2] = \"X\", \"B\""]},
"2022-09-20 09:57:32.235000" : {"coup": "Undo", "jeu": ["B", "B", "N", "B", "X", "N", "N"], "histo": ["jeu[3], jeu[2] = \"X\", \"B\"", "jeu[2], jeu[4] = \"X\", \"N\""]},
"2022-09-20 09:49:48.421000" : {"coup": 3, "jeu": ["B", "B", "N", "X", "N", "B", "N"], "histo": []},
"2022-09-20 09:47:43.493000" : {"coup": 3, "jeu": ["B", "B", "N", "X", "B", "N", "N"], "histo": []},
"2022-09-20 09:57:02.197000" : {"coup": 2, "jeu": ["B", "B", "X", "B", "N", "N", "N"], "histo": ["jeu[3], jeu[2] = \"X\", \"B\""], "prog": "def saute(i):\n    if jeu[i]==\"B\" and i<6 and jeu[i+1]==\"X\":\n        jeu[i], jeu[i+1] = \"X\", \"B\"\n        historique.append(f'jeu[{i+1}], jeu[{i}] = \"X\", \"B\"')\n    elif jeu[i]==\"B\" and i<5 and jeu[i+1]==\"N\" and jeu[i+2]==\"X\":\n        jeu[i], jeu[i+2] = \"X\", \"B\"\n        historique.append(f'jeu[{i+2}], jeu[{i}] = \"X\", \"B\"')\n    elif jeu[i]==\"N\" and i>0 and jeu[i-1]==\"X\":\n        jeu[i], jeu[i-1] = \"X\", \"N\"\n        historique.append(f'jeu[{i-1}], jeu[{i}] = \"X\", \"N\"')\n    elif jeu[i]==\"N\" and i>1 and jeu[i-1]==\"B\" and jeu[i-2]==\"X\":\n        jeu[i], jeu[i-2] = \"X\", \"N\"\n        historique.append(f'jeu[{i-2}], jeu[{i}] = \"X\", \"N\"')\n\ndef undo():\n    if historique:\n        exec(historique.pop(-1))\n        \n    \n"},
"2022-09-20 09:57:07.109000" : {"coup": "Undo", "jeu": ["B", "B", "B", "X", "N", "N", "N"], "histo": []},
"2022-09-20 09:49:18.022000" : {"coup": 4, "jeu": ["B", "B", "N", "N", "X", "B", "N"], "histo": []},
"2022-09-20 09:47:36.890000" : {"coup": 4, "jeu": ["B", "B", "N", "B", "X", "N", "N"], "histo": []},
"2022-09-20 09:57:33.092000" : {"coup": "Undo", "jeu": ["B", "B", "X", "B", "N", "N", "N"], "histo": ["jeu[3], jeu[2] = \"X\", \"B\""]},
"2022-09-20 09:47:48.708000" : {"coup": 4, "jeu": ["B", "B", "N", "N", "X", "B", "N"], "histo": []},
"2022-09-20 09:47:49.861000" : {"coup": 6, "jeu": ["B", "B", "N", "N", "N", "B", "X"], "histo": []},
"2022-09-20 09:49:13.351000" : {"coup": 5, "jeu": ["B", "B", "N", "N", "B", "X", "N"], "histo": []},
"2022-09-20 09:57:12.627000" : {"coup": 4, "jeu": ["B", "B", "B", "N", "X", "N", "N"], "histo": ["jeu[3], jeu[4] = \"X\", \"N\""]},
"2022-09-20 09:48:38.932000" : {"coup": 3, "jeu": ["B", "B", "N", "X", "B", "N", "N"], "histo": []},
"2022-09-20 09:48:04.183000" : {"coup": 1, "jeu": ["B", "B", "B", "X", "N", "N", "N"], "histo": []},
"2022-09-20 09:57:21.700000" : {"coup": "Undo", "jeu": ["B", "B", "B", "X", "N", "N", "N"], "histo": []},
"2022-09-20 09:57:23.539000" : {"coup": 2, "jeu": ["B", "B", "X", "B", "N", "N", "N"], "histo": ["jeu[3], jeu[2] = \"X\", \"B\""]},
"2022-09-20 09:47:35.495000" : {"coup": 2, "jeu": ["B", "B", "X", "B", "N", "N", "N"], "histo": [], "prog": "def saute(i):\n    if jeu[i]==\"B\" and i<6 and jeu[i+1]==\"X\":\n        jeu[i], jeu[i+1] = \"X\", \"B\"\n    elif jeu[i]==\"B\" and i<5 and jeu[i+1]==\"N\" and jeu[i+2]==\"X\":\n        jeu[i], jeu[i+2] = \"X\", \"B\"\n    elif jeu[i]==\"N\" and i>0 and jeu[i-1]==\"X\":\n        jeu[i], jeu[i-1] = \"X\", \"N\"\n    elif jeu[i]==\"N\" and i>1 and jeu[i-1]==\"B\" and jeu[i-2]==\"X\":\n        jeu[i], jeu[i-2] = \"X\", \"N\"\n\ndef undo():\n    global jeu\n    jeu = [\"B\", \"B\", \"B\", \"X\", \"N\", \"N\", \"N\"]\n"},
"2022-09-20 09:47:56.955000" : {"coup": "Undo", "jeu": ["B", "B", "B", "X", "N", "N", "N"], "histo": []},
"2022-09-20 09:47:51.966000" : {"coup": 5, "jeu": ["B", "B", "N", "N", "N", "X", "B"], "histo": []},
"2022-09-20 09:47:44.772000" : {"coup": 5, "jeu": ["B", "B", "N", "N", "B", "X", "N"], "histo": []},
"2022-09-20 09:48:46.202000" : {"coup": "Reset", "jeu": ["B", "B", "B", "X", "N", "N", "N"], "histo": []}
}