{
"2022-09-20 09:51:29.791000" : {"coup": 5, "jeu": ["B", "B", "N", "N", "N", "X", "B"], "histo": []},
"2022-09-20 09:54:44.149000" : {"coup": 5, "jeu": ["B", "B", "N", "B", "N", "X", "N"], "histo": []},
"2022-09-20 10:25:56.118000" : {"coup": 2, "jeu": ["B", "N", "X", "B", "B", "N", "N"], "histo": [["B", "B", "B", "X", "N", "N", "N"], ["B", "B", "X", "B", "N", "N", "N"], ["B", "B", "N", "B", "X", "N", "N"], ["B", "B", "N", "X", "B", "N", "N"], ["B", "B", "N", "N", "B", "X", "N"], ["B", "B", "B", "X", "N", "N", "N"], ["B", "B", "X", "B", "N", "N", "N"], ["B", "B", "N", "B", "X", "N", "N"], ["B", "B", "N", "X", "B", "N", "N"], ["B", "X", "N", "B", "B", "N", "N"], ["B", "B", "B", "X", "N", "N", "N"], ["B", "B", "X", "B", "N", "N", "N"], ["B", "B", "N", "B", "X", "N", "N"], ["B", "B", "N", "X", "B", "N", "N"], ["B", "X", "N", "B", "B", "N", "N"]]},
"2022-09-20 09:47:32.915000" : {"coup": 4, "jeu": ["B", "B", "N", "N", "X", "B", "N"], "histo": []},
"2022-09-20 09:48:00.396000" : {"coup": 6, "jeu": ["B", "B", "N", "N", "N", "X", "B"], "histo": []},
"2022-09-20 09:47:54.261000" : {"coup": 5, "jeu": ["B", "B", "N", "N", "N", "X", "B"], "histo": []},
"2022-09-20 10:26:36.434000" : {"coup": 5, "jeu": ["B", "B", "N", "B", "N", "X", "N"], "histo": [["B", "B", "B", "X", "N", "N", "N"], ["B", "B", "X", "B", "N", "N", "N"], ["B", "B", "N", "B", "X", "N", "N"], ["B", "B", "N", "X", "B", "N", "N"], ["B", "B", "N", "N", "B", "X", "N"], ["B", "B", "B", "X", "N", "N", "N"], ["B", "B", "X", "B", "N", "N", "N"], ["B", "B", "N", "B", "X", "N", "N"], ["B", "B", "N", "X", "B", "N", "N"], ["B", "X", "N", "B", "B", "N", "N"], ["B", "B", "B", "X", "N", "N", "N"], ["B", "B", "X", "B", "N", "N", "N"], ["B", "B", "N", "B", "X", "N", "N"], ["B", "B", "N", "X", "B", "N", "N"], ["B", "X", "N", "B", "B", "N", "N"], ["B", "B", "B", "X", "N", "N", "N"], ["B", "B", "X", "B", "N", "N", "N"], ["B", "B", "N", "B", "X", "N", "N"], ["B", "B", "N", "B", "N", "X", "N"], ["B", "B", "N", "X", "N", "B", "N"], ["B", "X", "N", "B", "N", "B", "N"], ["B", "N", "X", "B", "N", "B", "N"], ["B", "N", "N", "B", "X", "B", "N"], ["B", "N", "N", "B", "N", "B", "X"], ["B", "N", "N", "B", "N", "X", "B"], ["B", "B", "B", "X", "N", "N", "N"], ["B", "B", "X", "B", "N", "N", "N"], ["B", "B", "N", "B", "X", "N", "N"]]},
"2022-09-20 09:47:39.516000" : {"coup": 4, "jeu": ["B", "B", "N", "N", "X", "B", "N"], "histo": []},
"2022-09-20 09:50:06.129000" : {"coup": 4, "jeu": ["B", "B", "N", "N", "N", "X", "B"], "histo": []},
"2022-09-20 09:47:46.723000" : {"coup": 5, "jeu": ["B", "B", "N", "N", "N", "X", "B"], "histo": []},
"2022-09-20 10:27:48.770000" : {"coup": 3, "jeu": ["B", "B", "N", "X", "N", "B", "N"], "histo": [["B", "B", "B", "X", "N", "N", "N"], ["B", "B", "X", "B", "N", "N", "N"], ["B", "B", "N", "B", "X", "N", "N"], ["B", "B", "N", "X", "B", "N", "N"], ["B", "B", "N", "N", "B", "X", "N"], ["B", "B", "B", "X", "N", "N", "N"], ["B", "B", "X", "B", "N", "N", "N"], ["B", "B", "N", "B", "X", "N", "N"], ["B", "B", "N", "X", "B", "N", "N"], ["B", "X", "N", "B", "B", "N", "N"], ["B", "B", "B", "X", "N", "N", "N"], ["B", "B", "X", "B", "N", "N", "N"], ["B", "B", "N", "B", "X", "N", "N"], ["B", "B", "N", "X", "B", "N", "N"], ["B", "X", "N", "B", "B", "N", "N"], ["B", "B", "B", "X", "N", "N", "N"], ["B", "B", "X", "B", "N", "N", "N"], ["B", "B", "N", "B", "X", "N", "N"], ["B", "B", "N", "B", "N", "X", "N"], ["B", "B", "N", "X", "N", "B", "N"], ["B", "X", "N", "B", "N", "B", "N"], ["B", "N", "X", "B", "N", "B", "N"], ["B", "N", "N", "B", "X", "B", "N"], ["B", "N", "N", "B", "N", "B", "X"], ["B", "N", "N", "B", "N", "X", "B"], ["B", "B", "B", "X", "N", "N", "N"], ["B", "B", "X", "B", "N", "N", "N"], ["B", "B", "N", "B", "X", "N", "N"], ["B", "B", "N", "B", "N", "X", "N"], ["B", "B", "N", "X", "N", "B", "N"], ["B", "X", "N", "B", "N", "B", "N"], ["B", "N", "X", "B", "N", "B", "N"], ["X", "N", "B", "B", "N", "B", "N"], ["B", "B", "B", "X", "N", "N", "N"], ["B", "B", "X", "B", "N", "N", "N"], ["B", "B", "N", "B", "X", "N", "N"], ["B", "B", "N", "B", "N", "X", "N"], ["B", "B", "N", "X", "N", "B", "N"], ["B", "X", "N", "B", "N", "B", "N"], ["X", "B", "N", "B", "N", "B", "N"], ["N", "B", "X", "B", "N", "B", "N"], ["N", "B", "N", "B", "X", "B", "N"], ["B", "B", "B", "X", "N", "N", "N"], ["B", "B", "X", "B", "N", "N", "N"], ["B", "B", "N", "B", "X", "N", "N"], ["B", "B", "N", "B", "N", "X", "N"]]},
"2022-09-20 10:28:13.018000" : {"coup": 3, "jeu": ["N", "B", "N", "X", "N", "B", "B"], "histo": [["B", "B", "B", "X", "N", "N", "N"], ["B", "B", "X", "B", "N", "N", "N"], ["B", "B", "N", "B", "X", "N", "N"], ["B", "B", "N", "X", "B", "N", "N"], ["B", "B", "N", "N", "B", "X", "N"], ["B", "B", "B", "X", "N", "N", "N"], ["B", "B", "X", "B", "N", "N", "N"], ["B", "B", "N", "B", "X", "N", "N"], ["B", "B", "N", "X", "B", "N", "N"], ["B", "X", "N", "B", "B", "N", "N"], ["B", "B", "B", "X", "N", "N", "N"], ["B", "B", "X", "B", "N", "N", "N"], ["B", "B", "N", "B", "X", "N", "N"], ["B", "B", "N", "X", "B", "N", "N"], ["B", "X", "N", "B", "B", "N", "N"], ["B", "B", "B", "X", "N", "N", "N"], ["B", "B", "X", "B", "N", "N", "N"], ["B", "B", "N", "B", "X", "N", "N"], ["B", "B", "N", "B", "N", "X", "N"], ["B", "B", "N", "X", "N", "B", "N"], ["B", "X", "N", "B", "N", "B", "N"], ["B", "N", "X", "B", "N", "B", "N"], ["B", "N", "N", "B", "X", "B", "N"], ["B", "N", "N", "B", "N", "B", "X"], ["B", "N", "N", "B", "N", "X", "B"], ["B", "B", "B", "X", "N", "N", "N"], ["B", "B", "X", "B", "N", "N", "N"], ["B", "B", "N", "B", "X", "N", "N"], ["B", "B", "N", "B", "N", "X", "N"], ["B", "B", "N", "X", "N", "B", "N"], ["B", "X", "N", "B", "N", "B", "N"], ["B", "N", "X", "B", "N", "B", "N"], ["X", "N", "B", "B", "N", "B", "N"], ["B", "B", "B", "X", "N", "N", "N"], ["B", "B", "X", "B", "N", "N", "N"], ["B", "B", "N", "B", "X", "N", "N"], ["B", "B", "N", "B", "N", "X", "N"], ["B", "B", "N", "X", "N", "B", "N"], ["B", "X", "N", "B", "N", "B", "N"], ["X", "B", "N", "B", "N", "B", "N"], ["N", "B", "X", "B", "N", "B", "N"], ["N", "B", "N", "B", "X", "B", "N"], ["B", "B", "B", "X", "N", "N", "N"], ["B", "B", "X", "B", "N", "N", "N"], ["B", "B", "N", "B", "X", "N", "N"], ["B", "B", "N", "B", "N", "X", "N"], ["B", "B", "N", "X", "N", "B", "N"], ["B", "X", "N", "B", "N", "B", "N"], ["X", "B", "N", "B", "N", "B", "N"], ["N", "B", "X", "B", "N", "B", "N"], ["N", "B", "N", "B", "X", "B", "N"], ["N", "B", "N", "B", "N", "B", "X"], ["N", "B", "N", "B", "N", "X", "B"]]},
"2022-09-20 09:49:52.237000" : {"coup": 5, "jeu": ["B", "B", "N", "N", "N", "X", "B"], "histo": []},
"2022-09-20 09:53:16.601000" : {"coup": "Undo", "jeu": ["B", "B", "B", "X", "N", "N", "N"], "histo": []},
"2022-09-20 09:47:42.493000" : {"coup": 1, "jeu": ["B", "B", "N", "N", "N", "B", "X"], "histo": []},
"2022-09-20 09:52:56.298000" : {"coup": "Undo", "jeu": ["B", "B", "B", "X", "N", "N", "N"], "histo": [], "prog": "def saute(i):\n    if jeu[i]==\"B\" and i<6 and jeu[i+1]==\"X\":\n        jeu[i], jeu[i+1] = \"X\", \"B\"\n    elif jeu[i]==\"B\" and i<5 and jeu[i+1]==\"N\" and jeu[i+2]==\"X\":\n        jeu[i], jeu[i+2] = \"X\", \"B\"\n    elif jeu[i]==\"N\" and i>0 and jeu[i-1]==\"X\":\n        jeu[i], jeu[i-1] = \"X\", \"N\"\n    elif jeu[i]==\"N\" and i>1 and jeu[i-1]==\"B\" and jeu[i-2]==\"X\":\n        jeu[i], jeu[i-2] = \"X\", \"N\"\ndef undo():\n    global jeu\n    jeu = [\"B\", \"B\", \"B\", \"X\", \"N\", \"N\", \"N\"]\n    \n"},
"2022-09-20 09:51:27.150000" : {"coup": 5, "jeu": ["B", "B", "N", "N", "N", "X", "B"], "histo": []},
"2022-09-20 10:25:28.019000" : {"coup": 4, "jeu": ["B", "B", "N", "B", "X", "N", "N"], "histo": [["B", "B", "B", "X", "N", "N", "N"], ["B", "B", "X", "B", "N", "N", "N"], ["B", "B", "N", "B", "X", "N", "N"], ["B", "B", "N", "X", "B", "N", "N"], ["B", "B", "N", "N", "B", "X", "N"], ["B", "B", "B", "X", "N", "N", "N"], ["B", "B", "X", "B", "N", "N", "N"]]},
"2022-09-20 09:48:22.430000" : {"coup": 5, "jeu": ["B", "B", "N", "N", "N", "X", "B"], "histo": []},
"2022-09-20 09:48:39.060000" : {"coup": 3, "jeu": ["B", "B", "N", "N", "N", "X", "B"], "histo": []},
"2022-09-20 09:54:21.596000" : {"coup": 5, "jeu": ["B", "B", "N", "B", "N", "X", "N"], "histo": []},
"2022-09-20 10:27:28.697000" : {"coup": 4, "jeu": ["N", "B", "N", "B", "X", "B", "N"], "histo": [["B", "B", "B", "X", "N", "N", "N"], ["B", "B", "X", "B", "N", "N", "N"], ["B", "B", "N", "B", "X", "N", "N"], ["B", "B", "N", "X", "B", "N", "N"], ["B", "B", "N", "N", "B", "X", "N"], ["B", "B", "B", "X", "N", "N", "N"], ["B", "B", "X", "B", "N", "N", "N"], ["B", "B", "N", "B", "X", "N", "N"], ["B", "B", "N", "X", "B", "N", "N"], ["B", "X", "N", "B", "B", "N", "N"], ["B", "B", "B", "X", "N", "N", "N"], ["B", "B", "X", "B", "N", "N", "N"], ["B", "B", "N", "B", "X", "N", "N"], ["B", "B", "N", "X", "B", "N", "N"], ["B", "X", "N", "B", "B", "N", "N"], ["B", "B", "B", "X", "N", "N", "N"], ["B", "B", "X", "B", "N", "N", "N"], ["B", "B", "N", "B", "X", "N", "N"], ["B", "B", "N", "B", "N", "X", "N"], ["B", "B", "N", "X", "N", "B", "N"], ["B", "X", "N", "B", "N", "B", "N"], ["B", "N", "X", "B", "N", "B", "N"], ["B", "N", "N", "B", "X", "B", "N"], ["B", "N", "N", "B", "N", "B", "X"], ["B", "N", "N", "B", "N", "X", "B"], ["B", "B", "B", "X", "N", "N", "N"], ["B", "B", "X", "B", "N", "N", "N"], ["B", "B", "N", "B", "X", "N", "N"], ["B", "B", "N", "B", "N", "X", "N"], ["B", "B", "N", "X", "N", "B", "N"], ["B", "X", "N", "B", "N", "B", "N"], ["B", "N", "X", "B", "N", "B", "N"], ["X", "N", "B", "B", "N", "B", "N"], ["B", "B", "B", "X", "N", "N", "N"], ["B", "B", "X", "B", "N", "N", "N"], ["B", "B", "N", "B", "X", "N", "N"], ["B", "B", "N", "B", "N", "X", "N"], ["B", "B", "N", "X", "N", "B", "N"], ["B", "X", "N", "B", "N", "B", "N"], ["X", "B", "N", "B", "N", "B", "N"], ["N", "B", "X", "B", "N", "B", "N"]]},
"2022-09-20 09:47:24.872000" : {"coup": 5, "jeu": ["B", "B", "N", "N", "B", "X", "N"], "histo": []},
"2022-09-20 10:24:58.831000" : {"coup": 3, "jeu": ["B", "B", "B", "X", "N", "N", "N"], "histo": []},
"2022-09-20 09:54:51.030000" : {"coup": 1, "jeu": ["B", "X", "N", "B", "N", "B", "N"], "histo": []},
"2022-09-20 09:53:35.725000" : {"coup": 2, "jeu": ["B", "B", "X", "B", "N", "N", "N"], "histo": []},
"2022-09-20 09:48:28.534000" : {"coup": 6, "jeu": ["B", "B", "N", "N", "N", "X", "B"], "histo": []},
"2022-09-20 10:26:11.033000" : {"coup": 1, "jeu": ["B", "X", "N", "B", "N", "B", "N"], "histo": [["B", "B", "B", "X", "N", "N", "N"], ["B", "B", "X", "B", "N", "N", "N"], ["B", "B", "N", "B", "X", "N", "N"], ["B", "B", "N", "X", "B", "N", "N"], ["B", "B", "N", "N", "B", "X", "N"], ["B", "B", "B", "X", "N", "N", "N"], ["B", "B", "X", "B", "N", "N", "N"], ["B", "B", "N", "B", "X", "N", "N"], ["B", "B", "N", "X", "B", "N", "N"], ["B", "X", "N", "B", "B", "N", "N"], ["B", "B", "B", "X", "N", "N", "N"], ["B", "B", "X", "B", "N", "N", "N"], ["B", "B", "N", "B", "X", "N", "N"], ["B", "B", "N", "X", "B", "N", "N"], ["B", "X", "N", "B", "B", "N", "N"], ["B", "B", "B", "X", "N", "N", "N"], ["B", "B", "X", "B", "N", "N", "N"], ["B", "B", "N", "B", "X", "N", "N"], ["B", "B", "N", "B", "N", "X", "N"], ["B", "B", "N", "X", "N", "B", "N"]]},
"2022-09-20 09:53:48.132000" : {"coup": 1, "jeu": ["B", "X", "N", "B", "N", "B", "N"], "histo": []},
"2022-09-20 10:26:58.192000" : {"coup": 2, "jeu": ["B", "B", "X", "B", "N", "N", "N"], "histo": [["B", "B", "B", "X", "N", "N", "N"], ["B", "B", "X", "B", "N", "N", "N"], ["B", "B", "N", "B", "X", "N", "N"], ["B", "B", "N", "X", "B", "N", "N"], ["B", "B", "N", "N", "B", "X", "N"], ["B", "B", "B", "X", "N", "N", "N"], ["B", "B", "X", "B", "N", "N", "N"], ["B", "B", "N", "B", "X", "N", "N"], ["B", "B", "N", "X", "B", "N", "N"], ["B", "X", "N", "B", "B", "N", "N"], ["B", "B", "B", "X", "N", "N", "N"], ["B", "B", "X", "B", "N", "N", "N"], ["B", "B", "N", "B", "X", "N", "N"], ["B", "B", "N", "X", "B", "N", "N"], ["B", "X", "N", "B", "B", "N", "N"], ["B", "B", "B", "X", "N", "N", "N"], ["B", "B", "X", "B", "N", "N", "N"], ["B", "B", "N", "B", "X", "N", "N"], ["B", "B", "N", "B", "N", "X", "N"], ["B", "B", "N", "X", "N", "B", "N"], ["B", "X", "N", "B", "N", "B", "N"], ["B", "N", "X", "B", "N", "B", "N"], ["B", "N", "N", "B", "X", "B", "N"], ["B", "N", "N", "B", "N", "B", "X"], ["B", "N", "N", "B", "N", "X", "B"], ["B", "B", "B", "X", "N", "N", "N"], ["B", "B", "X", "B", "N", "N", "N"], ["B", "B", "N", "B", "X", "N", "N"], ["B", "B", "N", "B", "N", "X", "N"], ["B", "B", "N", "X", "N", "B", "N"], ["B", "X", "N", "B", "N", "B", "N"], ["B", "N", "X", "B", "N", "B", "N"], ["X", "N", "B", "B", "N", "B", "N"], ["B", "B", "B", "X", "N", "N", "N"]]},
"2022-09-20 09:48:00.831000" : {"coup": 5, "jeu": ["B", "B", "N", "N", "N", "X", "B"], "histo": []},
"2022-09-20 09:54:22.827000" : {"coup": 3, "jeu": ["B", "B", "N", "X", "N", "B", "N"], "histo": []},
"2022-09-20 09:54:39.221000" : {"coup": 4, "jeu": ["B", "B", "N", "B", "X", "N", "N"], "histo": []},
"2022-09-20 09:49:39.754000" : {"coup": 4, "jeu": ["B", "B", "N", "N", "N", "X", "B"], "histo": []},
"2022-09-20 10:26:17.816000" : {"coup": 6, "jeu": ["B", "N", "N", "B", "N", "B", "X"], "histo": [["B", "B", "B", "X", "N", "N", "N"], ["B", "B", "X", "B", "N", "N", "N"], ["B", "B", "N", "B", "X", "N", "N"], ["B", "B", "N", "X", "B", "N", "N"], ["B", "B", "N", "N", "B", "X", "N"], ["B", "B", "B", "X", "N", "N", "N"], ["B", "B", "X", "B", "N", "N", "N"], ["B", "B", "N", "B", "X", "N", "N"], ["B", "B", "N", "X", "B", "N", "N"], ["B", "X", "N", "B", "B", "N", "N"], ["B", "B", "B", "X", "N", "N", "N"], ["B", "B", "X", "B", "N", "N", "N"], ["B", "B", "N", "B", "X", "N", "N"], ["B", "B", "N", "X", "B", "N", "N"], ["B", "X", "N", "B", "B", "N", "N"], ["B", "B", "B", "X", "N", "N", "N"], ["B", "B", "X", "B", "N", "N", "N"], ["B", "B", "N", "B", "X", "N", "N"], ["B", "B", "N", "B", "N", "X", "N"], ["B", "B", "N", "X", "N", "B", "N"], ["B", "X", "N", "B", "N", "B", "N"], ["B", "N", "X", "B", "N", "B", "N"], ["B", "N", "N", "B", "X", "B", "N"]]},
"2022-09-20 10:26:49.518000" : {"coup": 0, "jeu": ["X", "N", "B", "B", "N", "B", "N"], "histo": [["B", "B", "B", "X", "N", "N", "N"], ["B", "B", "X", "B", "N", "N", "N"], ["B", "B", "N", "B", "X", "N", "N"], ["B", "B", "N", "X", "B", "N", "N"], ["B", "B", "N", "N", "B", "X", "N"], ["B", "B", "B", "X", "N", "N", "N"], ["B", "B", "X", "B", "N", "N", "N"], ["B", "B", "N", "B", "X", "N", "N"], ["B", "B", "N", "X", "B", "N", "N"], ["B", "X", "N", "B", "B", "N", "N"], ["B", "B", "B", "X", "N", "N", "N"], ["B", "B", "X", "B", "N", "N", "N"], ["B", "B", "N", "B", "X", "N", "N"], ["B", "B", "N", "X", "B", "N", "N"], ["B", "X", "N", "B", "B", "N", "N"], ["B", "B", "B", "X", "N", "N", "N"], ["B", "B", "X", "B", "N", "N", "N"], ["B", "B", "N", "B", "X", "N", "N"], ["B", "B", "N", "B", "N", "X", "N"], ["B", "B", "N", "X", "N", "B", "N"], ["B", "X", "N", "B", "N", "B", "N"], ["B", "N", "X", "B", "N", "B", "N"], ["B", "N", "N", "B", "X", "B", "N"], ["B", "N", "N", "B", "N", "B", "X"], ["B", "N", "N", "B", "N", "X", "B"], ["B", "B", "B", "X", "N", "N", "N"], ["B", "B", "X", "B", "N", "N", "N"], ["B", "B", "N", "B", "X", "N", "N"], ["B", "B", "N", "B", "N", "X", "N"], ["B", "B", "N", "X", "N", "B", "N"], ["B", "X", "N", "B", "N", "B", "N"], ["B", "N", "X", "B", "N", "B", "N"]]},
"2022-09-20 09:53:19.471000" : {"coup": 4, "jeu": ["B", "B", "N", "B", "X", "N", "N"], "histo": []},
"2022-09-20 10:24:55.607000" : {"coup": "Reset", "jeu": ["B", "B", "B", "X", "N", "N", "N"], "histo": []},
"2022-09-20 10:25:41.224000" : {"coup": 4, "jeu": ["B", "B", "N", "B", "X", "N", "N"], "histo": [["B", "B", "B", "X", "N", "N", "N"], ["B", "B", "X", "B", "N", "N", "N"], ["B", "B", "N", "B", "X", "N", "N"], ["B", "B", "N", "X", "B", "N", "N"], ["B", "B", "N", "N", "B", "X", "N"], ["B", "B", "B", "X", "N", "N", "N"], ["B", "B", "X", "B", "N", "N", "N"], ["B", "B", "N", "B", "X", "N", "N"], ["B", "B", "N", "X", "B", "N", "N"], ["B", "X", "N", "B", "B", "N", "N"], ["B", "B", "B", "X", "N", "N", "N"], ["B", "B", "X", "B", "N", "N", "N"]]},
"2022-09-20 09:54:51.853000" : {"coup": 1, "jeu": ["B", "X", "N", "B", "N", "B", "N"], "histo": []},
"2022-09-20 09:54:15.363000" : {"coup": 4, "jeu": ["B", "B", "N", "B", "X", "N", "N"], "histo": []},
"2022-09-20 10:25:37.826000" : {"coup": "Undo", "jeu": ["B", "B", "B", "X", "N", "N", "N"], "histo": [["B", "B", "B", "X", "N", "N", "N"], ["B", "B", "X", "B", "N", "N", "N"], ["B", "B", "N", "B", "X", "N", "N"], ["B", "B", "N", "X", "B", "N", "N"], ["B", "B", "N", "N", "B", "X", "N"], ["B", "B", "B", "X", "N", "N", "N"], ["B", "B", "X", "B", "N", "N", "N"], ["B", "B", "N", "B", "X", "N", "N"], ["B", "B", "N", "X", "B", "N", "N"], ["B", "X", "N", "B", "B", "N", "N"]]},
"2022-09-20 09:49:59.917000" : {"coup": 1, "jeu": ["B", "B", "N", "N", "N", "X", "B"], "histo": []},
"2022-09-20 09:53:32.131000" : {"coup": 2, "jeu": ["B", "N", "X", "B", "B", "N", "N"], "histo": []},
"2022-09-20 10:26:51.588000" : {"coup": 1, "jeu": ["N", "X", "B", "B", "N", "B", "N"], "histo": [["B", "B", "B", "X", "N", "N", "N"], ["B", "B", "X", "B", "N", "N", "N"], ["B", "B", "N", "B", "X", "N", "N"], ["B", "B", "N", "X", "B", "N", "N"], ["B", "B", "N", "N", "B", "X", "N"], ["B", "B", "B", "X", "N", "N", "N"], ["B", "B", "X", "B", "N", "N", "N"], ["B", "B", "N", "B", "X", "N", "N"], ["B", "B", "N", "X", "B", "N", "N"], ["B", "X", "N", "B", "B", "N", "N"], ["B", "B", "B", "X", "N", "N", "N"], ["B", "B", "X", "B", "N", "N", "N"], ["B", "B", "N", "B", "X", "N", "N"], ["B", "B", "N", "X", "B", "N", "N"], ["B", "X", "N", "B", "B", "N", "N"], ["B", "B", "B", "X", "N", "N", "N"], ["B", "B", "X", "B", "N", "N", "N"], ["B", "B", "N", "B", "X", "N", "N"], ["B", "B", "N", "B", "N", "X", "N"], ["B", "B", "N", "X", "N", "B", "N"], ["B", "X", "N", "B", "N", "B", "N"], ["B", "N", "X", "B", "N", "B", "N"], ["B", "N", "N", "B", "X", "B", "N"], ["B", "N", "N", "B", "N", "B", "X"], ["B", "N", "N", "B", "N", "X", "B"], ["B", "B", "B", "X", "N", "N", "N"], ["B", "B", "X", "B", "N", "N", "N"], ["B", "B", "N", "B", "X", "N", "N"], ["B", "B", "N", "B", "N", "X", "N"], ["B", "B", "N", "X", "N", "B", "N"], ["B", "X", "N", "B", "N", "B", "N"], ["B", "N", "X", "B", "N", "B", "N"], ["X", "N", "B", "B", "N", "B", "N"]]},
"2022-09-20 10:28:20.875000" : {"coup": 4, "jeu": ["N", "N", "N", "B", "X", "B", "B"], "histo": [["B", "B", "B", "X", "N", "N", "N"], ["B", "B", "X", "B", "N", "N", "N"], ["B", "B", "N", "B", "X", "N", "N"], ["B", "B", "N", "X", "B", "N", "N"], ["B", "B", "N", "N", "B", "X", "N"], ["B", "B", "B", "X", "N", "N", "N"], ["B", "B", "X", "B", "N", "N", "N"], ["B", "B", "N", "B", "X", "N", "N"], ["B", "B", "N", "X", "B", "N", "N"], ["B", "X", "N", "B", "B", "N", "N"], ["B", "B", "B", "X", "N", "N", "N"], ["B", "B", "X", "B", "N", "N", "N"], ["B", "B", "N", "B", "X", "N", "N"], ["B", "B", "N", "X", "B", "N", "N"], ["B", "X", "N", "B", "B", "N", "N"], ["B", "B", "B", "X", "N", "N", "N"], ["B", "B", "X", "B", "N", "N", "N"], ["B", "B", "N", "B", "X", "N", "N"], ["B", "B", "N", "B", "N", "X", "N"], ["B", "B", "N", "X", "N", "B", "N"], ["B", "X", "N", "B", "N", "B", "N"], ["B", "N", "X", "B", "N", "B", "N"], ["B", "N", "N", "B", "X", "B", "N"], ["B", "N", "N", "B", "N", "B", "X"], ["B", "N", "N", "B", "N", "X", "B"], ["B", "B", "B", "X", "N", "N", "N"], ["B", "B", "X", "B", "N", "N", "N"], ["B", "B", "N", "B", "X", "N", "N"], ["B", "B", "N", "B", "N", "X", "N"], ["B", "B", "N", "X", "N", "B", "N"], ["B", "X", "N", "B", "N", "B", "N"], ["B", "N", "X", "B", "N", "B", "N"], ["X", "N", "B", "B", "N", "B", "N"], ["B", "B", "B", "X", "N", "N", "N"], ["B", "B", "X", "B", "N", "N", "N"], ["B", "B", "N", "B", "X", "N", "N"], ["B", "B", "N", "B", "N", "X", "N"], ["B", "B", "N", "X", "N", "B", "N"], ["B", "X", "N", "B", "N", "B", "N"], ["X", "B", "N", "B", "N", "B", "N"], ["N", "B", "X", "B", "N", "B", "N"], ["N", "B", "N", "B", "X", "B", "N"], ["B", "B", "B", "X", "N", "N", "N"], ["B", "B", "X", "B", "N", "N", "N"], ["B", "B", "N", "B", "X", "N", "N"], ["B", "B", "N", "B", "N", "X", "N"], ["B", "B", "N", "X", "N", "B", "N"], ["B", "X", "N", "B", "N", "B", "N"], ["X", "B", "N", "B", "N", "B", "N"], ["N", "B", "X", "B", "N", "B", "N"], ["N", "B", "N", "B", "X", "B", "N"], ["N", "B", "N", "B", "N", "B", "X"], ["N", "B", "N", "B", "N", "X", "B"], ["N", "B", "N", "X", "N", "B", "B"], ["N", "X", "N", "B", "N", "B", "B"], ["N", "N", "X", "B", "N", "B", "B"]]},
"2022-09-20 09:54:10.703000" : {"coup": 0, "jeu": ["B", "N", "N", "X", "N", "B", "B"], "histo": []},
"2022-09-20 10:24:09.280000" : {"coup": "Reset", "jeu": ["B", "B", "B", "X", "N", "N", "N"], "histo": []},
"2022-09-20 09:47:18.549000" : {"coup": 3, "jeu": ["B", "B", "N", "X", "B", "N", "N"], "histo": []},
"2022-09-20 09:53:43.309000" : {"coup": 5, "jeu": ["B", "B", "N", "B", "N", "X", "N"], "histo": []},
"2022-09-20 09:47:40.457000" : {"coup": 6, "jeu": ["B", "B", "N", "N", "N", "B", "X"], "histo": []},
"2022-09-20 10:25:38.905000" : {"coup": 2, "jeu": ["B", "B", "X", "B", "N", "N", "N"], "histo": [["B", "B", "B", "X", "N", "N", "N"], ["B", "B", "X", "B", "N", "N", "N"], ["B", "B", "N", "B", "X", "N", "N"], ["B", "B", "N", "X", "B", "N", "N"], ["B", "B", "N", "N", "B", "X", "N"], ["B", "B", "B", "X", "N", "N", "N"], ["B", "B", "X", "B", "N", "N", "N"], ["B", "B", "N", "B", "X", "N", "N"], ["B", "B", "N", "X", "B", "N", "N"], ["B", "X", "N", "B", "B", "N", "N"], ["B", "B", "B", "X", "N", "N", "N"]]},
"2022-09-20 09:50:06.705000" : {"coup": 5, "jeu": ["B", "B", "N", "N", "N", "X", "B"], "histo": []},
"2022-09-20 10:26:28.739000" : {"coup": 4, "jeu": ["B", "B", "N", "B", "X", "N", "N"], "histo": [["B", "B", "B", "X", "N", "N", "N"], ["B", "B", "X", "B", "N", "N", "N"], ["B", "B", "N", "B", "X", "N", "N"], ["B", "B", "N", "X", "B", "N", "N"], ["B", "B", "N", "N", "B", "X", "N"], ["B", "B", "B", "X", "N", "N", "N"], ["B", "B", "X", "B", "N", "N", "N"], ["B", "B", "N", "B", "X", "N", "N"], ["B", "B", "N", "X", "B", "N", "N"], ["B", "X", "N", "B", "B", "N", "N"], ["B", "B", "B", "X", "N", "N", "N"], ["B", "B", "X", "B", "N", "N", "N"], ["B", "B", "N", "B", "X", "N", "N"], ["B", "B", "N", "X", "B", "N", "N"], ["B", "X", "N", "B", "B", "N", "N"], ["B", "B", "B", "X", "N", "N", "N"], ["B", "B", "X", "B", "N", "N", "N"], ["B", "B", "N", "B", "X", "N", "N"], ["B", "B", "N", "B", "N", "X", "N"], ["B", "B", "N", "X", "N", "B", "N"], ["B", "X", "N", "B", "N", "B", "N"], ["B", "N", "X", "B", "N", "B", "N"], ["B", "N", "N", "B", "X", "B", "N"], ["B", "N", "N", "B", "N", "B", "X"], ["B", "N", "N", "B", "N", "X", "B"], ["B", "B", "B", "X", "N", "N", "N"], ["B", "B", "X", "B", "N", "N", "N"]]},
"2022-09-20 10:27:55.166000" : {"coup": 0, "jeu": ["X", "B", "N", "B", "N", "B", "N"], "histo": [["B", "B", "B", "X", "N", "N", "N"], ["B", "B", "X", "B", "N", "N", "N"], ["B", "B", "N", "B", "X", "N", "N"], ["B", "B", "N", "X", "B", "N", "N"], ["B", "B", "N", "N", "B", "X", "N"], ["B", "B", "B", "X", "N", "N", "N"], ["B", "B", "X", "B", "N", "N", "N"], ["B", "B", "N", "B", "X", "N", "N"], ["B", "B", "N", "X", "B", "N", "N"], ["B", "X", "N", "B", "B", "N", "N"], ["B", "B", "B", "X", "N", "N", "N"], ["B", "B", "X", "B", "N", "N", "N"], ["B", "B", "N", "B", "X", "N", "N"], ["B", "B", "N", "X", "B", "N", "N"], ["B", "X", "N", "B", "B", "N", "N"], ["B", "B", "B", "X", "N", "N", "N"], ["B", "B", "X", "B", "N", "N", "N"], ["B", "B", "N", "B", "X", "N", "N"], ["B", "B", "N", "B", "N", "X", "N"], ["B", "B", "N", "X", "N", "B", "N"], ["B", "X", "N", "B", "N", "B", "N"], ["B", "N", "X", "B", "N", "B", "N"], ["B", "N", "N", "B", "X", "B", "N"], ["B", "N", "N", "B", "N", "B", "X"], ["B", "N", "N", "B", "N", "X", "B"], ["B", "B", "B", "X", "N", "N", "N"], ["B", "B", "X", "B", "N", "N", "N"], ["B", "B", "N", "B", "X", "N", "N"], ["B", "B", "N", "B", "N", "X", "N"], ["B", "B", "N", "X", "N", "B", "N"], ["B", "X", "N", "B", "N", "B", "N"], ["B", "N", "X", "B", "N", "B", "N"], ["X", "N", "B", "B", "N", "B", "N"], ["B", "B", "B", "X", "N", "N", "N"], ["B", "B", "X", "B", "N", "N", "N"], ["B", "B", "N", "B", "X", "N", "N"], ["B", "B", "N", "B", "N", "X", "N"], ["B", "B", "N", "X", "N", "B", "N"], ["B", "X", "N", "B", "N", "B", "N"], ["X", "B", "N", "B", "N", "B", "N"], ["N", "B", "X", "B", "N", "B", "N"], ["N", "B", "N", "B", "X", "B", "N"], ["B", "B", "B", "X", "N", "N", "N"], ["B", "B", "X", "B", "N", "N", "N"], ["B", "B", "N", "B", "X", "N", "N"], ["B", "B", "N", "B", "N", "X", "N"], ["B", "B", "N", "X", "N", "B", "N"], ["B", "X", "N", "B", "N", "B", "N"]]},
"2022-09-20 09:49:42.730000" : {"coup": 3, "jeu": ["B", "B", "N", "N", "N", "X", "B"], "histo": []},
"2022-09-20 09:53:31.400000" : {"coup": 3, "jeu": ["B", "N", "X", "B", "B", "N", "N"], "histo": []},
"2022-09-20 09:47:26.446000" : {"coup": 1, "jeu": ["B", "B", "N", "N", "B", "X", "N"], "histo": []},
"2022-09-20 09:54:30.478000" : {"coup": 5, "jeu": ["B", "N", "N", "B", "N", "X", "B"], "histo": []},
"2022-09-20 09:50:50.821000" : {"coup": 5, "jeu": ["B", "B", "N", "N", "N", "X", "B"], "histo": []},
"2022-09-20 09:46:54.765000" : {"coup": "Load", "jeu": ["B", "B", "B", "X", "N", "N", "N"], "histo": []},
"2022-09-20 09:47:11.662000" : {"coup": 4, "jeu": ["B", "B", "N", "B", "X", "N", "N"], "histo": []},
"2022-09-20 09:48:24.428000" : {"coup": 2, "jeu": ["B", "B", "N", "N", "N", "X", "B"], "histo": []},
"2022-09-20 09:55:13.075000" : {"coup": 4, "jeu": ["N", "N", "N", "B", "X", "B", "B"], "histo": []},
"2022-09-20 10:26:56.061000" : {"coup": "Undo", "jeu": ["B", "B", "B", "X", "N", "N", "N"], "histo": [["B", "B", "B", "X", "N", "N", "N"], ["B", "B", "X", "B", "N", "N", "N"], ["B", "B", "N", "B", "X", "N", "N"], ["B", "B", "N", "X", "B", "N", "N"], ["B", "B", "N", "N", "B", "X", "N"], ["B", "B", "B", "X", "N", "N", "N"], ["B", "B", "X", "B", "N", "N", "N"], ["B", "B", "N", "B", "X", "N", "N"], ["B", "B", "N", "X", "B", "N", "N"], ["B", "X", "N", "B", "B", "N", "N"], ["B", "B", "B", "X", "N", "N", "N"], ["B", "B", "X", "B", "N", "N", "N"], ["B", "B", "N", "B", "X", "N", "N"], ["B", "B", "N", "X", "B", "N", "N"], ["B", "X", "N", "B", "B", "N", "N"], ["B", "B", "B", "X", "N", "N", "N"], ["B", "B", "X", "B", "N", "N", "N"], ["B", "B", "N", "B", "X", "N", "N"], ["B", "B", "N", "B", "N", "X", "N"], ["B", "B", "N", "X", "N", "B", "N"], ["B", "X", "N", "B", "N", "B", "N"], ["B", "N", "X", "B", "N", "B", "N"], ["B", "N", "N", "B", "X", "B", "N"], ["B", "N", "N", "B", "N", "B", "X"], ["B", "N", "N", "B", "N", "X", "B"], ["B", "B", "B", "X", "N", "N", "N"], ["B", "B", "X", "B", "N", "N", "N"], ["B", "B", "N", "B", "X", "N", "N"], ["B", "B", "N", "B", "N", "X", "N"], ["B", "B", "N", "X", "N", "B", "N"], ["B", "X", "N", "B", "N", "B", "N"], ["B", "N", "X", "B", "N", "B", "N"], ["X", "N", "B", "B", "N", "B", "N"]]},
"2022-09-20 09:48:39.744000" : {"coup": 5, "jeu": ["B", "B", "N", "N", "N", "X", "B"], "histo": []},
"2022-09-20 09:54:08.852000" : {"coup": 1, "jeu": ["B", "N", "N", "X", "N", "B", "B"], "histo": []},
"2022-09-20 09:50:50.059000" : {"coup": 3, "jeu": ["B", "B", "N", "N", "N", "X", "B"], "histo": []},
"2022-09-20 09:48:55.677000" : {"coup": 5, "jeu": ["B", "B", "N", "N", "N", "X", "B"], "histo": []},
"2022-09-20 09:55:11.940000" : {"coup": 2, "jeu": ["N", "N", "X", "B", "N", "B", "B"], "histo": []},
"2022-09-20 10:25:35.257000" : {"coup": 2, "jeu": ["B", "N", "X", "B", "B", "N", "N"], "histo": [["B", "B", "B", "X", "N", "N", "N"], ["B", "B", "X", "B", "N", "N", "N"], ["B", "B", "N", "B", "X", "N", "N"], ["B", "B", "N", "X", "B", "N", "N"], ["B", "B", "N", "N", "B", "X", "N"], ["B", "B", "B", "X", "N", "N", "N"], ["B", "B", "X", "B", "N", "N", "N"], ["B", "B", "N", "B", "X", "N", "N"], ["B", "B", "N", "X", "B", "N", "N"], ["B", "X", "N", "B", "B", "N", "N"]]},
"2022-09-20 09:49:50.100000" : {"coup": 5, "jeu": ["B", "B", "N", "N", "N", "X", "B"], "histo": []},
"2022-09-20 09:55:02.387000" : {"coup": 6, "jeu": ["N", "B", "N", "B", "N", "B", "X"], "histo": []},
"2022-09-20 10:26:19.137000" : {"coup": 5, "jeu": ["B", "N", "N", "B", "N", "X", "B"], "histo": [["B", "B", "B", "X", "N", "N", "N"], ["B", "B", "X", "B", "N", "N", "N"], ["B", "B", "N", "B", "X", "N", "N"], ["B", "B", "N", "X", "B", "N", "N"], ["B", "B", "N", "N", "B", "X", "N"], ["B", "B", "B", "X", "N", "N", "N"], ["B", "B", "X", "B", "N", "N", "N"], ["B", "B", "N", "B", "X", "N", "N"], ["B", "B", "N", "X", "B", "N", "N"], ["B", "X", "N", "B", "B", "N", "N"], ["B", "B", "B", "X", "N", "N", "N"], ["B", "B", "X", "B", "N", "N", "N"], ["B", "B", "N", "B", "X", "N", "N"], ["B", "B", "N", "X", "B", "N", "N"], ["B", "X", "N", "B", "B", "N", "N"], ["B", "B", "B", "X", "N", "N", "N"], ["B", "B", "X", "B", "N", "N", "N"], ["B", "B", "N", "B", "X", "N", "N"], ["B", "B", "N", "B", "N", "X", "N"], ["B", "B", "N", "X", "N", "B", "N"], ["B", "X", "N", "B", "N", "B", "N"], ["B", "N", "X", "B", "N", "B", "N"], ["B", "N", "N", "B", "X", "B", "N"], ["B", "N", "N", "B", "N", "B", "X"]]},
"2022-09-20 09:54:54.963000" : {"coup": 2, "jeu": ["N", "B", "X", "B", "N", "B", "N"], "histo": []},
"2022-09-20 09:51:39.684000" : {"coup": 5, "jeu": ["B", "B", "N", "N", "N", "X", "B"], "histo": []},
"2022-09-20 10:26:44.552000" : {"coup": 2, "jeu": ["B", "N", "X", "B", "N", "B", "N"], "histo": [["B", "B", "B", "X", "N", "N", "N"], ["B", "B", "X", "B", "N", "N", "N"], ["B", "B", "N", "B", "X", "N", "N"], ["B", "B", "N", "X", "B", "N", "N"], ["B", "B", "N", "N", "B", "X", "N"], ["B", "B", "B", "X", "N", "N", "N"], ["B", "B", "X", "B", "N", "N", "N"], ["B", "B", "N", "B", "X", "N", "N"], ["B", "B", "N", "X", "B", "N", "N"], ["B", "X", "N", "B", "B", "N", "N"], ["B", "B", "B", "X", "N", "N", "N"], ["B", "B", "X", "B", "N", "N", "N"], ["B", "B", "N", "B", "X", "N", "N"], ["B", "B", "N", "X", "B", "N", "N"], ["B", "X", "N", "B", "B", "N", "N"], ["B", "B", "B", "X", "N", "N", "N"], ["B", "B", "X", "B", "N", "N", "N"], ["B", "B", "N", "B", "X", "N", "N"], ["B", "B", "N", "B", "N", "X", "N"], ["B", "B", "N", "X", "N", "B", "N"], ["B", "X", "N", "B", "N", "B", "N"], ["B", "N", "X", "B", "N", "B", "N"], ["B", "N", "N", "B", "X", "B", "N"], ["B", "N", "N", "B", "N", "B", "X"], ["B", "N", "N", "B", "N", "X", "B"], ["B", "B", "B", "X", "N", "N", "N"], ["B", "B", "X", "B", "N", "N", "N"], ["B", "B", "N", "B", "X", "N", "N"], ["B", "B", "N", "B", "N", "X", "N"], ["B", "B", "N", "X", "N", "B", "N"], ["B", "X", "N", "B", "N", "B", "N"]]},
"2022-09-20 09:52:01.627000" : {"coup": 5, "jeu": ["B", "B", "N", "N", "N", "X", "B"], "histo": []},
"2022-09-20 10:27:59.238000" : {"coup": 2, "jeu": ["N", "B", "X", "B", "N", "B", "N"], "histo": [["B", "B", "B", "X", "N", "N", "N"], ["B", "B", "X", "B", "N", "N", "N"], ["B", "B", "N", "B", "X", "N", "N"], ["B", "B", "N", "X", "B", "N", "N"], ["B", "B", "N", "N", "B", "X", "N"], ["B", "B", "B", "X", "N", "N", "N"], ["B", "B", "X", "B", "N", "N", "N"], ["B", "B", "N", "B", "X", "N", "N"], ["B", "B", "N", "X", "B", "N", "N"], ["B", "X", "N", "B", "B", "N", "N"], ["B", "B", "B", "X", "N", "N", "N"], ["B", "B", "X", "B", "N", "N", "N"], ["B", "B", "N", "B", "X", "N", "N"], ["B", "B", "N", "X", "B", "N", "N"], ["B", "X", "N", "B", "B", "N", "N"], ["B", "B", "B", "X", "N", "N", "N"], ["B", "B", "X", "B", "N", "N", "N"], ["B", "B", "N", "B", "X", "N", "N"], ["B", "B", "N", "B", "N", "X", "N"], ["B", "B", "N", "X", "N", "B", "N"], ["B", "X", "N", "B", "N", "B", "N"], ["B", "N", "X", "B", "N", "B", "N"], ["B", "N", "N", "B", "X", "B", "N"], ["B", "N", "N", "B", "N", "B", "X"], ["B", "N", "N", "B", "N", "X", "B"], ["B", "B", "B", "X", "N", "N", "N"], ["B", "B", "X", "B", "N", "N", "N"], ["B", "B", "N", "B", "X", "N", "N"], ["B", "B", "N", "B", "N", "X", "N"], ["B", "B", "N", "X", "N", "B", "N"], ["B", "X", "N", "B", "N", "B", "N"], ["B", "N", "X", "B", "N", "B", "N"], ["X", "N", "B", "B", "N", "B", "N"], ["B", "B", "B", "X", "N", "N", "N"], ["B", "B", "X", "B", "N", "N", "N"], ["B", "B", "N", "B", "X", "N", "N"], ["B", "B", "N", "B", "N", "X", "N"], ["B", "B", "N", "X", "N", "B", "N"], ["B", "X", "N", "B", "N", "B", "N"], ["X", "B", "N", "B", "N", "B", "N"], ["N", "B", "X", "B", "N", "B", "N"], ["N", "B", "N", "B", "X", "B", "N"], ["B", "B", "B", "X", "N", "N", "N"], ["B", "B", "X", "B", "N", "N", "N"], ["B", "B", "N", "B", "X", "N", "N"], ["B", "B", "N", "B", "N", "X", "N"], ["B", "B", "N", "X", "N", "B", "N"], ["B", "X", "N", "B", "N", "B", "N"], ["X", "B", "N", "B", "N", "B", "N"]]},
"2022-09-20 09:53:12.352000" : {"coup": 5, "jeu": ["B", "B", "N", "N", "N", "X", "B"], "histo": []},
"2022-09-20 10:25:48.818000" : {"coup": 1, "jeu": ["B", "B", "N", "B", "X", "N", "N"], "histo": [["B", "B", "B", "X", "N", "N", "N"], ["B", "B", "X", "B", "N", "N", "N"], ["B", "B", "N", "B", "X", "N", "N"], ["B", "B", "N", "X", "B", "N", "N"], ["B", "B", "N", "N", "B", "X", "N"], ["B", "B", "B", "X", "N", "N", "N"], ["B", "B", "X", "B", "N", "N", "N"], ["B", "B", "N", "B", "X", "N", "N"], ["B", "B", "N", "X", "B", "N", "N"], ["B", "X", "N", "B", "B", "N", "N"], ["B", "B", "B", "X", "N", "N", "N"], ["B", "B", "X", "B", "N", "N", "N"]]},
"2022-09-20 10:24:53.780000" : {"coup": "Undo", "jeu": ["B", "B", "B", "X", "N", "N", "N"], "histo": [], "prog": "def saute(i):\n    if jeu[i]==\"B\" and i<6 and jeu[i+1]==\"X\":\n        historique.append(jeu.copy())\n        jeu[i], jeu[i+1] = \"X\", \"B\"\n    elif jeu[i]==\"B\" and i<5 and jeu[i+1]==\"N\" and jeu[i+2]==\"X\":\n        historique.append(jeu.copy())\n        jeu[i], jeu[i+2] = \"X\", \"B\"\n    elif jeu[i]==\"N\" and i>0 and jeu[i-1]==\"X\":\n        historique.append(jeu.copy())\n        jeu[i], jeu[i-1] = \"X\", \"N\"\n    elif jeu[i]==\"N\" and i>1 and jeu[i-1]==\"B\" and jeu[i-2]==\"X\":\n        historique.append(jeu.copy())\n        jeu[i], jeu[i-2] = \"X\", \"N\"\ndef undo():\n    global jeu\n    jeu = [\"B\", \"B\", \"B\", \"X\", \"N\", \"N\", \"N\"]\n\n    \n    \n    \n        \n        \n        \n        \n    \n    \n    \n"},
"2022-09-20 10:25:34.293000" : {"coup": 1, "jeu": ["B", "X", "N", "B", "B", "N", "N"], "histo": [["B", "B", "B", "X", "N", "N", "N"], ["B", "B", "X", "B", "N", "N", "N"], ["B", "B", "N", "B", "X", "N", "N"], ["B", "B", "N", "X", "B", "N", "N"], ["B", "B", "N", "N", "B", "X", "N"], ["B", "B", "B", "X", "N", "N", "N"], ["B", "B", "X", "B", "N", "N", "N"], ["B", "B", "N", "B", "X", "N", "N"], ["B", "B", "N", "X", "B", "N", "N"]]},
"2022-09-20 09:48:22.040000" : {"coup": 4, "jeu": ["B", "B", "N", "N", "N", "X", "B"], "histo": []},
"2022-09-20 09:50:47.682000" : {"coup": 3, "jeu": ["B", "B", "N", "N", "N", "X", "B"], "histo": []},
"2022-09-20 10:27:39.859000" : {"coup": 2, "jeu": ["B", "B", "X", "B", "N", "N", "N"], "histo": [["B", "B", "B", "X", "N", "N", "N"], ["B", "B", "X", "B", "N", "N", "N"], ["B", "B", "N", "B", "X", "N", "N"], ["B", "B", "N", "X", "B", "N", "N"], ["B", "B", "N", "N", "B", "X", "N"], ["B", "B", "B", "X", "N", "N", "N"], ["B", "B", "X", "B", "N", "N", "N"], ["B", "B", "N", "B", "X", "N", "N"], ["B", "B", "N", "X", "B", "N", "N"], ["B", "X", "N", "B", "B", "N", "N"], ["B", "B", "B", "X", "N", "N", "N"], ["B", "B", "X", "B", "N", "N", "N"], ["B", "B", "N", "B", "X", "N", "N"], ["B", "B", "N", "X", "B", "N", "N"], ["B", "X", "N", "B", "B", "N", "N"], ["B", "B", "B", "X", "N", "N", "N"], ["B", "B", "X", "B", "N", "N", "N"], ["B", "B", "N", "B", "X", "N", "N"], ["B", "B", "N", "B", "N", "X", "N"], ["B", "B", "N", "X", "N", "B", "N"], ["B", "X", "N", "B", "N", "B", "N"], ["B", "N", "X", "B", "N", "B", "N"], ["B", "N", "N", "B", "X", "B", "N"], ["B", "N", "N", "B", "N", "B", "X"], ["B", "N", "N", "B", "N", "X", "B"], ["B", "B", "B", "X", "N", "N", "N"], ["B", "B", "X", "B", "N", "N", "N"], ["B", "B", "N", "B", "X", "N", "N"], ["B", "B", "N", "B", "N", "X", "N"], ["B", "B", "N", "X", "N", "B", "N"], ["B", "X", "N", "B", "N", "B", "N"], ["B", "N", "X", "B", "N", "B", "N"], ["X", "N", "B", "B", "N", "B", "N"], ["B", "B", "B", "X", "N", "N", "N"], ["B", "B", "X", "B", "N", "N", "N"], ["B", "B", "N", "B", "X", "N", "N"], ["B", "B", "N", "B", "N", "X", "N"], ["B", "B", "N", "X", "N", "B", "N"], ["B", "X", "N", "B", "N", "B", "N"], ["X", "B", "N", "B", "N", "B", "N"], ["N", "B", "X", "B", "N", "B", "N"], ["N", "B", "N", "B", "X", "B", "N"], ["B", "B", "B", "X", "N", "N", "N"]]},
"2022-09-20 09:53:44.336000" : {"coup": 3, "jeu": ["B", "B", "N", "X", "N", "B", "N"], "histo": []},
"2022-09-20 09:49:40.162000" : {"coup": 5, "jeu": ["B", "B", "N", "N", "N", "X", "B"], "histo": []},
"2022-09-20 10:27:30.837000" : {"coup": 3, "jeu": ["N", "B", "N", "X", "B", "B", "N"], "histo": [["B", "B", "B", "X", "N", "N", "N"], ["B", "B", "X", "B", "N", "N", "N"], ["B", "B", "N", "B", "X", "N", "N"], ["B", "B", "N", "X", "B", "N", "N"], ["B", "B", "N", "N", "B", "X", "N"], ["B", "B", "B", "X", "N", "N", "N"], ["B", "B", "X", "B", "N", "N", "N"], ["B", "B", "N", "B", "X", "N", "N"], ["B", "B", "N", "X", "B", "N", "N"], ["B", "X", "N", "B", "B", "N", "N"], ["B", "B", "B", "X", "N", "N", "N"], ["B", "B", "X", "B", "N", "N", "N"], ["B", "B", "N", "B", "X", "N", "N"], ["B", "B", "N", "X", "B", "N", "N"], ["B", "X", "N", "B", "B", "N", "N"], ["B", "B", "B", "X", "N", "N", "N"], ["B", "B", "X", "B", "N", "N", "N"], ["B", "B", "N", "B", "X", "N", "N"], ["B", "B", "N", "B", "N", "X", "N"], ["B", "B", "N", "X", "N", "B", "N"], ["B", "X", "N", "B", "N", "B", "N"], ["B", "N", "X", "B", "N", "B", "N"], ["B", "N", "N", "B", "X", "B", "N"], ["B", "N", "N", "B", "N", "B", "X"], ["B", "N", "N", "B", "N", "X", "B"], ["B", "B", "B", "X", "N", "N", "N"], ["B", "B", "X", "B", "N", "N", "N"], ["B", "B", "N", "B", "X", "N", "N"], ["B", "B", "N", "B", "N", "X", "N"], ["B", "B", "N", "X", "N", "B", "N"], ["B", "X", "N", "B", "N", "B", "N"], ["B", "N", "X", "B", "N", "B", "N"], ["X", "N", "B", "B", "N", "B", "N"], ["B", "B", "B", "X", "N", "N", "N"], ["B", "B", "X", "B", "N", "N", "N"], ["B", "B", "N", "B", "X", "N", "N"], ["B", "B", "N", "B", "N", "X", "N"], ["B", "B", "N", "X", "N", "B", "N"], ["B", "X", "N", "B", "N", "B", "N"], ["X", "B", "N", "B", "N", "B", "N"], ["N", "B", "X", "B", "N", "B", "N"], ["N", "B", "N", "B", "X", "B", "N"]]},
"2022-09-20 09:48:03.828000" : {"coup": 1, "jeu": ["B", "B", "N", "N", "N", "X", "B"], "histo": []},
"2022-09-20 10:25:16.626000" : {"coup": 3, "jeu": ["B", "B", "N", "X", "B", "N", "N"], "histo": [["B", "B", "B", "X", "N", "N", "N"], ["B", "B", "X", "B", "N", "N", "N"], ["B", "B", "N", "B", "X", "N", "N"]]},
"2022-09-20 09:49:44.631000" : {"coup": 4, "jeu": ["B", "B", "N", "N", "N", "X", "B"], "histo": []},
"2022-09-20 09:53:33.186000" : {"coup": 2, "jeu": ["B", "N", "X", "B", "B", "N", "N"], "histo": []},
"2022-09-20 09:50:47.098000" : {"coup": 3, "jeu": ["B", "B", "N", "N", "N", "X", "B"], "histo": []},
"2022-09-20 09:53:18.275000" : {"coup": 2, "jeu": ["B", "B", "X", "B", "N", "N", "N"], "histo": []},
"2022-09-20 09:53:57.301000" : {"coup": 6, "jeu": ["B", "N", "N", "B", "N", "B", "X"], "histo": []},
"2022-09-20 10:26:01.630000" : {"coup": 4, "jeu": ["B", "B", "N", "B", "X", "N", "N"], "histo": [["B", "B", "B", "X", "N", "N", "N"], ["B", "B", "X", "B", "N", "N", "N"], ["B", "B", "N", "B", "X", "N", "N"], ["B", "B", "N", "X", "B", "N", "N"], ["B", "B", "N", "N", "B", "X", "N"], ["B", "B", "B", "X", "N", "N", "N"], ["B", "B", "X", "B", "N", "N", "N"], ["B", "B", "N", "B", "X", "N", "N"], ["B", "B", "N", "X", "B", "N", "N"], ["B", "X", "N", "B", "B", "N", "N"], ["B", "B", "B", "X", "N", "N", "N"], ["B", "B", "X", "B", "N", "N", "N"], ["B", "B", "N", "B", "X", "N", "N"], ["B", "B", "N", "X", "B", "N", "N"], ["B", "X", "N", "B", "B", "N", "N"], ["B", "B", "B", "X", "N", "N", "N"], ["B", "B", "X", "B", "N", "N", "N"]]},
"2022-09-20 10:27:07.061000" : {"coup": 5, "jeu": ["B", "B", "N", "B", "N", "X", "N"], "histo": [["B", "B", "B", "X", "N", "N", "N"], ["B", "B", "X", "B", "N", "N", "N"], ["B", "B", "N", "B", "X", "N", "N"], ["B", "B", "N", "X", "B", "N", "N"], ["B", "B", "N", "N", "B", "X", "N"], ["B", "B", "B", "X", "N", "N", "N"], ["B", "B", "X", "B", "N", "N", "N"], ["B", "B", "N", "B", "X", "N", "N"], ["B", "B", "N", "X", "B", "N", "N"], ["B", "X", "N", "B", "B", "N", "N"], ["B", "B", "B", "X", "N", "N", "N"], ["B", "B", "X", "B", "N", "N", "N"], ["B", "B", "N", "B", "X", "N", "N"], ["B", "B", "N", "X", "B", "N", "N"], ["B", "X", "N", "B", "B", "N", "N"], ["B", "B", "B", "X", "N", "N", "N"], ["B", "B", "X", "B", "N", "N", "N"], ["B", "B", "N", "B", "X", "N", "N"], ["B", "B", "N", "B", "N", "X", "N"], ["B", "B", "N", "X", "N", "B", "N"], ["B", "X", "N", "B", "N", "B", "N"], ["B", "N", "X", "B", "N", "B", "N"], ["B", "N", "N", "B", "X", "B", "N"], ["B", "N", "N", "B", "N", "B", "X"], ["B", "N", "N", "B", "N", "X", "B"], ["B", "B", "B", "X", "N", "N", "N"], ["B", "B", "X", "B", "N", "N", "N"], ["B", "B", "N", "B", "X", "N", "N"], ["B", "B", "N", "B", "N", "X", "N"], ["B", "B", "N", "X", "N", "B", "N"], ["B", "X", "N", "B", "N", "B", "N"], ["B", "N", "X", "B", "N", "B", "N"], ["X", "N", "B", "B", "N", "B", "N"], ["B", "B", "B", "X", "N", "N", "N"], ["B", "B", "X", "B", "N", "N", "N"], ["B", "B", "N", "B", "X", "N", "N"]]},
"2022-09-20 09:47:32.190000" : {"coup": 1, "jeu": ["B", "B", "N", "N", "X", "B", "N"], "histo": []},
"2022-09-20 10:25:07.244000" : {"coup": 2, "jeu": ["B", "B", "X", "B", "N", "N", "N"], "histo": [["B", "B", "B", "X", "N", "N", "N"]]},
"2022-09-20 10:25:51.209000" : {"coup": 3, "jeu": ["B", "B", "N", "X", "B", "N", "N"], "histo": [["B", "B", "B", "X", "N", "N", "N"], ["B", "B", "X", "B", "N", "N", "N"], ["B", "B", "N", "B", "X", "N", "N"], ["B", "B", "N", "X", "B", "N", "N"], ["B", "B", "N", "N", "B", "X", "N"], ["B", "B", "B", "X", "N", "N", "N"], ["B", "B", "X", "B", "N", "N", "N"], ["B", "B", "N", "B", "X", "N", "N"], ["B", "B", "N", "X", "B", "N", "N"], ["B", "X", "N", "B", "B", "N", "N"], ["B", "B", "B", "X", "N", "N", "N"], ["B", "B", "X", "B", "N", "N", "N"], ["B", "B", "N", "B", "X", "N", "N"]]},
"2022-09-20 09:48:36.806000" : {"coup": 1, "jeu": ["B", "B", "N", "N", "N", "X", "B"], "histo": []},
"2022-09-20 10:28:23.050000" : {"coup": 4, "jeu": ["N", "N", "N", "B", "X", "B", "B"], "histo": [["B", "B", "B", "X", "N", "N", "N"], ["B", "B", "X", "B", "N", "N", "N"], ["B", "B", "N", "B", "X", "N", "N"], ["B", "B", "N", "X", "B", "N", "N"], ["B", "B", "N", "N", "B", "X", "N"], ["B", "B", "B", "X", "N", "N", "N"], ["B", "B", "X", "B", "N", "N", "N"], ["B", "B", "N", "B", "X", "N", "N"], ["B", "B", "N", "X", "B", "N", "N"], ["B", "X", "N", "B", "B", "N", "N"], ["B", "B", "B", "X", "N", "N", "N"], ["B", "B", "X", "B", "N", "N", "N"], ["B", "B", "N", "B", "X", "N", "N"], ["B", "B", "N", "X", "B", "N", "N"], ["B", "X", "N", "B", "B", "N", "N"], ["B", "B", "B", "X", "N", "N", "N"], ["B", "B", "X", "B", "N", "N", "N"], ["B", "B", "N", "B", "X", "N", "N"], ["B", "B", "N", "B", "N", "X", "N"], ["B", "B", "N", "X", "N", "B", "N"], ["B", "X", "N", "B", "N", "B", "N"], ["B", "N", "X", "B", "N", "B", "N"], ["B", "N", "N", "B", "X", "B", "N"], ["B", "N", "N", "B", "N", "B", "X"], ["B", "N", "N", "B", "N", "X", "B"], ["B", "B", "B", "X", "N", "N", "N"], ["B", "B", "X", "B", "N", "N", "N"], ["B", "B", "N", "B", "X", "N", "N"], ["B", "B", "N", "B", "N", "X", "N"], ["B", "B", "N", "X", "N", "B", "N"], ["B", "X", "N", "B", "N", "B", "N"], ["B", "N", "X", "B", "N", "B", "N"], ["X", "N", "B", "B", "N", "B", "N"], ["B", "B", "B", "X", "N", "N", "N"], ["B", "B", "X", "B", "N", "N", "N"], ["B", "B", "N", "B", "X", "N", "N"], ["B", "B", "N", "B", "N", "X", "N"], ["B", "B", "N", "X", "N", "B", "N"], ["B", "X", "N", "B", "N", "B", "N"], ["X", "B", "N", "B", "N", "B", "N"], ["N", "B", "X", "B", "N", "B", "N"], ["N", "B", "N", "B", "X", "B", "N"], ["B", "B", "B", "X", "N", "N", "N"], ["B", "B", "X", "B", "N", "N", "N"], ["B", "B", "N", "B", "X", "N", "N"], ["B", "B", "N", "B", "N", "X", "N"], ["B", "B", "N", "X", "N", "B", "N"], ["B", "X", "N", "B", "N", "B", "N"], ["X", "B", "N", "B", "N", "B", "N"], ["N", "B", "X", "B", "N", "B", "N"], ["N", "B", "N", "B", "X", "B", "N"], ["N", "B", "N", "B", "N", "B", "X"], ["N", "B", "N", "B", "N", "X", "B"], ["N", "B", "N", "X", "N", "B", "B"], ["N", "X", "N", "B", "N", "B", "B"], ["N", "N", "X", "B", "N", "B", "B"]]},
"2022-09-20 09:47:58.467000" : {"coup": 1, "jeu": ["B", "B", "N", "N", "N", "X", "B"], "histo": []},
"2022-09-20 10:26:42.011000" : {"coup": 1, "jeu": ["B", "X", "N", "B", "N", "B", "N"], "histo": [["B", "B", "B", "X", "N", "N", "N"], ["B", "B", "X", "B", "N", "N", "N"], ["B", "B", "N", "B", "X", "N", "N"], ["B", "B", "N", "X", "B", "N", "N"], ["B", "B", "N", "N", "B", "X", "N"], ["B", "B", "B", "X", "N", "N", "N"], ["B", "B", "X", "B", "N", "N", "N"], ["B", "B", "N", "B", "X", "N", "N"], ["B", "B", "N", "X", "B", "N", "N"], ["B", "X", "N", "B", "B", "N", "N"], ["B", "B", "B", "X", "N", "N", "N"], ["B", "B", "X", "B", "N", "N", "N"], ["B", "B", "N", "B", "X", "N", "N"], ["B", "B", "N", "X", "B", "N", "N"], ["B", "X", "N", "B", "B", "N", "N"], ["B", "B", "B", "X", "N", "N", "N"], ["B", "B", "X", "B", "N", "N", "N"], ["B", "B", "N", "B", "X", "N", "N"], ["B", "B", "N", "B", "N", "X", "N"], ["B", "B", "N", "X", "N", "B", "N"], ["B", "X", "N", "B", "N", "B", "N"], ["B", "N", "X", "B", "N", "B", "N"], ["B", "N", "N", "B", "X", "B", "N"], ["B", "N", "N", "B", "N", "B", "X"], ["B", "N", "N", "B", "N", "X", "B"], ["B", "B", "B", "X", "N", "N", "N"], ["B", "B", "X", "B", "N", "N", "N"], ["B", "B", "N", "B", "X", "N", "N"], ["B", "B", "N", "B", "N", "X", "N"], ["B", "B", "N", "X", "N", "B", "N"]]},
"2022-09-20 09:53:34.601000" : {"coup": "Undo", "jeu": ["B", "B", "B", "X", "N", "N", "N"], "histo": []},
"2022-09-20 09:54:45.644000" : {"coup": 3, "jeu": ["B", "B", "N", "X", "N", "B", "N"], "histo": []},
"2022-09-20 09:54:04.011000" : {"coup": 3, "jeu": ["B", "N", "N", "X", "N", "B", "B"], "histo": []},
"2022-09-20 09:55:13.953000" : {"coup": 3, "jeu": ["N", "N", "N", "X", "B", "B", "B"], "histo": []},
"2022-09-20 09:48:54.677000" : {"coup": 1, "jeu": ["B", "B", "N", "N", "N", "X", "B"], "histo": []},
"2022-09-20 10:27:22.075000" : {"coup": 0, "jeu": ["X", "B", "N", "B", "N", "B", "N"], "histo": [["B", "B", "B", "X", "N", "N", "N"], ["B", "B", "X", "B", "N", "N", "N"], ["B", "B", "N", "B", "X", "N", "N"], ["B", "B", "N", "X", "B", "N", "N"], ["B", "B", "N", "N", "B", "X", "N"], ["B", "B", "B", "X", "N", "N", "N"], ["B", "B", "X", "B", "N", "N", "N"], ["B", "B", "N", "B", "X", "N", "N"], ["B", "B", "N", "X", "B", "N", "N"], ["B", "X", "N", "B", "B", "N", "N"], ["B", "B", "B", "X", "N", "N", "N"], ["B", "B", "X", "B", "N", "N", "N"], ["B", "B", "N", "B", "X", "N", "N"], ["B", "B", "N", "X", "B", "N", "N"], ["B", "X", "N", "B", "B", "N", "N"], ["B", "B", "B", "X", "N", "N", "N"], ["B", "B", "X", "B", "N", "N", "N"], ["B", "B", "N", "B", "X", "N", "N"], ["B", "B", "N", "B", "N", "X", "N"], ["B", "B", "N", "X", "N", "B", "N"], ["B", "X", "N", "B", "N", "B", "N"], ["B", "N", "X", "B", "N", "B", "N"], ["B", "N", "N", "B", "X", "B", "N"], ["B", "N", "N", "B", "N", "B", "X"], ["B", "N", "N", "B", "N", "X", "B"], ["B", "B", "B", "X", "N", "N", "N"], ["B", "B", "X", "B", "N", "N", "N"], ["B", "B", "N", "B", "X", "N", "N"], ["B", "B", "N", "B", "N", "X", "N"], ["B", "B", "N", "X", "N", "B", "N"], ["B", "X", "N", "B", "N", "B", "N"], ["B", "N", "X", "B", "N", "B", "N"], ["X", "N", "B", "B", "N", "B", "N"], ["B", "B", "B", "X", "N", "N", "N"], ["B", "B", "X", "B", "N", "N", "N"], ["B", "B", "N", "B", "X", "N", "N"], ["B", "B", "N", "B", "N", "X", "N"], ["B", "B", "N", "X", "N", "B", "N"], ["B", "X", "N", "B", "N", "B", "N"]]},
"2022-09-20 10:24:59.616000" : {"coup": 2, "jeu": ["B", "B", "X", "B", "N", "N", "N"], "histo": [["B", "B", "B", "X", "N", "N", "N"]]},
"2022-09-20 10:25:21.402000" : {"coup": 4, "jeu": ["B", "B", "N", "N", "X", "B", "N"], "histo": [["B", "B", "B", "X", "N", "N", "N"], ["B", "B", "X", "B", "N", "N", "N"], ["B", "B", "N", "B", "X", "N", "N"], ["B", "B", "N", "X", "B", "N", "N"], ["B", "B", "N", "N", "B", "X", "N"]]},
"2022-09-20 09:55:04.499000" : {"coup": 5, "jeu": ["N", "B", "N", "B", "N", "X", "B"], "histo": []},
"2022-09-20 10:25:59.692000" : {"coup": 2, "jeu": ["B", "B", "X", "B", "N", "N", "N"], "histo": [["B", "B", "B", "X", "N", "N", "N"], ["B", "B", "X", "B", "N", "N", "N"], ["B", "B", "N", "B", "X", "N", "N"], ["B", "B", "N", "X", "B", "N", "N"], ["B", "B", "N", "N", "B", "X", "N"], ["B", "B", "B", "X", "N", "N", "N"], ["B", "B", "X", "B", "N", "N", "N"], ["B", "B", "N", "B", "X", "N", "N"], ["B", "B", "N", "X", "B", "N", "N"], ["B", "X", "N", "B", "B", "N", "N"], ["B", "B", "B", "X", "N", "N", "N"], ["B", "B", "X", "B", "N", "N", "N"], ["B", "B", "N", "B", "X", "N", "N"], ["B", "B", "N", "X", "B", "N", "N"], ["B", "X", "N", "B", "B", "N", "N"], ["B", "B", "B", "X", "N", "N", "N"]]},
"2022-09-20 09:49:47.701000" : {"coup": 3, "jeu": ["B", "B", "N", "N", "N", "X", "B"], "histo": []},
"2022-09-20 09:54:11.395000" : {"coup": 3, "jeu": ["B", "N", "N", "X", "N", "B", "B"], "histo": []},
"2022-09-20 10:27:46.132000" : {"coup": 5, "jeu": ["B", "B", "N", "B", "N", "X", "N"], "histo": [["B", "B", "B", "X", "N", "N", "N"], ["B", "B", "X", "B", "N", "N", "N"], ["B", "B", "N", "B", "X", "N", "N"], ["B", "B", "N", "X", "B", "N", "N"], ["B", "B", "N", "N", "B", "X", "N"], ["B", "B", "B", "X", "N", "N", "N"], ["B", "B", "X", "B", "N", "N", "N"], ["B", "B", "N", "B", "X", "N", "N"], ["B", "B", "N", "X", "B", "N", "N"], ["B", "X", "N", "B", "B", "N", "N"], ["B", "B", "B", "X", "N", "N", "N"], ["B", "B", "X", "B", "N", "N", "N"], ["B", "B", "N", "B", "X", "N", "N"], ["B", "B", "N", "X", "B", "N", "N"], ["B", "X", "N", "B", "B", "N", "N"], ["B", "B", "B", "X", "N", "N", "N"], ["B", "B", "X", "B", "N", "N", "N"], ["B", "B", "N", "B", "X", "N", "N"], ["B", "B", "N", "B", "N", "X", "N"], ["B", "B", "N", "X", "N", "B", "N"], ["B", "X", "N", "B", "N", "B", "N"], ["B", "N", "X", "B", "N", "B", "N"], ["B", "N", "N", "B", "X", "B", "N"], ["B", "N", "N", "B", "N", "B", "X"], ["B", "N", "N", "B", "N", "X", "B"], ["B", "B", "B", "X", "N", "N", "N"], ["B", "B", "X", "B", "N", "N", "N"], ["B", "B", "N", "B", "X", "N", "N"], ["B", "B", "N", "B", "N", "X", "N"], ["B", "B", "N", "X", "N", "B", "N"], ["B", "X", "N", "B", "N", "B", "N"], ["B", "N", "X", "B", "N", "B", "N"], ["X", "N", "B", "B", "N", "B", "N"], ["B", "B", "B", "X", "N", "N", "N"], ["B", "B", "X", "B", "N", "N", "N"], ["B", "B", "N", "B", "X", "N", "N"], ["B", "B", "N", "B", "N", "X", "N"], ["B", "B", "N", "X", "N", "B", "N"], ["B", "X", "N", "B", "N", "B", "N"], ["X", "B", "N", "B", "N", "B", "N"], ["N", "B", "X", "B", "N", "B", "N"], ["N", "B", "N", "B", "X", "B", "N"], ["B", "B", "B", "X", "N", "N", "N"], ["B", "B", "X", "B", "N", "N", "N"], ["B", "B", "N", "B", "X", "N", "N"]]},
"2022-09-20 09:47:27.142000" : {"coup": 5, "jeu": ["B", "B", "N", "N", "B", "X", "N"], "histo": []},
"2022-09-20 10:28:09.075000" : {"coup": 5, "jeu": ["N", "B", "N", "B", "N", "X", "B"], "histo": [["B", "B", "B", "X", "N", "N", "N"], ["B", "B", "X", "B", "N", "N", "N"], ["B", "B", "N", "B", "X", "N", "N"], ["B", "B", "N", "X", "B", "N", "N"], ["B", "B", "N", "N", "B", "X", "N"], ["B", "B", "B", "X", "N", "N", "N"], ["B", "B", "X", "B", "N", "N", "N"], ["B", "B", "N", "B", "X", "N", "N"], ["B", "B", "N", "X", "B", "N", "N"], ["B", "X", "N", "B", "B", "N", "N"], ["B", "B", "B", "X", "N", "N", "N"], ["B", "B", "X", "B", "N", "N", "N"], ["B", "B", "N", "B", "X", "N", "N"], ["B", "B", "N", "X", "B", "N", "N"], ["B", "X", "N", "B", "B", "N", "N"], ["B", "B", "B", "X", "N", "N", "N"], ["B", "B", "X", "B", "N", "N", "N"], ["B", "B", "N", "B", "X", "N", "N"], ["B", "B", "N", "B", "N", "X", "N"], ["B", "B", "N", "X", "N", "B", "N"], ["B", "X", "N", "B", "N", "B", "N"], ["B", "N", "X", "B", "N", "B", "N"], ["B", "N", "N", "B", "X", "B", "N"], ["B", "N", "N", "B", "N", "B", "X"], ["B", "N", "N", "B", "N", "X", "B"], ["B", "B", "B", "X", "N", "N", "N"], ["B", "B", "X", "B", "N", "N", "N"], ["B", "B", "N", "B", "X", "N", "N"], ["B", "B", "N", "B", "N", "X", "N"], ["B", "B", "N", "X", "N", "B", "N"], ["B", "X", "N", "B", "N", "B", "N"], ["B", "N", "X", "B", "N", "B", "N"], ["X", "N", "B", "B", "N", "B", "N"], ["B", "B", "B", "X", "N", "N", "N"], ["B", "B", "X", "B", "N", "N", "N"], ["B", "B", "N", "B", "X", "N", "N"], ["B", "B", "N", "B", "N", "X", "N"], ["B", "B", "N", "X", "N", "B", "N"], ["B", "X", "N", "B", "N", "B", "N"], ["X", "B", "N", "B", "N", "B", "N"], ["N", "B", "X", "B", "N", "B", "N"], ["N", "B", "N", "B", "X", "B", "N"], ["B", "B", "B", "X", "N", "N", "N"], ["B", "B", "X", "B", "N", "N", "N"], ["B", "B", "N", "B", "X", "N", "N"], ["B", "B", "N", "B", "N", "X", "N"], ["B", "B", "N", "X", "N", "B", "N"], ["B", "X", "N", "B", "N", "B", "N"], ["X", "B", "N", "B", "N", "B", "N"], ["N", "B", "X", "B", "N", "B", "N"], ["N", "B", "N", "B", "X", "B", "N"], ["N", "B", "N", "B", "N", "B", "X"]]},
"2022-09-20 09:54:34.063000" : {"coup": 3, "jeu": ["B", "N", "N", "X", "N", "B", "B"], "histo": []},
"2022-09-20 09:47:50.373000" : {"coup": 1, "jeu": ["B", "B", "N", "N", "N", "X", "B"], "histo": []},
"2022-09-20 09:54:01.425000" : {"coup": 6, "jeu": ["B", "N", "N", "B", "N", "B", "X"], "histo": []},
"2022-09-20 09:51:31.417000" : {"coup": 3, "jeu": ["B", "B", "N", "N", "N", "X", "B"], "histo": []},
"2022-09-20 09:54:52.835000" : {"coup": 0, "jeu": ["X", "B", "N", "B", "N", "B", "N"], "histo": []},
"2022-09-20 09:47:47.924000" : {"coup": 1, "jeu": ["B", "B", "N", "N", "N", "X", "B"], "histo": []},
"2022-09-20 09:54:13.680000" : {"coup": 2, "jeu": ["B", "B", "X", "B", "N", "N", "N"], "histo": []},
"2022-09-20 10:25:53.620000" : {"coup": 1, "jeu": ["B", "X", "N", "B", "B", "N", "N"], "histo": [["B", "B", "B", "X", "N", "N", "N"], ["B", "B", "X", "B", "N", "N", "N"], ["B", "B", "N", "B", "X", "N", "N"], ["B", "B", "N", "X", "B", "N", "N"], ["B", "B", "N", "N", "B", "X", "N"], ["B", "B", "B", "X", "N", "N", "N"], ["B", "B", "X", "B", "N", "N", "N"], ["B", "B", "N", "B", "X", "N", "N"], ["B", "B", "N", "X", "B", "N", "N"], ["B", "X", "N", "B", "B", "N", "N"], ["B", "B", "B", "X", "N", "N", "N"], ["B", "B", "X", "B", "N", "N", "N"], ["B", "B", "N", "B", "X", "N", "N"], ["B", "B", "N", "X", "B", "N", "N"]]},
"2022-09-20 10:25:26.786000" : {"coup": 2, "jeu": ["B", "B", "X", "B", "N", "N", "N"], "histo": [["B", "B", "B", "X", "N", "N", "N"], ["B", "B", "X", "B", "N", "N", "N"], ["B", "B", "N", "B", "X", "N", "N"], ["B", "B", "N", "X", "B", "N", "N"], ["B", "B", "N", "N", "B", "X", "N"], ["B", "B", "B", "X", "N", "N", "N"]]},
"2022-09-20 09:50:49.505000" : {"coup": 5, "jeu": ["B", "B", "N", "N", "N", "X", "B"], "histo": []},
"2022-09-20 10:27:37.507000" : {"coup": "Undo", "jeu": ["B", "B", "B", "X", "N", "N", "N"], "histo": [["B", "B", "B", "X", "N", "N", "N"], ["B", "B", "X", "B", "N", "N", "N"], ["B", "B", "N", "B", "X", "N", "N"], ["B", "B", "N", "X", "B", "N", "N"], ["B", "B", "N", "N", "B", "X", "N"], ["B", "B", "B", "X", "N", "N", "N"], ["B", "B", "X", "B", "N", "N", "N"], ["B", "B", "N", "B", "X", "N", "N"], ["B", "B", "N", "X", "B", "N", "N"], ["B", "X", "N", "B", "B", "N", "N"], ["B", "B", "B", "X", "N", "N", "N"], ["B", "B", "X", "B", "N", "N", "N"], ["B", "B", "N", "B", "X", "N", "N"], ["B", "B", "N", "X", "B", "N", "N"], ["B", "X", "N", "B", "B", "N", "N"], ["B", "B", "B", "X", "N", "N", "N"], ["B", "B", "X", "B", "N", "N", "N"], ["B", "B", "N", "B", "X", "N", "N"], ["B", "B", "N", "B", "N", "X", "N"], ["B", "B", "N", "X", "N", "B", "N"], ["B", "X", "N", "B", "N", "B", "N"], ["B", "N", "X", "B", "N", "B", "N"], ["B", "N", "N", "B", "X", "B", "N"], ["B", "N", "N", "B", "N", "B", "X"], ["B", "N", "N", "B", "N", "X", "B"], ["B", "B", "B", "X", "N", "N", "N"], ["B", "B", "X", "B", "N", "N", "N"], ["B", "B", "N", "B", "X", "N", "N"], ["B", "B", "N", "B", "N", "X", "N"], ["B", "B", "N", "X", "N", "B", "N"], ["B", "X", "N", "B", "N", "B", "N"], ["B", "N", "X", "B", "N", "B", "N"], ["X", "N", "B", "B", "N", "B", "N"], ["B", "B", "B", "X", "N", "N", "N"], ["B", "B", "X", "B", "N", "N", "N"], ["B", "B", "N", "B", "X", "N", "N"], ["B", "B", "N", "B", "N", "X", "N"], ["B", "B", "N", "X", "N", "B", "N"], ["B", "X", "N", "B", "N", "B", "N"], ["X", "B", "N", "B", "N", "B", "N"], ["N", "B", "X", "B", "N", "B", "N"], ["N", "B", "N", "B", "X", "B", "N"]]},
"2022-09-20 10:23:51.167000" : {"coup": "Reset", "jeu": ["B", "B", "B", "X", "N", "N", "N"], "histo": []},
"2022-09-20 10:25:29.577000" : {"coup": 3, "jeu": ["B", "B", "N", "X", "B", "N", "N"], "histo": [["B", "B", "B", "X", "N", "N", "N"], ["B", "B", "X", "B", "N", "N", "N"], ["B", "B", "N", "B", "X", "N", "N"], ["B", "B", "N", "X", "B", "N", "N"], ["B", "B", "N", "N", "B", "X", "N"], ["B", "B", "B", "X", "N", "N", "N"], ["B", "B", "X", "B", "N", "N", "N"], ["B", "B", "N", "B", "X", "N", "N"]]},
"2022-09-20 10:26:38.610000" : {"coup": 3, "jeu": ["B", "B", "N", "X", "N", "B", "N"], "histo": [["B", "B", "B", "X", "N", "N", "N"], ["B", "B", "X", "B", "N", "N", "N"], ["B", "B", "N", "B", "X", "N", "N"], ["B", "B", "N", "X", "B", "N", "N"], ["B", "B", "N", "N", "B", "X", "N"], ["B", "B", "B", "X", "N", "N", "N"], ["B", "B", "X", "B", "N", "N", "N"], ["B", "B", "N", "B", "X", "N", "N"], ["B", "B", "N", "X", "B", "N", "N"], ["B", "X", "N", "B", "B", "N", "N"], ["B", "B", "B", "X", "N", "N", "N"], ["B", "B", "X", "B", "N", "N", "N"], ["B", "B", "N", "B", "X", "N", "N"], ["B", "B", "N", "X", "B", "N", "N"], ["B", "X", "N", "B", "B", "N", "N"], ["B", "B", "B", "X", "N", "N", "N"], ["B", "B", "X", "B", "N", "N", "N"], ["B", "B", "N", "B", "X", "N", "N"], ["B", "B", "N", "B", "N", "X", "N"], ["B", "B", "N", "X", "N", "B", "N"], ["B", "X", "N", "B", "N", "B", "N"], ["B", "N", "X", "B", "N", "B", "N"], ["B", "N", "N", "B", "X", "B", "N"], ["B", "N", "N", "B", "N", "B", "X"], ["B", "N", "N", "B", "N", "X", "B"], ["B", "B", "B", "X", "N", "N", "N"], ["B", "B", "X", "B", "N", "N", "N"], ["B", "B", "N", "B", "X", "N", "N"], ["B", "B", "N", "B", "N", "X", "N"]]},
"2022-09-20 10:26:26.508000" : {"coup": 2, "jeu": ["B", "B", "X", "B", "N", "N", "N"], "histo": [["B", "B", "B", "X", "N", "N", "N"], ["B", "B", "X", "B", "N", "N", "N"], ["B", "B", "N", "B", "X", "N", "N"], ["B", "B", "N", "X", "B", "N", "N"], ["B", "B", "N", "N", "B", "X", "N"], ["B", "B", "B", "X", "N", "N", "N"], ["B", "B", "X", "B", "N", "N", "N"], ["B", "B", "N", "B", "X", "N", "N"], ["B", "B", "N", "X", "B", "N", "N"], ["B", "X", "N", "B", "B", "N", "N"], ["B", "B", "B", "X", "N", "N", "N"], ["B", "B", "X", "B", "N", "N", "N"], ["B", "B", "N", "B", "X", "N", "N"], ["B", "B", "N", "X", "B", "N", "N"], ["B", "X", "N", "B", "B", "N", "N"], ["B", "B", "B", "X", "N", "N", "N"], ["B", "B", "X", "B", "N", "N", "N"], ["B", "B", "N", "B", "X", "N", "N"], ["B", "B", "N", "B", "N", "X", "N"], ["B", "B", "N", "X", "N", "B", "N"], ["B", "X", "N", "B", "N", "B", "N"], ["B", "N", "X", "B", "N", "B", "N"], ["B", "N", "N", "B", "X", "B", "N"], ["B", "N", "N", "B", "N", "B", "X"], ["B", "N", "N", "B", "N", "X", "B"], ["B", "B", "B", "X", "N", "N", "N"]]},
"2022-09-20 09:48:02.633000" : {"coup": 5, "jeu": ["B", "B", "N", "N", "N", "X", "B"], "histo": []},
"2022-09-20 09:48:01.933000" : {"coup": 0, "jeu": ["B", "B", "N", "N", "N", "X", "B"], "histo": []},
"2022-09-20 09:47:59.374000" : {"coup": 5, "jeu": ["B", "B", "N", "N", "N", "X", "B"], "histo": []},
"2022-09-20 09:47:51.166000" : {"coup": 5, "jeu": ["B", "B", "N", "N", "N", "X", "B"], "histo": []},
"2022-09-20 09:51:29.097000" : {"coup": 6, "jeu": ["B", "B", "N", "N", "N", "X", "B"], "histo": []},
"2022-09-20 09:55:08.572000" : {"coup": 1, "jeu": ["N", "X", "N", "B", "N", "B", "B"], "histo": []},
"2022-09-20 09:48:37.737000" : {"coup": 5, "jeu": ["B", "B", "N", "N", "N", "X", "B"], "histo": []},
"2022-09-20 10:27:41.547000" : {"coup": 4, "jeu": ["B", "B", "N", "B", "X", "N", "N"], "histo": [["B", "B", "B", "X", "N", "N", "N"], ["B", "B", "X", "B", "N", "N", "N"], ["B", "B", "N", "B", "X", "N", "N"], ["B", "B", "N", "X", "B", "N", "N"], ["B", "B", "N", "N", "B", "X", "N"], ["B", "B", "B", "X", "N", "N", "N"], ["B", "B", "X", "B", "N", "N", "N"], ["B", "B", "N", "B", "X", "N", "N"], ["B", "B", "N", "X", "B", "N", "N"], ["B", "X", "N", "B", "B", "N", "N"], ["B", "B", "B", "X", "N", "N", "N"], ["B", "B", "X", "B", "N", "N", "N"], ["B", "B", "N", "B", "X", "N", "N"], ["B", "B", "N", "X", "B", "N", "N"], ["B", "X", "N", "B", "B", "N", "N"], ["B", "B", "B", "X", "N", "N", "N"], ["B", "B", "X", "B", "N", "N", "N"], ["B", "B", "N", "B", "X", "N", "N"], ["B", "B", "N", "B", "N", "X", "N"], ["B", "B", "N", "X", "N", "B", "N"], ["B", "X", "N", "B", "N", "B", "N"], ["B", "N", "X", "B", "N", "B", "N"], ["B", "N", "N", "B", "X", "B", "N"], ["B", "N", "N", "B", "N", "B", "X"], ["B", "N", "N", "B", "N", "X", "B"], ["B", "B", "B", "X", "N", "N", "N"], ["B", "B", "X", "B", "N", "N", "N"], ["B", "B", "N", "B", "X", "N", "N"], ["B", "B", "N", "B", "N", "X", "N"], ["B", "B", "N", "X", "N", "B", "N"], ["B", "X", "N", "B", "N", "B", "N"], ["B", "N", "X", "B", "N", "B", "N"], ["X", "N", "B", "B", "N", "B", "N"], ["B", "B", "B", "X", "N", "N", "N"], ["B", "B", "X", "B", "N", "N", "N"], ["B", "B", "N", "B", "X", "N", "N"], ["B", "B", "N", "B", "N", "X", "N"], ["B", "B", "N", "X", "N", "B", "N"], ["B", "X", "N", "B", "N", "B", "N"], ["X", "B", "N", "B", "N", "B", "N"], ["N", "B", "X", "B", "N", "B", "N"], ["N", "B", "N", "B", "X", "B", "N"], ["B", "B", "B", "X", "N", "N", "N"], ["B", "B", "X", "B", "N", "N", "N"]]},
"2022-09-20 09:52:01.010000" : {"coup": 3, "jeu": ["B", "B", "N", "N", "N", "X", "B"], "histo": []},
"2022-09-20 09:54:26.949000" : {"coup": 2, "jeu": ["B", "N", "X", "B", "N", "B", "N"], "histo": []},
"2022-09-20 09:49:43.157000" : {"coup": 5, "jeu": ["B", "B", "N", "N", "N", "X", "B"], "histo": []},
"2022-09-20 10:26:25.640000" : {"coup": "Undo", "jeu": ["B", "B", "B", "X", "N", "N", "N"], "histo": [["B", "B", "B", "X", "N", "N", "N"], ["B", "B", "X", "B", "N", "N", "N"], ["B", "B", "N", "B", "X", "N", "N"], ["B", "B", "N", "X", "B", "N", "N"], ["B", "B", "N", "N", "B", "X", "N"], ["B", "B", "B", "X", "N", "N", "N"], ["B", "B", "X", "B", "N", "N", "N"], ["B", "B", "N", "B", "X", "N", "N"], ["B", "B", "N", "X", "B", "N", "N"], ["B", "X", "N", "B", "B", "N", "N"], ["B", "B", "B", "X", "N", "N", "N"], ["B", "B", "X", "B", "N", "N", "N"], ["B", "B", "N", "B", "X", "N", "N"], ["B", "B", "N", "X", "B", "N", "N"], ["B", "X", "N", "B", "B", "N", "N"], ["B", "B", "B", "X", "N", "N", "N"], ["B", "B", "X", "B", "N", "N", "N"], ["B", "B", "N", "B", "X", "N", "N"], ["B", "B", "N", "B", "N", "X", "N"], ["B", "B", "N", "X", "N", "B", "N"], ["B", "X", "N", "B", "N", "B", "N"], ["B", "N", "X", "B", "N", "B", "N"], ["B", "N", "N", "B", "X", "B", "N"], ["B", "N", "N", "B", "N", "B", "X"], ["B", "N", "N", "B", "N", "X", "B"]]},
"2022-09-20 09:52:59.399000" : {"coup": 2, "jeu": ["B", "B", "X", "B", "N", "N", "N"], "histo": []},
"2022-09-20 10:25:57.733000" : {"coup": "Undo", "jeu": ["B", "B", "B", "X", "N", "N", "N"], "histo": [["B", "B", "B", "X", "N", "N", "N"], ["B", "B", "X", "B", "N", "N", "N"], ["B", "B", "N", "B", "X", "N", "N"], ["B", "B", "N", "X", "B", "N", "N"], ["B", "B", "N", "N", "B", "X", "N"], ["B", "B", "B", "X", "N", "N", "N"], ["B", "B", "X", "B", "N", "N", "N"], ["B", "B", "N", "B", "X", "N", "N"], ["B", "B", "N", "X", "B", "N", "N"], ["B", "X", "N", "B", "B", "N", "N"], ["B", "B", "B", "X", "N", "N", "N"], ["B", "B", "X", "B", "N", "N", "N"], ["B", "B", "N", "B", "X", "N", "N"], ["B", "B", "N", "X", "B", "N", "N"], ["B", "X", "N", "B", "B", "N", "N"]]},
"2022-09-20 09:47:49.104000" : {"coup": 5, "jeu": ["B", "B", "N", "N", "N", "X", "B"], "histo": []},
"2022-09-20 09:47:45.398000" : {"coup": 6, "jeu": ["B", "B", "N", "N", "N", "B", "X"], "histo": []},
"2022-09-20 09:52:22.637000" : {"coup": 5, "jeu": ["B", "B", "N", "N", "N", "X", "B"], "histo": []},
"2022-09-20 10:28:24.760000" : {"coup": 3, "jeu": ["N", "N", "N", "X", "B", "B", "B"], "histo": [["B", "B", "B", "X", "N", "N", "N"], ["B", "B", "X", "B", "N", "N", "N"], ["B", "B", "N", "B", "X", "N", "N"], ["B", "B", "N", "X", "B", "N", "N"], ["B", "B", "N", "N", "B", "X", "N"], ["B", "B", "B", "X", "N", "N", "N"], ["B", "B", "X", "B", "N", "N", "N"], ["B", "B", "N", "B", "X", "N", "N"], ["B", "B", "N", "X", "B", "N", "N"], ["B", "X", "N", "B", "B", "N", "N"], ["B", "B", "B", "X", "N", "N", "N"], ["B", "B", "X", "B", "N", "N", "N"], ["B", "B", "N", "B", "X", "N", "N"], ["B", "B", "N", "X", "B", "N", "N"], ["B", "X", "N", "B", "B", "N", "N"], ["B", "B", "B", "X", "N", "N", "N"], ["B", "B", "X", "B", "N", "N", "N"], ["B", "B", "N", "B", "X", "N", "N"], ["B", "B", "N", "B", "N", "X", "N"], ["B", "B", "N", "X", "N", "B", "N"], ["B", "X", "N", "B", "N", "B", "N"], ["B", "N", "X", "B", "N", "B", "N"], ["B", "N", "N", "B", "X", "B", "N"], ["B", "N", "N", "B", "N", "B", "X"], ["B", "N", "N", "B", "N", "X", "B"], ["B", "B", "B", "X", "N", "N", "N"], ["B", "B", "X", "B", "N", "N", "N"], ["B", "B", "N", "B", "X", "N", "N"], ["B", "B", "N", "B", "N", "X", "N"], ["B", "B", "N", "X", "N", "B", "N"], ["B", "X", "N", "B", "N", "B", "N"], ["B", "N", "X", "B", "N", "B", "N"], ["X", "N", "B", "B", "N", "B", "N"], ["B", "B", "B", "X", "N", "N", "N"], ["B", "B", "X", "B", "N", "N", "N"], ["B", "B", "N", "B", "X", "N", "N"], ["B", "B", "N", "B", "N", "X", "N"], ["B", "B", "N", "X", "N", "B", "N"], ["B", "X", "N", "B", "N", "B", "N"], ["X", "B", "N", "B", "N", "B", "N"], ["N", "B", "X", "B", "N", "B", "N"], ["N", "B", "N", "B", "X", "B", "N"], ["B", "B", "B", "X", "N", "N", "N"], ["B", "B", "X", "B", "N", "N", "N"], ["B", "B", "N", "B", "X", "N", "N"], ["B", "B", "N", "B", "N", "X", "N"], ["B", "B", "N", "X", "N", "B", "N"], ["B", "X", "N", "B", "N", "B", "N"], ["X", "B", "N", "B", "N", "B", "N"], ["N", "B", "X", "B", "N", "B", "N"], ["N", "B", "N", "B", "X", "B", "N"], ["N", "B", "N", "B", "N", "B", "X"], ["N", "B", "N", "B", "N", "X", "B"], ["N", "B", "N", "X", "N", "B", "B"], ["N", "X", "N", "B", "N", "B", "B"], ["N", "N", "X", "B", "N", "B", "B"], ["N", "N", "N", "B", "X", "B", "B"]]},
"2022-09-20 09:51:26.401000" : {"coup": 3, "jeu": ["B", "B", "N", "N", "N", "X", "B"], "histo": []},
"2022-09-20 10:26:24.886000" : {"coup": "Undo", "jeu": ["B", "B", "B", "X", "N", "N", "N"], "histo": [["B", "B", "B", "X", "N", "N", "N"], ["B", "B", "X", "B", "N", "N", "N"], ["B", "B", "N", "B", "X", "N", "N"], ["B", "B", "N", "X", "B", "N", "N"], ["B", "B", "N", "N", "B", "X", "N"], ["B", "B", "B", "X", "N", "N", "N"], ["B", "B", "X", "B", "N", "N", "N"], ["B", "B", "N", "B", "X", "N", "N"], ["B", "B", "N", "X", "B", "N", "N"], ["B", "X", "N", "B", "B", "N", "N"], ["B", "B", "B", "X", "N", "N", "N"], ["B", "B", "X", "B", "N", "N", "N"], ["B", "B", "N", "B", "X", "N", "N"], ["B", "B", "N", "X", "B", "N", "N"], ["B", "X", "N", "B", "B", "N", "N"], ["B", "B", "B", "X", "N", "N", "N"], ["B", "B", "X", "B", "N", "N", "N"], ["B", "B", "N", "B", "X", "N", "N"], ["B", "B", "N", "B", "N", "X", "N"], ["B", "B", "N", "X", "N", "B", "N"], ["B", "X", "N", "B", "N", "B", "N"], ["B", "N", "X", "B", "N", "B", "N"], ["B", "N", "N", "B", "X", "B", "N"], ["B", "N", "N", "B", "N", "B", "X"], ["B", "N", "N", "B", "N", "X", "B"]]},
"2022-09-20 09:55:07.132000" : {"coup": 3, "jeu": ["N", "B", "N", "X", "N", "B", "B"], "histo": []},
"2022-09-20 09:49:14.077000" : {"coup": 4, "jeu": ["B", "B", "N", "N", "N", "X", "B"], "histo": []},
"2022-09-20 09:48:44.931000" : {"coup": 0, "jeu": ["B", "B", "N", "N", "N", "X", "B"], "histo": []},
"2022-09-20 10:25:47.446000" : {"coup": 1, "jeu": ["B", "B", "N", "B", "X", "N", "N"], "histo": [["B", "B", "B", "X", "N", "N", "N"], ["B", "B", "X", "B", "N", "N", "N"], ["B", "B", "N", "B", "X", "N", "N"], ["B", "B", "N", "X", "B", "N", "N"], ["B", "B", "N", "N", "B", "X", "N"], ["B", "B", "B", "X", "N", "N", "N"], ["B", "B", "X", "B", "N", "N", "N"], ["B", "B", "N", "B", "X", "N", "N"], ["B", "B", "N", "X", "B", "N", "N"], ["B", "X", "N", "B", "B", "N", "N"], ["B", "B", "B", "X", "N", "N", "N"], ["B", "B", "X", "B", "N", "N", "N"]]},
"2022-09-20 09:51:56.005000" : {"coup": 5, "jeu": ["B", "B", "N", "N", "N", "X", "B"], "histo": []},
"2022-09-20 09:50:08.017000" : {"coup": 6, "jeu": ["B", "B", "N", "N", "N", "X", "B"], "histo": []},
"2022-09-20 10:25:23.870000" : {"coup": "Undo", "jeu": ["B", "B", "B", "X", "N", "N", "N"], "histo": [["B", "B", "B", "X", "N", "N", "N"], ["B", "B", "X", "B", "N", "N", "N"], ["B", "B", "N", "B", "X", "N", "N"], ["B", "B", "N", "X", "B", "N", "N"], ["B", "B", "N", "N", "B", "X", "N"]]},
"2022-09-20 09:50:08.436000" : {"coup": 5, "jeu": ["B", "B", "N", "N", "N", "X", "B"], "histo": []},
"2022-09-20 09:53:55.916000" : {"coup": 4, "jeu": ["B", "N", "N", "B", "X", "B", "N"], "histo": []},
"2022-09-20 10:25:19.150000" : {"coup": 5, "jeu": ["B", "B", "N", "N", "B", "X", "N"], "histo": [["B", "B", "B", "X", "N", "N", "N"], ["B", "B", "X", "B", "N", "N", "N"], ["B", "B", "N", "B", "X", "N", "N"], ["B", "B", "N", "X", "B", "N", "N"]]},
"2022-09-20 09:47:33.421000" : {"coup": 4, "jeu": ["B", "B", "N", "N", "X", "B", "N"], "histo": []},
"2022-09-20 10:26:13.658000" : {"coup": 2, "jeu": ["B", "N", "X", "B", "N", "B", "N"], "histo": [["B", "B", "B", "X", "N", "N", "N"], ["B", "B", "X", "B", "N", "N", "N"], ["B", "B", "N", "B", "X", "N", "N"], ["B", "B", "N", "X", "B", "N", "N"], ["B", "B", "N", "N", "B", "X", "N"], ["B", "B", "B", "X", "N", "N", "N"], ["B", "B", "X", "B", "N", "N", "N"], ["B", "B", "N", "B", "X", "N", "N"], ["B", "B", "N", "X", "B", "N", "N"], ["B", "X", "N", "B", "B", "N", "N"], ["B", "B", "B", "X", "N", "N", "N"], ["B", "B", "X", "B", "N", "N", "N"], ["B", "B", "N", "B", "X", "N", "N"], ["B", "B", "N", "X", "B", "N", "N"], ["B", "X", "N", "B", "B", "N", "N"], ["B", "B", "B", "X", "N", "N", "N"], ["B", "B", "X", "B", "N", "N", "N"], ["B", "B", "N", "B", "X", "N", "N"], ["B", "B", "N", "B", "N", "X", "N"], ["B", "B", "N", "X", "N", "B", "N"], ["B", "X", "N", "B", "N", "B", "N"]]},
"2022-09-20 09:49:50.749000" : {"coup": 3, "jeu": ["B", "B", "N", "N", "N", "X", "B"], "histo": []},
"2022-09-20 09:49:18.644000" : {"coup": 5, "jeu": ["B", "B", "N", "N", "N", "X", "B"], "histo": []},
"2022-09-20 09:47:38.691000" : {"coup": 1, "jeu": ["B", "B", "N", "N", "X", "B", "N"], "histo": []},
"2022-09-20 10:27:12.787000" : {"coup": 1, "jeu": ["B", "X", "N", "B", "N", "B", "N"], "histo": [["B", "B", "B", "X", "N", "N", "N"], ["B", "B", "X", "B", "N", "N", "N"], ["B", "B", "N", "B", "X", "N", "N"], ["B", "B", "N", "X", "B", "N", "N"], ["B", "B", "N", "N", "B", "X", "N"], ["B", "B", "B", "X", "N", "N", "N"], ["B", "B", "X", "B", "N", "N", "N"], ["B", "B", "N", "B", "X", "N", "N"], ["B", "B", "N", "X", "B", "N", "N"], ["B", "X", "N", "B", "B", "N", "N"], ["B", "B", "B", "X", "N", "N", "N"], ["B", "B", "X", "B", "N", "N", "N"], ["B", "B", "N", "B", "X", "N", "N"], ["B", "B", "N", "X", "B", "N", "N"], ["B", "X", "N", "B", "B", "N", "N"], ["B", "B", "B", "X", "N", "N", "N"], ["B", "B", "X", "B", "N", "N", "N"], ["B", "B", "N", "B", "X", "N", "N"], ["B", "B", "N", "B", "N", "X", "N"], ["B", "B", "N", "X", "N", "B", "N"], ["B", "X", "N", "B", "N", "B", "N"], ["B", "N", "X", "B", "N", "B", "N"], ["B", "N", "N", "B", "X", "B", "N"], ["B", "N", "N", "B", "N", "B", "X"], ["B", "N", "N", "B", "N", "X", "B"], ["B", "B", "B", "X", "N", "N", "N"], ["B", "B", "X", "B", "N", "N", "N"], ["B", "B", "N", "B", "X", "N", "N"], ["B", "B", "N", "B", "N", "X", "N"], ["B", "B", "N", "X", "N", "B", "N"], ["B", "X", "N", "B", "N", "B", "N"], ["B", "N", "X", "B", "N", "B", "N"], ["X", "N", "B", "B", "N", "B", "N"], ["B", "B", "B", "X", "N", "N", "N"], ["B", "B", "X", "B", "N", "N", "N"], ["B", "B", "N", "B", "X", "N", "N"], ["B", "B", "N", "B", "N", "X", "N"], ["B", "B", "N", "X", "N", "B", "N"]]},
"2022-09-20 10:28:18.507000" : {"coup": 2, "jeu": ["N", "N", "X", "B", "N", "B", "B"], "histo": [["B", "B", "B", "X", "N", "N", "N"], ["B", "B", "X", "B", "N", "N", "N"], ["B", "B", "N", "B", "X", "N", "N"], ["B", "B", "N", "X", "B", "N", "N"], ["B", "B", "N", "N", "B", "X", "N"], ["B", "B", "B", "X", "N", "N", "N"], ["B", "B", "X", "B", "N", "N", "N"], ["B", "B", "N", "B", "X", "N", "N"], ["B", "B", "N", "X", "B", "N", "N"], ["B", "X", "N", "B", "B", "N", "N"], ["B", "B", "B", "X", "N", "N", "N"], ["B", "B", "X", "B", "N", "N", "N"], ["B", "B", "N", "B", "X", "N", "N"], ["B", "B", "N", "X", "B", "N", "N"], ["B", "X", "N", "B", "B", "N", "N"], ["B", "B", "B", "X", "N", "N", "N"], ["B", "B", "X", "B", "N", "N", "N"], ["B", "B", "N", "B", "X", "N", "N"], ["B", "B", "N", "B", "N", "X", "N"], ["B", "B", "N", "X", "N", "B", "N"], ["B", "X", "N", "B", "N", "B", "N"], ["B", "N", "X", "B", "N", "B", "N"], ["B", "N", "N", "B", "X", "B", "N"], ["B", "N", "N", "B", "N", "B", "X"], ["B", "N", "N", "B", "N", "X", "B"], ["B", "B", "B", "X", "N", "N", "N"], ["B", "B", "X", "B", "N", "N", "N"], ["B", "B", "N", "B", "X", "N", "N"], ["B", "B", "N", "B", "N", "X", "N"], ["B", "B", "N", "X", "N", "B", "N"], ["B", "X", "N", "B", "N", "B", "N"], ["B", "N", "X", "B", "N", "B", "N"], ["X", "N", "B", "B", "N", "B", "N"], ["B", "B", "B", "X", "N", "N", "N"], ["B", "B", "X", "B", "N", "N", "N"], ["B", "B", "N", "B", "X", "N", "N"], ["B", "B", "N", "B", "N", "X", "N"], ["B", "B", "N", "X", "N", "B", "N"], ["B", "X", "N", "B", "N", "B", "N"], ["X", "B", "N", "B", "N", "B", "N"], ["N", "B", "X", "B", "N", "B", "N"], ["N", "B", "N", "B", "X", "B", "N"], ["B", "B", "B", "X", "N", "N", "N"], ["B", "B", "X", "B", "N", "N", "N"], ["B", "B", "N", "B", "X", "N", "N"], ["B", "B", "N", "B", "N", "X", "N"], ["B", "B", "N", "X", "N", "B", "N"], ["B", "X", "N", "B", "N", "B", "N"], ["X", "B", "N", "B", "N", "B", "N"], ["N", "B", "X", "B", "N", "B", "N"], ["N", "B", "N", "B", "X", "B", "N"], ["N", "B", "N", "B", "N", "B", "X"], ["N", "B", "N", "B", "N", "X", "B"], ["N", "B", "N", "X", "N", "B", "B"], ["N", "X", "N", "B", "N", "B", "B"]]},
"2022-09-20 09:54:36.353000" : {"coup": "Undo", "jeu": ["B", "B", "B", "X", "N", "N", "N"], "histo": []},
"2022-09-20 09:53:37.701000" : {"coup": 4, "jeu": ["B", "B", "N", "B", "X", "N", "N"], "histo": []},
"2022-09-20 09:54:24.596000" : {"coup": 1, "jeu": ["B", "X", "N", "B", "N", "B", "N"], "histo": []},
"2022-09-20 09:53:06.254000" : {"coup": 5, "jeu": ["B", "B", "N", "B", "N", "X", "N"], "histo": []},
"2022-09-20 09:47:05.424000" : {"coup": 2, "jeu": ["B", "B", "X", "B", "N", "N", "N"], "histo": []},
"2022-09-20 09:53:23.617000" : {"coup": 1, "jeu": ["B", "X", "N", "B", "B", "N", "N"], "histo": []},
"2022-09-20 09:54:48.053000" : {"coup": 1, "jeu": ["B", "X", "N", "B", "N", "B", "N"], "histo": []},
"2022-09-20 09:51:39.206000" : {"coup": 4, "jeu": ["B", "B", "N", "N", "N", "X", "B"], "histo": []},
"2022-09-20 09:48:04.725000" : {"coup": 5, "jeu": ["B", "B", "N", "N", "N", "X", "B"], "histo": []},
"2022-09-20 10:27:08.781000" : {"coup": 3, "jeu": ["B", "B", "N", "X", "N", "B", "N"], "histo": [["B", "B", "B", "X", "N", "N", "N"], ["B", "B", "X", "B", "N", "N", "N"], ["B", "B", "N", "B", "X", "N", "N"], ["B", "B", "N", "X", "B", "N", "N"], ["B", "B", "N", "N", "B", "X", "N"], ["B", "B", "B", "X", "N", "N", "N"], ["B", "B", "X", "B", "N", "N", "N"], ["B", "B", "N", "B", "X", "N", "N"], ["B", "B", "N", "X", "B", "N", "N"], ["B", "X", "N", "B", "B", "N", "N"], ["B", "B", "B", "X", "N", "N", "N"], ["B", "B", "X", "B", "N", "N", "N"], ["B", "B", "N", "B", "X", "N", "N"], ["B", "B", "N", "X", "B", "N", "N"], ["B", "X", "N", "B", "B", "N", "N"], ["B", "B", "B", "X", "N", "N", "N"], ["B", "B", "X", "B", "N", "N", "N"], ["B", "B", "N", "B", "X", "N", "N"], ["B", "B", "N", "B", "N", "X", "N"], ["B", "B", "N", "X", "N", "B", "N"], ["B", "X", "N", "B", "N", "B", "N"], ["B", "N", "X", "B", "N", "B", "N"], ["B", "N", "N", "B", "X", "B", "N"], ["B", "N", "N", "B", "N", "B", "X"], ["B", "N", "N", "B", "N", "X", "B"], ["B", "B", "B", "X", "N", "N", "N"], ["B", "B", "X", "B", "N", "N", "N"], ["B", "B", "N", "B", "X", "N", "N"], ["B", "B", "N", "B", "N", "X", "N"], ["B", "B", "N", "X", "N", "B", "N"], ["B", "X", "N", "B", "N", "B", "N"], ["B", "N", "X", "B", "N", "B", "N"], ["X", "N", "B", "B", "N", "B", "N"], ["B", "B", "B", "X", "N", "N", "N"], ["B", "B", "X", "B", "N", "N", "N"], ["B", "B", "N", "B", "X", "N", "N"], ["B", "B", "N", "B", "N", "X", "N"]]},
"2022-09-20 10:23:48.129000" : {"coup": "Reset", "jeu": ["B", "B", "B", "X", "N", "N", "N"], "histo": [], "prog": "def saute(i):\n    if jeu[i]==\"B\" and i<6 and jeu[i+1]==\"X\":\n        historique.append(jeu.copy[])\n        jeu[i], jeu[i+1] = \"X\", \"B\"\n    elif jeu[i]==\"B\" and i<5 and jeu[i+1]==\"N\" and jeu[i+2]==\"X\":\n        historique.append(jeu.copy[])\n        jeu[i], jeu[i+2] = \"X\", \"B\"\n    elif jeu[i]==\"N\" and i>0 and jeu[i-1]==\"X\":\n        historique.append(jeu.copy[])\n        jeu[i], jeu[i-1] = \"X\", \"N\"\n    elif jeu[i]==\"N\" and i>1 and jeu[i-1]==\"B\" and jeu[i-2]==\"X\":\n        historique.append(jeu.copy[])\n        jeu[i], jeu[i-2] = \"X\", \"N\"\ndef undo():\n    global jeu\n    jeu = [\"B\", \"B\", \"B\", \"X\", \"N\", \"N\", \"N\"]\n\ndef carre(list):\n    jeu = [\"B\", \"B\", \"B\", \"X\", \"N\", \"N\", \"N\"]\n    if elt in liste\n    \n    \n    \n        \n        \n        \n        \n    \n    \n    \n"},
"2022-09-20 10:28:06.956000" : {"coup": 6, "jeu": ["N", "B", "N", "B", "N", "B", "X"], "histo": [["B", "B", "B", "X", "N", "N", "N"], ["B", "B", "X", "B", "N", "N", "N"], ["B", "B", "N", "B", "X", "N", "N"], ["B", "B", "N", "X", "B", "N", "N"], ["B", "B", "N", "N", "B", "X", "N"], ["B", "B", "B", "X", "N", "N", "N"], ["B", "B", "X", "B", "N", "N", "N"], ["B", "B", "N", "B", "X", "N", "N"], ["B", "B", "N", "X", "B", "N", "N"], ["B", "X", "N", "B", "B", "N", "N"], ["B", "B", "B", "X", "N", "N", "N"], ["B", "B", "X", "B", "N", "N", "N"], ["B", "B", "N", "B", "X", "N", "N"], ["B", "B", "N", "X", "B", "N", "N"], ["B", "X", "N", "B", "B", "N", "N"], ["B", "B", "B", "X", "N", "N", "N"], ["B", "B", "X", "B", "N", "N", "N"], ["B", "B", "N", "B", "X", "N", "N"], ["B", "B", "N", "B", "N", "X", "N"], ["B", "B", "N", "X", "N", "B", "N"], ["B", "X", "N", "B", "N", "B", "N"], ["B", "N", "X", "B", "N", "B", "N"], ["B", "N", "N", "B", "X", "B", "N"], ["B", "N", "N", "B", "N", "B", "X"], ["B", "N", "N", "B", "N", "X", "B"], ["B", "B", "B", "X", "N", "N", "N"], ["B", "B", "X", "B", "N", "N", "N"], ["B", "B", "N", "B", "X", "N", "N"], ["B", "B", "N", "B", "N", "X", "N"], ["B", "B", "N", "X", "N", "B", "N"], ["B", "X", "N", "B", "N", "B", "N"], ["B", "N", "X", "B", "N", "B", "N"], ["X", "N", "B", "B", "N", "B", "N"], ["B", "B", "B", "X", "N", "N", "N"], ["B", "B", "X", "B", "N", "N", "N"], ["B", "B", "N", "B", "X", "N", "N"], ["B", "B", "N", "B", "N", "X", "N"], ["B", "B", "N", "X", "N", "B", "N"], ["B", "X", "N", "B", "N", "B", "N"], ["X", "B", "N", "B", "N", "B", "N"], ["N", "B", "X", "B", "N", "B", "N"], ["N", "B", "N", "B", "X", "B", "N"], ["B", "B", "B", "X", "N", "N", "N"], ["B", "B", "X", "B", "N", "N", "N"], ["B", "B", "N", "B", "X", "N", "N"], ["B", "B", "N", "B", "N", "X", "N"], ["B", "B", "N", "X", "N", "B", "N"], ["B", "X", "N", "B", "N", "B", "N"], ["X", "B", "N", "B", "N", "B", "N"], ["N", "B", "X", "B", "N", "B", "N"], ["N", "B", "N", "B", "X", "B", "N"]]},
"2022-09-20 10:24:57.720000" : {"coup": 3, "jeu": ["B", "B", "B", "X", "N", "N", "N"], "histo": []},
"2022-09-20 10:28:03.227000" : {"coup": 4, "jeu": ["N", "B", "N", "B", "X", "B", "N"], "histo": [["B", "B", "B", "X", "N", "N", "N"], ["B", "B", "X", "B", "N", "N", "N"], ["B", "B", "N", "B", "X", "N", "N"], ["B", "B", "N", "X", "B", "N", "N"], ["B", "B", "N", "N", "B", "X", "N"], ["B", "B", "B", "X", "N", "N", "N"], ["B", "B", "X", "B", "N", "N", "N"], ["B", "B", "N", "B", "X", "N", "N"], ["B", "B", "N", "X", "B", "N", "N"], ["B", "X", "N", "B", "B", "N", "N"], ["B", "B", "B", "X", "N", "N", "N"], ["B", "B", "X", "B", "N", "N", "N"], ["B", "B", "N", "B", "X", "N", "N"], ["B", "B", "N", "X", "B", "N", "N"], ["B", "X", "N", "B", "B", "N", "N"], ["B", "B", "B", "X", "N", "N", "N"], ["B", "B", "X", "B", "N", "N", "N"], ["B", "B", "N", "B", "X", "N", "N"], ["B", "B", "N", "B", "N", "X", "N"], ["B", "B", "N", "X", "N", "B", "N"], ["B", "X", "N", "B", "N", "B", "N"], ["B", "N", "X", "B", "N", "B", "N"], ["B", "N", "N", "B", "X", "B", "N"], ["B", "N", "N", "B", "N", "B", "X"], ["B", "N", "N", "B", "N", "X", "B"], ["B", "B", "B", "X", "N", "N", "N"], ["B", "B", "X", "B", "N", "N", "N"], ["B", "B", "N", "B", "X", "N", "N"], ["B", "B", "N", "B", "N", "X", "N"], ["B", "B", "N", "X", "N", "B", "N"], ["B", "X", "N", "B", "N", "B", "N"], ["B", "N", "X", "B", "N", "B", "N"], ["X", "N", "B", "B", "N", "B", "N"], ["B", "B", "B", "X", "N", "N", "N"], ["B", "B", "X", "B", "N", "N", "N"], ["B", "B", "N", "B", "X", "N", "N"], ["B", "B", "N", "B", "N", "X", "N"], ["B", "B", "N", "X", "N", "B", "N"], ["B", "X", "N", "B", "N", "B", "N"], ["X", "B", "N", "B", "N", "B", "N"], ["N", "B", "X", "B", "N", "B", "N"], ["N", "B", "N", "B", "X", "B", "N"], ["B", "B", "B", "X", "N", "N", "N"], ["B", "B", "X", "B", "N", "N", "N"], ["B", "B", "N", "B", "X", "N", "N"], ["B", "B", "N", "B", "N", "X", "N"], ["B", "B", "N", "X", "N", "B", "N"], ["B", "X", "N", "B", "N", "B", "N"], ["X", "B", "N", "B", "N", "B", "N"], ["N", "B", "X", "B", "N", "B", "N"]]},
"2022-09-20 09:49:46.462000" : {"coup": 5, "jeu": ["B", "B", "N", "N", "N", "X", "B"], "histo": []},
"2022-09-20 09:53:27.037000" : {"coup": 2, "jeu": ["B", "N", "X", "B", "B", "N", "N"], "histo": []},
"2022-09-20 09:50:04.372000" : {"coup": 3, "jeu": ["B", "B", "N", "N", "N", "X", "B"], "histo": []},
"2022-09-20 09:53:02.663000" : {"coup": 4, "jeu": ["B", "B", "N", "B", "X", "N", "N"], "histo": []},
"2022-09-20 09:54:02.114000" : {"coup": 5, "jeu": ["B", "N", "N", "B", "N", "X", "B"], "histo": []},
"2022-09-20 09:47:43.530000" : {"coup": 6, "jeu": ["B", "B", "N", "N", "N", "B", "X"], "histo": []},
"2022-09-20 09:49:17.306000" : {"coup": 1, "jeu": ["B", "B", "N", "N", "N", "X", "B"], "histo": []},
"2022-09-20 09:54:12.844000" : {"coup": "Undo", "jeu": ["B", "B", "B", "X", "N", "N", "N"], "histo": []},
"2022-09-20 09:47:24.143000" : {"coup": 1, "jeu": ["B", "B", "N", "N", "B", "X", "N"], "histo": []},
"2022-09-20 10:27:51.060000" : {"coup": 1, "jeu": ["B", "X", "N", "B", "N", "B", "N"], "histo": [["B", "B", "B", "X", "N", "N", "N"], ["B", "B", "X", "B", "N", "N", "N"], ["B", "B", "N", "B", "X", "N", "N"], ["B", "B", "N", "X", "B", "N", "N"], ["B", "B", "N", "N", "B", "X", "N"], ["B", "B", "B", "X", "N", "N", "N"], ["B", "B", "X", "B", "N", "N", "N"], ["B", "B", "N", "B", "X", "N", "N"], ["B", "B", "N", "X", "B", "N", "N"], ["B", "X", "N", "B", "B", "N", "N"], ["B", "B", "B", "X", "N", "N", "N"], ["B", "B", "X", "B", "N", "N", "N"], ["B", "B", "N", "B", "X", "N", "N"], ["B", "B", "N", "X", "B", "N", "N"], ["B", "X", "N", "B", "B", "N", "N"], ["B", "B", "B", "X", "N", "N", "N"], ["B", "B", "X", "B", "N", "N", "N"], ["B", "B", "N", "B", "X", "N", "N"], ["B", "B", "N", "B", "N", "X", "N"], ["B", "B", "N", "X", "N", "B", "N"], ["B", "X", "N", "B", "N", "B", "N"], ["B", "N", "X", "B", "N", "B", "N"], ["B", "N", "N", "B", "X", "B", "N"], ["B", "N", "N", "B", "N", "B", "X"], ["B", "N", "N", "B", "N", "X", "B"], ["B", "B", "B", "X", "N", "N", "N"], ["B", "B", "X", "B", "N", "N", "N"], ["B", "B", "N", "B", "X", "N", "N"], ["B", "B", "N", "B", "N", "X", "N"], ["B", "B", "N", "X", "N", "B", "N"], ["B", "X", "N", "B", "N", "B", "N"], ["B", "N", "X", "B", "N", "B", "N"], ["X", "N", "B", "B", "N", "B", "N"], ["B", "B", "B", "X", "N", "N", "N"], ["B", "B", "X", "B", "N", "N", "N"], ["B", "B", "N", "B", "X", "N", "N"], ["B", "B", "N", "B", "N", "X", "N"], ["B", "B", "N", "X", "N", "B", "N"], ["B", "X", "N", "B", "N", "B", "N"], ["X", "B", "N", "B", "N", "B", "N"], ["N", "B", "X", "B", "N", "B", "N"], ["N", "B", "N", "B", "X", "B", "N"], ["B", "B", "B", "X", "N", "N", "N"], ["B", "B", "X", "B", "N", "N", "N"], ["B", "B", "N", "B", "X", "N", "N"], ["B", "B", "N", "B", "N", "X", "N"], ["B", "B", "N", "X", "N", "B", "N"]]},
"2022-09-20 09:47:30.989000" : {"coup": 5, "jeu": ["B", "B", "N", "N", "X", "B", "N"], "histo": []},
"2022-09-20 10:26:05.963000" : {"coup": 5, "jeu": ["B", "B", "N", "B", "N", "X", "N"], "histo": [["B", "B", "B", "X", "N", "N", "N"], ["B", "B", "X", "B", "N", "N", "N"], ["B", "B", "N", "B", "X", "N", "N"], ["B", "B", "N", "X", "B", "N", "N"], ["B", "B", "N", "N", "B", "X", "N"], ["B", "B", "B", "X", "N", "N", "N"], ["B", "B", "X", "B", "N", "N", "N"], ["B", "B", "N", "B", "X", "N", "N"], ["B", "B", "N", "X", "B", "N", "N"], ["B", "X", "N", "B", "B", "N", "N"], ["B", "B", "B", "X", "N", "N", "N"], ["B", "B", "X", "B", "N", "N", "N"], ["B", "B", "N", "B", "X", "N", "N"], ["B", "B", "N", "X", "B", "N", "N"], ["B", "X", "N", "B", "B", "N", "N"], ["B", "B", "B", "X", "N", "N", "N"], ["B", "B", "X", "B", "N", "N", "N"], ["B", "B", "N", "B", "X", "N", "N"]]},
"2022-09-20 09:49:45.841000" : {"coup": 4, "jeu": ["B", "B", "N", "N", "N", "X", "B"], "histo": []},
"2022-09-20 10:27:00.476000" : {"coup": 4, "jeu": ["B", "B", "N", "B", "X", "N", "N"], "histo": [["B", "B", "B", "X", "N", "N", "N"], ["B", "B", "X", "B", "N", "N", "N"], ["B", "B", "N", "B", "X", "N", "N"], ["B", "B", "N", "X", "B", "N", "N"], ["B", "B", "N", "N", "B", "X", "N"], ["B", "B", "B", "X", "N", "N", "N"], ["B", "B", "X", "B", "N", "N", "N"], ["B", "B", "N", "B", "X", "N", "N"], ["B", "B", "N", "X", "B", "N", "N"], ["B", "X", "N", "B", "B", "N", "N"], ["B", "B", "B", "X", "N", "N", "N"], ["B", "B", "X", "B", "N", "N", "N"], ["B", "B", "N", "B", "X", "N", "N"], ["B", "B", "N", "X", "B", "N", "N"], ["B", "X", "N", "B", "B", "N", "N"], ["B", "B", "B", "X", "N", "N", "N"], ["B", "B", "X", "B", "N", "N", "N"], ["B", "B", "N", "B", "X", "N", "N"], ["B", "B", "N", "B", "N", "X", "N"], ["B", "B", "N", "X", "N", "B", "N"], ["B", "X", "N", "B", "N", "B", "N"], ["B", "N", "X", "B", "N", "B", "N"], ["B", "N", "N", "B", "X", "B", "N"], ["B", "N", "N", "B", "N", "B", "X"], ["B", "N", "N", "B", "N", "X", "B"], ["B", "B", "B", "X", "N", "N", "N"], ["B", "B", "X", "B", "N", "N", "N"], ["B", "B", "N", "B", "X", "N", "N"], ["B", "B", "N", "B", "N", "X", "N"], ["B", "B", "N", "X", "N", "B", "N"], ["B", "X", "N", "B", "N", "B", "N"], ["B", "N", "X", "B", "N", "B", "N"], ["X", "N", "B", "B", "N", "B", "N"], ["B", "B", "B", "X", "N", "N", "N"], ["B", "B", "X", "B", "N", "N", "N"]]},
"2022-09-20 09:49:33.003000" : {"coup": 1, "jeu": ["B", "B", "N", "N", "N", "X", "B"], "histo": []},
"2022-09-20 09:53:11.151000" : {"coup": 6, "jeu": ["B", "B", "N", "N", "N", "B", "X"], "histo": []},
"2022-09-20 09:50:42.753000" : {"coup": 3, "jeu": ["B", "B", "N", "N", "N", "X", "B"], "histo": []},
"2022-09-20 10:26:15.457000" : {"coup": 4, "jeu": ["B", "N", "N", "B", "X", "B", "N"], "histo": [["B", "B", "B", "X", "N", "N", "N"], ["B", "B", "X", "B", "N", "N", "N"], ["B", "B", "N", "B", "X", "N", "N"], ["B", "B", "N", "X", "B", "N", "N"], ["B", "B", "N", "N", "B", "X", "N"], ["B", "B", "B", "X", "N", "N", "N"], ["B", "B", "X", "B", "N", "N", "N"], ["B", "B", "N", "B", "X", "N", "N"], ["B", "B", "N", "X", "B", "N", "N"], ["B", "X", "N", "B", "B", "N", "N"], ["B", "B", "B", "X", "N", "N", "N"], ["B", "B", "X", "B", "N", "N", "N"], ["B", "B", "N", "B", "X", "N", "N"], ["B", "B", "N", "X", "B", "N", "N"], ["B", "X", "N", "B", "B", "N", "N"], ["B", "B", "B", "X", "N", "N", "N"], ["B", "B", "X", "B", "N", "N", "N"], ["B", "B", "N", "B", "X", "N", "N"], ["B", "B", "N", "B", "N", "X", "N"], ["B", "B", "N", "X", "N", "B", "N"], ["B", "X", "N", "B", "N", "B", "N"], ["B", "N", "X", "B", "N", "B", "N"]]},
"2022-09-20 09:53:26.004000" : {"coup": 1, "jeu": ["B", "X", "N", "B", "B", "N", "N"], "histo": []},
"2022-09-20 10:26:20.522000" : {"coup": 3, "jeu": ["B", "N", "N", "X", "N", "B", "B"], "histo": [["B", "B", "B", "X", "N", "N", "N"], ["B", "B", "X", "B", "N", "N", "N"], ["B", "B", "N", "B", "X", "N", "N"], ["B", "B", "N", "X", "B", "N", "N"], ["B", "B", "N", "N", "B", "X", "N"], ["B", "B", "B", "X", "N", "N", "N"], ["B", "B", "X", "B", "N", "N", "N"], ["B", "B", "N", "B", "X", "N", "N"], ["B", "B", "N", "X", "B", "N", "N"], ["B", "X", "N", "B", "B", "N", "N"], ["B", "B", "B", "X", "N", "N", "N"], ["B", "B", "X", "B", "N", "N", "N"], ["B", "B", "N", "B", "X", "N", "N"], ["B", "B", "N", "X", "B", "N", "N"], ["B", "X", "N", "B", "B", "N", "N"], ["B", "B", "B", "X", "N", "N", "N"], ["B", "B", "X", "B", "N", "N", "N"], ["B", "B", "N", "B", "X", "N", "N"], ["B", "B", "N", "B", "N", "X", "N"], ["B", "B", "N", "X", "N", "B", "N"], ["B", "X", "N", "B", "N", "B", "N"], ["B", "N", "X", "B", "N", "B", "N"], ["B", "N", "N", "B", "X", "B", "N"], ["B", "N", "N", "B", "N", "B", "X"], ["B", "N", "N", "B", "N", "X", "B"]]},
"2022-09-20 09:47:30.610000" : {"coup": 4, "jeu": ["B", "B", "N", "N", "X", "B", "N"], "histo": []},
"2022-09-20 09:53:07.212000" : {"coup": 3, "jeu": ["B", "B", "N", "X", "N", "B", "N"], "histo": []},
"2022-09-20 10:25:10.175000" : {"coup": 4, "jeu": ["B", "B", "N", "B", "X", "N", "N"], "histo": [["B", "B", "B", "X", "N", "N", "N"], ["B", "B", "X", "B", "N", "N", "N"]]},
"2022-09-20 09:47:22.524000" : {"coup": 5, "jeu": ["B", "B", "N", "N", "B", "X", "N"], "histo": []},
"2022-09-20 10:27:24.185000" : {"coup": 2, "jeu": ["N", "B", "X", "B", "N", "B", "N"], "histo": [["B", "B", "B", "X", "N", "N", "N"], ["B", "B", "X", "B", "N", "N", "N"], ["B", "B", "N", "B", "X", "N", "N"], ["B", "B", "N", "X", "B", "N", "N"], ["B", "B", "N", "N", "B", "X", "N"], ["B", "B", "B", "X", "N", "N", "N"], ["B", "B", "X", "B", "N", "N", "N"], ["B", "B", "N", "B", "X", "N", "N"], ["B", "B", "N", "X", "B", "N", "N"], ["B", "X", "N", "B", "B", "N", "N"], ["B", "B", "B", "X", "N", "N", "N"], ["B", "B", "X", "B", "N", "N", "N"], ["B", "B", "N", "B", "X", "N", "N"], ["B", "B", "N", "X", "B", "N", "N"], ["B", "X", "N", "B", "B", "N", "N"], ["B", "B", "B", "X", "N", "N", "N"], ["B", "B", "X", "B", "N", "N", "N"], ["B", "B", "N", "B", "X", "N", "N"], ["B", "B", "N", "B", "N", "X", "N"], ["B", "B", "N", "X", "N", "B", "N"], ["B", "X", "N", "B", "N", "B", "N"], ["B", "N", "X", "B", "N", "B", "N"], ["B", "N", "N", "B", "X", "B", "N"], ["B", "N", "N", "B", "N", "B", "X"], ["B", "N", "N", "B", "N", "X", "B"], ["B", "B", "B", "X", "N", "N", "N"], ["B", "B", "X", "B", "N", "N", "N"], ["B", "B", "N", "B", "X", "N", "N"], ["B", "B", "N", "B", "N", "X", "N"], ["B", "B", "N", "X", "N", "B", "N"], ["B", "X", "N", "B", "N", "B", "N"], ["B", "N", "X", "B", "N", "B", "N"], ["X", "N", "B", "B", "N", "B", "N"], ["B", "B", "B", "X", "N", "N", "N"], ["B", "B", "X", "B", "N", "N", "N"], ["B", "B", "N", "B", "X", "N", "N"], ["B", "B", "N", "B", "N", "X", "N"], ["B", "B", "N", "X", "N", "B", "N"], ["B", "X", "N", "B", "N", "B", "N"], ["X", "B", "N", "B", "N", "B", "N"]]},
"2022-09-20 09:53:09.197000" : {"coup": 4, "jeu": ["B", "B", "N", "N", "X", "B", "N"], "histo": []},
"2022-09-20 09:47:17.833000" : {"coup": 4, "jeu": ["B", "B", "N", "B", "X", "N", "N"], "histo": []},
"2022-09-20 09:54:27.768000" : {"coup": 4, "jeu": ["B", "N", "N", "B", "X", "B", "N"], "histo": []},
"2022-09-20 09:47:53.799000" : {"coup": 4, "jeu": ["B", "B", "N", "N", "N", "X", "B"], "histo": []},
"2022-09-20 09:53:58.988000" : {"coup": 6, "jeu": ["B", "N", "N", "B", "N", "B", "X"], "histo": []},
"2022-09-20 09:54:37.460000" : {"coup": 2, "jeu": ["B", "B", "X", "B", "N", "N", "N"], "histo": []},
"2022-09-20 10:25:06.524000" : {"coup": 2, "jeu": ["B", "B", "X", "B", "N", "N", "N"], "histo": [["B", "B", "B", "X", "N", "N", "N"]]},
"2022-09-20 10:26:07.485000" : {"coup": 3, "jeu": ["B", "B", "N", "X", "N", "B", "N"], "histo": [["B", "B", "B", "X", "N", "N", "N"], ["B", "B", "X", "B", "N", "N", "N"], ["B", "B", "N", "B", "X", "N", "N"], ["B", "B", "N", "X", "B", "N", "N"], ["B", "B", "N", "N", "B", "X", "N"], ["B", "B", "B", "X", "N", "N", "N"], ["B", "B", "X", "B", "N", "N", "N"], ["B", "B", "N", "B", "X", "N", "N"], ["B", "B", "N", "X", "B", "N", "N"], ["B", "X", "N", "B", "B", "N", "N"], ["B", "B", "B", "X", "N", "N", "N"], ["B", "B", "X", "B", "N", "N", "N"], ["B", "B", "N", "B", "X", "N", "N"], ["B", "B", "N", "X", "B", "N", "N"], ["B", "X", "N", "B", "B", "N", "N"], ["B", "B", "B", "X", "N", "N", "N"], ["B", "B", "X", "B", "N", "N", "N"], ["B", "B", "N", "B", "X", "N", "N"], ["B", "B", "N", "B", "N", "X", "N"]]},
"2022-09-20 09:54:29.523000" : {"coup": 6, "jeu": ["B", "N", "N", "B", "N", "B", "X"], "histo": []},
"2022-09-20 10:25:09.676000" : {"coup": 3, "jeu": ["B", "B", "X", "B", "N", "N", "N"], "histo": [["B", "B", "B", "X", "N", "N", "N"]]},
"2022-09-20 09:53:55.077000" : {"coup": 2, "jeu": ["B", "N", "X", "B", "N", "B", "N"], "histo": []},
"2022-09-20 09:54:59.755000" : {"coup": 4, "jeu": ["N", "B", "N", "B", "X", "B", "N"], "histo": []},
"2022-09-20 10:28:15.911000" : {"coup": 1, "jeu": ["N", "X", "N", "B", "N", "B", "B"], "histo": [["B", "B", "B", "X", "N", "N", "N"], ["B", "B", "X", "B", "N", "N", "N"], ["B", "B", "N", "B", "X", "N", "N"], ["B", "B", "N", "X", "B", "N", "N"], ["B", "B", "N", "N", "B", "X", "N"], ["B", "B", "B", "X", "N", "N", "N"], ["B", "B", "X", "B", "N", "N", "N"], ["B", "B", "N", "B", "X", "N", "N"], ["B", "B", "N", "X", "B", "N", "N"], ["B", "X", "N", "B", "B", "N", "N"], ["B", "B", "B", "X", "N", "N", "N"], ["B", "B", "X", "B", "N", "N", "N"], ["B", "B", "N", "B", "X", "N", "N"], ["B", "B", "N", "X", "B", "N", "N"], ["B", "X", "N", "B", "B", "N", "N"], ["B", "B", "B", "X", "N", "N", "N"], ["B", "B", "X", "B", "N", "N", "N"], ["B", "B", "N", "B", "X", "N", "N"], ["B", "B", "N", "B", "N", "X", "N"], ["B", "B", "N", "X", "N", "B", "N"], ["B", "X", "N", "B", "N", "B", "N"], ["B", "N", "X", "B", "N", "B", "N"], ["B", "N", "N", "B", "X", "B", "N"], ["B", "N", "N", "B", "N", "B", "X"], ["B", "N", "N", "B", "N", "X", "B"], ["B", "B", "B", "X", "N", "N", "N"], ["B", "B", "X", "B", "N", "N", "N"], ["B", "B", "N", "B", "X", "N", "N"], ["B", "B", "N", "B", "N", "X", "N"], ["B", "B", "N", "X", "N", "B", "N"], ["B", "X", "N", "B", "N", "B", "N"], ["B", "N", "X", "B", "N", "B", "N"], ["X", "N", "B", "B", "N", "B", "N"], ["B", "B", "B", "X", "N", "N", "N"], ["B", "B", "X", "B", "N", "N", "N"], ["B", "B", "N", "B", "X", "N", "N"], ["B", "B", "N", "B", "N", "X", "N"], ["B", "B", "N", "X", "N", "B", "N"], ["B", "X", "N", "B", "N", "B", "N"], ["X", "B", "N", "B", "N", "B", "N"], ["N", "B", "X", "B", "N", "B", "N"], ["N", "B", "N", "B", "X", "B", "N"], ["B", "B", "B", "X", "N", "N", "N"], ["B", "B", "X", "B", "N", "N", "N"], ["B", "B", "N", "B", "X", "N", "N"], ["B", "B", "N", "B", "N", "X", "N"], ["B", "B", "N", "X", "N", "B", "N"], ["B", "X", "N", "B", "N", "B", "N"], ["X", "B", "N", "B", "N", "B", "N"], ["N", "B", "X", "B", "N", "B", "N"], ["N", "B", "N", "B", "X", "B", "N"], ["N", "B", "N", "B", "N", "B", "X"], ["N", "B", "N", "B", "N", "X", "B"], ["N", "B", "N", "X", "N", "B", "B"]]},
"2022-09-20 09:53:22.303000" : {"coup": 3, "jeu": ["B", "B", "N", "X", "B", "N", "N"], "histo": []}
}