{
"2022-09-20 08:49:14.289000" : {"coup": 5, "jeu": ["B", "B", "N", "B", "N", "X", "N"], "histo": []},
"2022-09-20 09:06:05.730000" : {"coup": "Reset", "jeu": ["B", "B", "B", "X", "N", "N", "N"], "histo": []},
"2022-09-20 09:03:58.523000" : {"coup": "Reset", "jeu": ["B", "B", "B", "X", "N", "N", "N"], "histo": []},
"2022-09-20 09:02:14.333000" : {"coup": "Undo", "jeu": ["B", "B", "B", "X", "N", "N", "N"], "histo": [["B", "B", "B", "X", "N", "N", "N"], ["B", "B", "X", "B", "N", "N", "N"]]},
"2022-09-20 09:07:20.325000" : {"coup": 2, "jeu": ["N", "B", "X", "B", "N", "B", "N"], "histo": [["B", "B", "B", "X", "N", "N", "N"], ["B", "B", "X", "B", "N", "N", "N"], ["B", "B", "N", "B", "X", "N", "N"], ["B", "B", "N", "B", "N", "X", "N"], ["B", "B", "N", "X", "N", "B", "N"], ["B", "X", "N", "B", "N", "B", "N"], ["X", "B", "N", "B", "N", "B", "N"]]},
"2022-09-20 08:52:40.384000" : {"coup": "Undo", "jeu": ["B", "B", "B", "X", "N", "N", "N", "B", "B", "B", "X", "N", "N", "N", "B", "B", "X", "B", "N", "N", "N", "B", "B", "B", "X", "N", "N", "N", "B", "B", "B", "X", "N", "N", "N", "B", "B", "X", "B", "N", "N", "N", "B", "B", "X", "B", "N", "N", "N", "B", "B", "B", "X", "N", "N", "N", "B", "B", "X", "B", "N", "N", "N", "B", "B", "N", "B", "X", "N", "N", "B", "B", "B", "X", "N", "N", "N", "B", "B", "X", "B", "N", "N", "N"], "histo": ["B", "B", "B", "X", "N", "N", "N", "B", "B", "B", "X", "N", "N", "N", "B", "B", "X", "B", "N", "N", "N", "B", "B", "B", "X", "N", "N", "N", "B", "B", "B", "X", "N", "N", "N", "B", "B", "X", "B", "N", "N", "N", "B", "B", "X", "B", "N", "N", "N", "B", "B", "B", "X", "N", "N", "N", "B", "B", "X", "B", "N", "N", "N", "B", "B", "N", "B", "X", "N", "N", "B", "B", "B", "X", "N", "N", "N", "B", "B", "X", "B", "N", "N", "N"]},
"2022-09-20 09:01:26.889000" : {"coup": 2, "jeu": ["B", "B", "X", "B", "N", "N", "N"], "histo": [["B", "B", "B", "X", "N", "N", "N"]]},
"2022-09-20 09:03:53.718000" : {"coup": "Undo", "jeu": ["B", "B", "N", "X", "B", "N", "N"], "histo": [["B", "B", "B", "X", "N", "N", "N"], ["B", "B", "X", "B", "N", "N", "N"], ["B", "B", "N", "B", "X", "N", "N"], ["B", "B", "N", "X", "B", "N", "N"]]},
"2022-09-20 08:33:24.400000" : {"coup": 2, "jeu": ["B", "B", "X", "B", "N", "N", "N"], "histo": []},
"2022-09-20 08:48:08.731000" : {"coup": "Load", "jeu": ["B", "B", "B", "X", "N", "N", "N"], "histo": []},
"2022-09-20 08:33:35.898000" : {"coup": 3, "jeu": ["B", "B", "N", "X", "B", "N", "N"], "histo": []},
"2022-09-20 09:03:50.622000" : {"coup": 3, "jeu": ["B", "B", "N", "X", "B", "N", "N"], "histo": [["B", "B", "B", "X", "N", "N", "N"], ["B", "B", "X", "B", "N", "N", "N"], ["B", "B", "N", "B", "X", "N", "N"]]},
"2022-09-20 09:06:00.521000" : {"coup": 2, "jeu": ["B", "B", "X", "B", "N", "N", "N"], "histo": [["B", "B", "B", "X", "N", "N", "N"]]},
"2022-09-20 09:06:55.156000" : {"coup": "Undo", "jeu": ["B", "B", "N", "B", "X", "N", "N"], "histo": [["B", "B", "B", "X", "N", "N", "N"], ["B", "B", "X", "B", "N", "N", "N"]]},
"2022-09-20 08:49:42.494000" : {"coup": 3, "jeu": ["N", "N", "N", "X", "B", "B", "B"], "histo": []},
"2022-09-20 08:34:34.385000" : {"coup": 3, "jeu": ["N", "B", "N", "X", "N", "B", "B"], "histo": []},
"2022-09-20 08:34:10.142000" : {"coup": 5, "jeu": ["B", "B", "N", "B", "N", "X", "N"], "histo": []},
"2022-09-20 08:32:16.502000" : {"coup": 2, "jeu": ["B", "B", "X", "B", "N", "N", "N"], "histo": []},
"2022-09-20 08:55:24.158000" : {"coup": 4, "jeu": ["B", "B", "N", "B", "X", "N", "N", "B", "B", "B", "X", "N", "N", "N", "B", "B", "X", "B", "N", "N", "N", "B", "B", "B", "X", "N", "N", "N", "B", "B", "B", "X", "N", "N", "N", "B", "B", "X", "B", "N", "N", "N", "B", "B", "X", "B", "N", "N", "N", "B", "B", "B", "X", "N", "N", "N", "B", "B", "X", "B", "N", "N", "N", "B", "B", "N", "B", "X", "N", "N", "B", "B", "B", "X", "N", "N", "N", "B", "B", "X", "B", "N", "N", "N"], "histo": ["B", "B", "X", "B", "N", "N", "N", "B", "B", "B", "X", "N", "N", "N", "B", "B", "X", "B", "N", "N", "N", "B", "B", "B", "X", "N", "N", "N", "B", "B", "B", "X", "N", "N", "N", "B", "B", "X", "B", "N", "N", "N", "B", "B", "X", "B", "N", "N", "N", "B", "B", "B", "X", "N", "N", "N", "B", "B", "X", "B", "N", "N", "N", "B", "B", "N", "B", "X", "N", "N", "B", "B", "B", "X", "N", "N", "N", "B", "B", "X", "B", "N", "N", "N"]},
"2022-09-20 09:02:43.492000" : {"coup": 2, "jeu": ["B", "B", "X", "B", "N", "N", "N"], "histo": [["B", "B", "B", "X", "N", "N", "N"], ["B", "B", "X", "B", "N", "N", "N"], ["B", "B", "B", "X", "N", "N", "N"], ["B", "B", "X", "B", "N", "N", "N"]]},
"2022-09-20 09:01:35.477000" : {"coup": 4, "jeu": ["B", "B", "N", "B", "X", "N", "N"], "histo": [["B", "B", "B", "X", "N", "N", "N"], ["B", "B", "X", "B", "N", "N", "N"], ["B", "B", "B", "X", "N", "N", "N"], ["B", "B", "X", "B", "N", "N", "N"]]},
"2022-09-20 09:06:17.249000" : {"coup": "Undo", "jeu": ["B", "B", "N", "B", "X", "N", "N"], "histo": [["B", "B", "B", "X", "N", "N", "N"], ["B", "B", "X", "B", "N", "N", "N"]]},
"2022-09-20 08:46:30.547000" : {"coup": 1, "jeu": ["B", "X", "N", "B", "N", "B", "N"], "histo": ["B", "B", "X", "B", "N", "N", "N", "B", "B", "N", "B", "X", "N", "N", "B", "B", "N", "B", "N", "X", "N", "B", "B", "N", "X", "N", "B", "N", "B", "X", "N", "B", "N", "B", "N"]},
"2022-09-20 08:49:42.191000" : {"coup": 4, "jeu": ["N", "N", "N", "B", "X", "B", "B"], "histo": []},
"2022-09-20 09:07:05.856000" : {"coup": 2, "jeu": ["B", "N", "X", "B", "N", "B", "N"], "histo": [["B", "B", "B", "X", "N", "N", "N"], ["B", "B", "X", "B", "N", "N", "N"], ["B", "B", "N", "B", "X", "N", "N"], ["B", "B", "N", "B", "N", "X", "N"], ["B", "B", "N", "X", "N", "B", "N"], ["B", "X", "N", "B", "N", "B", "N"]]},
"2022-09-20 09:07:32.519000" : {"coup": 4, "jeu": ["N", "N", "N", "B", "X", "B", "B"], "histo": [["B", "B", "B", "X", "N", "N", "N"], ["B", "B", "X", "B", "N", "N", "N"], ["B", "B", "N", "B", "X", "N", "N"], ["B", "B", "N", "B", "N", "X", "N"], ["B", "B", "N", "X", "N", "B", "N"], ["B", "X", "N", "B", "N", "B", "N"], ["X", "B", "N", "B", "N", "B", "N"], ["N", "B", "X", "B", "N", "B", "N"], ["N", "B", "N", "B", "X", "B", "N"], ["N", "B", "N", "B", "N", "B", "X"], ["N", "B", "N", "B", "N", "X", "B"], ["N", "B", "N", "X", "N", "B", "B"], ["N", "X", "N", "B", "N", "B", "B"], ["N", "N", "X", "B", "N", "B", "B"]]},
"2022-09-20 09:07:33.614000" : {"coup": 3, "jeu": ["N", "N", "N", "X", "B", "B", "B"], "histo": [["B", "B", "B", "X", "N", "N", "N"], ["B", "B", "X", "B", "N", "N", "N"], ["B", "B", "N", "B", "X", "N", "N"], ["B", "B", "N", "B", "N", "X", "N"], ["B", "B", "N", "X", "N", "B", "N"], ["B", "X", "N", "B", "N", "B", "N"], ["X", "B", "N", "B", "N", "B", "N"], ["N", "B", "X", "B", "N", "B", "N"], ["N", "B", "N", "B", "X", "B", "N"], ["N", "B", "N", "B", "N", "B", "X"], ["N", "B", "N", "B", "N", "X", "B"], ["N", "B", "N", "X", "N", "B", "B"], ["N", "X", "N", "B", "N", "B", "B"], ["N", "N", "X", "B", "N", "B", "B"], ["N", "N", "N", "B", "X", "B", "B"]]},
"2022-09-20 09:03:21.972000" : {"coup": "Reset", "jeu": ["B", "B", "B", "X", "N", "N", "N"], "histo": []},
"2022-09-20 08:33:31.912000" : {"coup": 2, "jeu": ["B", "B", "X", "B", "N", "N", "N"], "histo": []},
"2022-09-20 08:49:19.290000" : {"coup": 4, "jeu": ["B", "B", "N", "B", "X", "N", "N"], "histo": []},
"2022-09-20 08:48:54.183000" : {"coup": 5, "jeu": ["N", "B", "N", "B", "N", "X", "B"], "histo": []},
"2022-09-20 08:55:34.881000" : {"coup": "Undo", "jeu": ["B", "B", "N", "B", "X", "N", "N", "B", "B", "B", "X", "N", "N", "N", "B", "B", "X", "B", "N", "N", "N", "B", "B", "B", "X", "N", "N", "N", "B", "B", "B", "X", "N", "N", "N", "B", "B", "X", "B", "N", "N", "N", "B", "B", "X", "B", "N", "N", "N", "B", "B", "B", "X", "N", "N", "N", "B", "B", "X", "B", "N", "N", "N", "B", "B", "N", "B", "X", "N", "N", "B", "B", "B", "X", "N", "N", "N", "B", "B", "X", "B", "N", "N", "N"], "histo": ["B", "B", "N", "B", "X", "N", "N", "B", "B", "B", "X", "N", "N", "N", "B", "B", "X", "B", "N", "N", "N", "B", "B", "B", "X", "N", "N", "N", "B", "B", "B", "X", "N", "N", "N", "B", "B", "X", "B", "N", "N", "N", "B", "B", "X", "B", "N", "N", "N", "B", "B", "B", "X", "N", "N", "N", "B", "B", "X", "B", "N", "N", "N", "B", "B", "N", "B", "X", "N", "N", "B", "B", "B", "X", "N", "N", "N", "B", "B", "X", "B", "N", "N", "N"]},
"2022-09-20 09:05:14.198000" : {"coup": 4, "jeu": ["B", "B", "N", "B", "X", "N", "N"], "histo": [["B", "B", "B", "X", "N", "N", "N"], ["B", "B", "X", "B", "N", "N", "N"]]},
"2022-09-20 09:07:31.041000" : {"coup": 2, "jeu": ["N", "N", "X", "B", "N", "B", "B"], "histo": [["B", "B", "B", "X", "N", "N", "N"], ["B", "B", "X", "B", "N", "N", "N"], ["B", "B", "N", "B", "X", "N", "N"], ["B", "B", "N", "B", "N", "X", "N"], ["B", "B", "N", "X", "N", "B", "N"], ["B", "X", "N", "B", "N", "B", "N"], ["X", "B", "N", "B", "N", "B", "N"], ["N", "B", "X", "B", "N", "B", "N"], ["N", "B", "N", "B", "X", "B", "N"], ["N", "B", "N", "B", "N", "B", "X"], ["N", "B", "N", "B", "N", "X", "B"], ["N", "B", "N", "X", "N", "B", "B"], ["N", "X", "N", "B", "N", "B", "B"]]},
"2022-09-20 09:06:07.750000" : {"coup": 2, "jeu": ["B", "B", "X", "B", "N", "N", "N"], "histo": [["B", "B", "B", "X", "N", "N", "N"]]},
"2022-09-20 08:34:15.772000" : {"coup": "Undo", "jeu": ["B", "B", "B", "X", "N", "N", "N"], "histo": []},
"2022-09-20 08:34:33.442000" : {"coup": 5, "jeu": ["N", "B", "N", "B", "N", "X", "B"], "histo": []},
"2022-09-20 08:48:46.815000" : {"coup": 5, "jeu": ["B", "B", "N", "B", "N", "X", "N"], "histo": []},
"2022-09-20 09:03:56.918000" : {"coup": "Undo", "jeu": ["B", "B", "N", "X", "B", "N", "N"], "histo": [["B", "B", "B", "X", "N", "N", "N"], ["B", "B", "X", "B", "N", "N", "N"], ["B", "B", "N", "B", "X", "N", "N"], ["B", "B", "N", "X", "B", "N", "N"]]},
"2022-09-20 08:52:25.256000" : {"coup": 2, "jeu": ["B", "B", "X", "B", "N", "N", "N"], "histo": ["B", "B", "B", "X", "N", "N", "N"], "prog": "def saute(i):\n    for element in jeu:\n        historique.append(element)\n    if jeu[i]==\"B\" and i<6 and jeu[i+1]==\"X\":\n        jeu[i], jeu[i+1] = \"X\", \"B\"\n    elif jeu[i]==\"B\" and i<5 and jeu[i+1]==\"N\" and jeu[i+2]==\"X\":\n        jeu[i], jeu[i+2] = \"X\", \"B\"\n    elif jeu[i]==\"N\" and i>0 and jeu[i-1]==\"X\":\n        jeu[i], jeu[i-1] = \"X\", \"N\"\n    elif jeu[i]==\"N\" and i>1 and jeu[i-1]==\"B\" and jeu[i-2]==\"X\":\n        jeu[i], jeu[i-2] = \"X\", \"N\"\n\ndef undo():\n    while len(jeu)!= 0:\n        jeu.remove(jeu[0])\n    for element in historique:\n        jeu.append(element)\n    \n"},
"2022-09-20 08:32:42.595000" : {"coup": 0, "jeu": ["X", "B", "N", "B", "N", "B", "N"], "histo": []},
"2022-09-20 08:49:01.542000" : {"coup": 2, "jeu": ["B", "B", "X", "B", "N", "N", "N"], "histo": []},
"2022-09-20 09:01:36.239000" : {"coup": 3, "jeu": ["B", "B", "N", "X", "B", "N", "N"], "histo": [["B", "B", "B", "X", "N", "N", "N"], ["B", "B", "X", "B", "N", "N", "N"], ["B", "B", "B", "X", "N", "N", "N"], ["B", "B", "X", "B", "N", "N", "N"], ["B", "B", "N", "B", "X", "N", "N"]]},
"2022-09-20 08:33:21.506000" : {"coup": "Undo", "jeu": ["B", "B", "B", "X", "N", "N", "N"], "histo": []},
"2022-09-20 09:02:59.477000" : {"coup": 2, "jeu": ["B", "B", "X", "B", "N", "N", "N"], "histo": [["B", "B", "B", "X", "N", "N", "N"]]},
"2022-09-20 08:48:52.160000" : {"coup": 6, "jeu": ["N", "B", "N", "B", "N", "B", "X"], "histo": []},
"2022-09-20 08:51:18.262000" : {"coup": "Undo", "jeu": ["B", "B", "X", "B", "N", "N", "N"], "histo": ["B", "B", "B", "X", "N", "N", "N"]},
"2022-09-20 08:55:16.367000" : {"coup": 4, "jeu": ["B", "B", "N", "B", "X", "N", "N", "B", "B", "B", "X", "N", "N", "N", "B", "B", "X", "B", "N", "N", "N", "B", "B", "B", "X", "N", "N", "N", "B", "B", "B", "X", "N", "N", "N", "B", "B", "X", "B", "N", "N", "N", "B", "B", "X", "B", "N", "N", "N", "B", "B", "B", "X", "N", "N", "N", "B", "B", "X", "B", "N", "N", "N", "B", "B", "N", "B", "X", "N", "N", "B", "B", "B", "X", "N", "N", "N", "B", "B", "X", "B", "N", "N", "N"], "histo": ["B", "B", "X", "B", "N", "N", "N", "B", "B", "B", "X", "N", "N", "N", "B", "B", "X", "B", "N", "N", "N", "B", "B", "B", "X", "N", "N", "N", "B", "B", "B", "X", "N", "N", "N", "B", "B", "X", "B", "N", "N", "N", "B", "B", "X", "B", "N", "N", "N", "B", "B", "B", "X", "N", "N", "N", "B", "B", "X", "B", "N", "N", "N", "B", "B", "N", "B", "X", "N", "N", "B", "B", "B", "X", "N", "N", "N", "B", "B", "X", "B", "N", "N", "N"]},
"2022-09-20 09:03:03.647000" : {"coup": "Undo", "jeu": ["B", "B", "N", "X", "B", "N", "N"], "histo": [["B", "B", "B", "X", "N", "N", "N"], ["B", "B", "X", "B", "N", "N", "N"], ["B", "B", "N", "B", "X", "N", "N"], ["B", "B", "N", "X", "B", "N", "N"]]},
"2022-09-20 09:07:01.810000" : {"coup": 1, "jeu": ["B", "X", "N", "B", "N", "B", "N"], "histo": [["B", "B", "B", "X", "N", "N", "N"], ["B", "B", "X", "B", "N", "N", "N"], ["B", "B", "N", "B", "X", "N", "N"], ["B", "B", "N", "B", "N", "X", "N"], ["B", "B", "N", "X", "N", "B", "N"]]},
"2022-09-20 09:05:10.467000" : {"coup": "Reset", "jeu": ["B", "B", "B", "X", "N", "N", "N"], "histo": [], "prog": "variable = []\ndef saute(i):\n    global variable\n    coup_x = []\n    for element in jeu:\n        coup_x.append(element)\n    historique.append(coup_x)\n    if jeu[i]==\"B\" and i<6 and jeu[i+1]==\"X\":\n        jeu[i], jeu[i+1] = \"X\", \"B\"\n    elif jeu[i]==\"B\" and i<5 and jeu[i+1]==\"N\" and jeu[i+2]==\"X\":\n        jeu[i], jeu[i+2] = \"X\", \"B\"\n    elif jeu[i]==\"N\" and i>0 and jeu[i-1]==\"X\":\n        jeu[i], jeu[i-1] = \"X\", \"N\"\n    elif jeu[i]==\"N\" and i>1 and jeu[i-1]==\"B\" and jeu[i-2]==\"X\":\n        jeu[i], jeu[i-2] = \"X\", \"N\"\n    variable.append(0)\n\ndef undo():\n    global variable\n    while len(jeu)!= 0:\n        jeu.remove(jeu[0])\n    for element in historique[len(variable)-1]:\n        jeu.append(element)\n    historique.remove[len(variable)-1]\n        \n    \n"},
"2022-09-20 08:46:36.762000" : {"coup": "Undo", "jeu": ["B", "B", "X", "B", "N", "N", "N", "B", "B", "N", "B", "X", "N", "N", "B", "B", "N", "B", "N", "X", "N", "B", "B", "N", "X", "N", "B", "N", "B", "X", "N", "B", "N", "B", "N", "B", "N", "X", "B", "N", "B", "N", "B", "N", "N", "B", "X", "B", "N", "B", "N", "N", "B", "N", "B", "X"], "histo": ["B", "B", "X", "B", "N", "N", "N", "B", "B", "N", "B", "X", "N", "N", "B", "B", "N", "B", "N", "X", "N", "B", "B", "N", "X", "N", "B", "N", "B", "X", "N", "B", "N", "B", "N", "B", "N", "X", "B", "N", "B", "N", "B", "N", "N", "B", "X", "B", "N", "B", "N", "N", "B", "N", "B", "X"]},
"2022-09-20 09:05:51.322000" : {"coup": "Reset", "jeu": ["B", "B", "B", "X", "N", "N", "N"], "histo": [], "prog": "variable = []\ndef saute(i):\n    global variable\n    coup_x = []\n    for element in jeu:\n        coup_x.append(element)\n    historique.append(coup_x)\n    if jeu[i]==\"B\" and i<6 and jeu[i+1]==\"X\":\n        jeu[i], jeu[i+1] = \"X\", \"B\"\n    elif jeu[i]==\"B\" and i<5 and jeu[i+1]==\"N\" and jeu[i+2]==\"X\":\n        jeu[i], jeu[i+2] = \"X\", \"B\"\n    elif jeu[i]==\"N\" and i>0 and jeu[i-1]==\"X\":\n        jeu[i], jeu[i-1] = \"X\", \"N\"\n    elif jeu[i]==\"N\" and i>1 and jeu[i-1]==\"B\" and jeu[i-2]==\"X\":\n        jeu[i], jeu[i-2] = \"X\", \"N\"\n    variable.append(0)\n\ndef undo():\n    global variable\n    while len(jeu)!= 0:\n        jeu.remove(jeu[0])\n    for element in historique[len(variable)-1]:\n        jeu.append(element)\n    historique.remove(historique[len(variable)-1])\n        \n    \n"},
"2022-09-20 08:34:18.426000" : {"coup": 3, "jeu": ["B", "B", "N", "X", "N", "B", "N"], "histo": []},
"2022-09-20 09:05:55.609000" : {"coup": "Undo", "jeu": ["B", "B", "X", "B", "N", "N", "N"], "histo": [["B", "B", "B", "X", "N", "N", "N"]]},
"2022-09-20 09:06:03.977000" : {"coup": "Reset", "jeu": ["B", "B", "B", "X", "N", "N", "N"], "histo": []},
"2022-09-20 08:49:05.263000" : {"coup": 1, "jeu": ["B", "X", "N", "B", "N", "B", "N"], "histo": []},
"2022-09-20 08:52:32.799000" : {"coup": "Undo", "jeu": ["B", "B", "B", "X", "N", "N", "N", "B", "B", "B", "X", "N", "N", "N", "B", "B", "X", "B", "N", "N", "N"], "histo": ["B", "B", "B", "X", "N", "N", "N", "B", "B", "B", "X", "N", "N", "N", "B", "B", "X", "B", "N", "N", "N"]},
"2022-09-20 09:05:53.866000" : {"coup": 2, "jeu": ["B", "B", "X", "B", "N", "N", "N"], "histo": [["B", "B", "B", "X", "N", "N", "N"]]},
"2022-09-20 09:06:14.158000" : {"coup": 2, "jeu": ["B", "B", "X", "B", "N", "N", "N"], "histo": [["B", "B", "B", "X", "N", "N", "N"]]},
"2022-09-20 08:55:31.794000" : {"coup": 4, "jeu": ["B", "B", "N", "B", "X", "N", "N", "B", "B", "B", "X", "N", "N", "N", "B", "B", "X", "B", "N", "N", "N", "B", "B", "B", "X", "N", "N", "N", "B", "B", "B", "X", "N", "N", "N", "B", "B", "X", "B", "N", "N", "N", "B", "B", "X", "B", "N", "N", "N", "B", "B", "B", "X", "N", "N", "N", "B", "B", "X", "B", "N", "N", "N", "B", "B", "N", "B", "X", "N", "N", "B", "B", "B", "X", "N", "N", "N", "B", "B", "X", "B", "N", "N", "N"], "histo": ["B", "B", "X", "B", "N", "N", "N", "B", "B", "B", "X", "N", "N", "N", "B", "B", "X", "B", "N", "N", "N", "B", "B", "B", "X", "N", "N", "N", "B", "B", "B", "X", "N", "N", "N", "B", "B", "X", "B", "N", "N", "N", "B", "B", "X", "B", "N", "N", "N", "B", "B", "B", "X", "N", "N", "N", "B", "B", "X", "B", "N", "N", "N", "B", "B", "N", "B", "X", "N", "N", "B", "B", "B", "X", "N", "N", "N", "B", "B", "X", "B", "N", "N", "N"]},
"2022-09-20 08:32:43.219000" : {"coup": 2, "jeu": ["N", "B", "X", "B", "N", "B", "N"], "histo": []},
"2022-09-20 08:32:51.250000" : {"coup": 4, "jeu": ["N", "N", "N", "B", "X", "B", "B"], "histo": []},
"2022-09-20 08:45:15.657000" : {"coup": "Undo", "jeu": [], "histo": [], "prog": "def saute(i):\n    if jeu[i]==\"B\" and i<6 and jeu[i+1]==\"X\":\n        jeu[i], jeu[i+1] = \"X\", \"B\"\n    elif jeu[i]==\"B\" and i<5 and jeu[i+1]==\"N\" and jeu[i+2]==\"X\":\n        jeu[i], jeu[i+2] = \"X\", \"B\"\n    elif jeu[i]==\"N\" and i>0 and jeu[i-1]==\"X\":\n        jeu[i], jeu[i-1] = \"X\", \"N\"\n    elif jeu[i]==\"N\" and i>1 and jeu[i-1]==\"B\" and jeu[i-2]==\"X\":\n        jeu[i], jeu[i-2] = \"X\", \"N\"\n    for element in jeu:\n        historique.append(element)\n \ndef undo():\n    global jeu\n    jeu = historique\n \n    \n"},
"2022-09-20 08:32:11.703000" : {"coup": "Load", "jeu": ["B", "B", "B", "X", "N", "N", "N"], "histo": []},
"2022-09-20 09:01:55.689000" : {"coup": 2, "jeu": ["B", "B", "X", "B", "N", "N", "N"], "histo": [["B", "B", "B", "X", "N", "N", "N"]]},
"2022-09-20 08:48:43.975000" : {"coup": "Reset", "jeu": ["B", "B", "B", "X", "N", "N", "N"], "histo": []},
"2022-09-20 09:02:04.814000" : {"coup": 4, "jeu": ["B", "B", "N", "B", "X", "N", "N"], "histo": [["B", "B", "B", "X", "N", "N", "N"], ["B", "B", "X", "B", "N", "N", "N"]]},
"2022-09-20 09:07:28.225000" : {"coup": 3, "jeu": ["N", "B", "N", "X", "N", "B", "B"], "histo": [["B", "B", "B", "X", "N", "N", "N"], ["B", "B", "X", "B", "N", "N", "N"], ["B", "B", "N", "B", "X", "N", "N"], ["B", "B", "N", "B", "N", "X", "N"], ["B", "B", "N", "X", "N", "B", "N"], ["B", "X", "N", "B", "N", "B", "N"], ["X", "B", "N", "B", "N", "B", "N"], ["N", "B", "X", "B", "N", "B", "N"], ["N", "B", "N", "B", "X", "B", "N"], ["N", "B", "N", "B", "N", "B", "X"], ["N", "B", "N", "B", "N", "X", "B"]]},
"2022-09-20 09:09:23.526000" : {"coup": "Undo", "jeu": ["N", "N", "N", "B", "X", "B", "B"], "histo": [["B", "B", "B", "X", "N", "N", "N"], ["B", "B", "X", "B", "N", "N", "N"], ["B", "B", "N", "B", "X", "N", "N"], ["B", "B", "N", "B", "N", "X", "N"], ["B", "B", "N", "X", "N", "B", "N"], ["B", "X", "N", "B", "N", "B", "N"], ["X", "B", "N", "B", "N", "B", "N"], ["N", "B", "X", "B", "N", "B", "N"], ["N", "B", "N", "B", "X", "B", "N"], ["N", "B", "N", "B", "N", "B", "X"], ["N", "B", "N", "B", "N", "X", "B"], ["N", "B", "N", "X", "N", "B", "B"], ["N", "X", "N", "B", "N", "B", "B"], ["N", "N", "X", "B", "N", "B", "B"]]},
"2022-09-20 08:52:31.318000" : {"coup": 2, "jeu": ["B", "B", "X", "B", "N", "N", "N"], "histo": ["B", "B", "B", "X", "N", "N", "N", "B", "B", "B", "X", "N", "N", "N"]},
"2022-09-20 08:32:41.051000" : {"coup": 1, "jeu": ["B", "X", "N", "B", "N", "B", "N"], "histo": []},
"2022-09-20 09:05:13.236000" : {"coup": 2, "jeu": ["B", "B", "X", "B", "N", "N", "N"], "histo": [["B", "B", "B", "X", "N", "N", "N"]]},
"2022-09-20 08:46:21.047000" : {"coup": "Reset", "jeu": ["B", "B", "B", "X", "N", "N", "N"], "histo": []},
"2022-09-20 08:51:12.963000" : {"coup": "Undo", "jeu": ["N", "N", "N", "X", "B", "B", "B"], "histo": [], "prog": "def saute(i):\n    for element in jeu:\n        historique.append(element)\n    if jeu[i]==\"B\" and i<6 and jeu[i+1]==\"X\":\n        jeu[i], jeu[i+1] = \"X\", \"B\"\n    elif jeu[i]==\"B\" and i<5 and jeu[i+1]==\"N\" and jeu[i+2]==\"X\":\n        jeu[i], jeu[i+2] = \"X\", \"B\"\n    elif jeu[i]==\"N\" and i>0 and jeu[i-1]==\"X\":\n        jeu[i], jeu[i-1] = \"X\", \"N\"\n    elif jeu[i]==\"N\" and i>1 and jeu[i-1]==\"B\" and jeu[i-2]==\"X\":\n        jeu[i], jeu[i-2] = \"X\", \"N\"\n\ndef undo():\n    jeu = historique \n    \n"},
"2022-09-20 08:34:00.710000" : {"coup": 4, "jeu": ["B", "B", "N", "N", "X", "B", "N"], "histo": []},
"2022-09-20 08:48:27.527000" : {"coup": 2, "jeu": ["B", "B", "X", "B", "N", "N", "N"], "histo": []},
"2022-09-20 08:33:41.037000" : {"coup": "Undo", "jeu": ["B", "B", "B", "X", "N", "N", "N"], "histo": []},
"2022-09-20 09:02:48.856000" : {"coup": "Undo", "jeu": ["B", "B", "X", "B", "N", "N", "N"], "histo": [["B", "B", "B", "X", "N", "N", "N"], ["B", "B", "X", "B", "N", "N", "N"]]},
"2022-09-20 09:07:19.214000" : {"coup": 0, "jeu": ["X", "B", "N", "B", "N", "B", "N"], "histo": [["B", "B", "B", "X", "N", "N", "N"], ["B", "B", "X", "B", "N", "N", "N"], ["B", "B", "N", "B", "X", "N", "N"], ["B", "B", "N", "B", "N", "X", "N"], ["B", "B", "N", "X", "N", "B", "N"], ["B", "X", "N", "B", "N", "B", "N"]]},
"2022-09-20 08:33:39.651000" : {"coup": 4, "jeu": ["B", "B", "N", "N", "X", "B", "N"], "histo": []},
"2022-09-20 08:32:36.555000" : {"coup": 4, "jeu": ["B", "B", "N", "B", "X", "N", "N"], "histo": []},
"2022-09-20 08:32:36.061000" : {"coup": 2, "jeu": ["B", "B", "X", "B", "N", "N", "N"], "histo": []},
"2022-09-20 08:32:25.635000" : {"coup": 3, "jeu": ["B", "B", "N", "X", "B", "N", "N"], "histo": []},
"2022-09-20 08:48:38.801000" : {"coup": 2, "jeu": ["N", "B", "X", "B", "N", "B", "N"], "histo": []},
"2022-09-20 08:34:16.565000" : {"coup": 2, "jeu": ["B", "B", "X", "B", "N", "N", "N"], "histo": []},
"2022-09-20 09:05:54.670000" : {"coup": 4, "jeu": ["B", "B", "N", "B", "X", "N", "N"], "histo": [["B", "B", "B", "X", "N", "N", "N"], ["B", "B", "X", "B", "N", "N", "N"]]},
"2022-09-20 08:34:35.217000" : {"coup": 1, "jeu": ["N", "X", "N", "B", "N", "B", "B"], "histo": []},
"2022-09-20 08:32:31.846000" : {"coup": 0, "jeu": ["X", "N", "B", "B", "B", "N", "N"], "histo": []},
"2022-09-20 08:48:40.032000" : {"coup": 6, "jeu": ["N", "B", "N", "B", "N", "B", "X"], "histo": []},
"2022-09-20 09:06:02.802000" : {"coup": "Reset", "jeu": ["B", "B", "B", "X", "N", "N", "N"], "histo": []},
"2022-09-20 08:55:26.649000" : {"coup": "Undo", "jeu": ["B", "B", "X", "B", "N", "N", "N", "B", "B", "B", "X", "N", "N", "N", "B", "B", "X", "B", "N", "N", "N", "B", "B", "B", "X", "N", "N", "N", "B", "B", "B", "X", "N", "N", "N", "B", "B", "X", "B", "N", "N", "N", "B", "B", "X", "B", "N", "N", "N", "B", "B", "B", "X", "N", "N", "N", "B", "B", "X", "B", "N", "N", "N", "B", "B", "N", "B", "X", "N", "N", "B", "B", "B", "X", "N", "N", "N", "B", "B", "X", "B", "N", "N", "N"], "histo": ["B", "B", "X", "B", "N", "N", "N", "B", "B", "B", "X", "N", "N", "N", "B", "B", "X", "B", "N", "N", "N", "B", "B", "B", "X", "N", "N", "N", "B", "B", "B", "X", "N", "N", "N", "B", "B", "X", "B", "N", "N", "N", "B", "B", "X", "B", "N", "N", "N", "B", "B", "B", "X", "N", "N", "N", "B", "B", "X", "B", "N", "N", "N", "B", "B", "N", "B", "X", "N", "N", "B", "B", "B", "X", "N", "N", "N", "B", "B", "X", "B", "N", "N", "N"]},
"2022-09-20 08:32:51.683000" : {"coup": 3, "jeu": ["N", "N", "N", "X", "B", "B", "B"], "histo": []},
"2022-09-20 08:49:00.741000" : {"coup": "Reset", "jeu": ["B", "B", "B", "X", "N", "N", "N"], "histo": []},
"2022-09-20 08:52:39.265000" : {"coup": 3, "jeu": ["B", "B", "N", "X", "B", "N", "N", "B", "B", "B", "X", "N", "N", "N", "B", "B", "X", "B", "N", "N", "N"], "histo": ["B", "B", "B", "X", "N", "N", "N", "B", "B", "B", "X", "N", "N", "N", "B", "B", "X", "B", "N", "N", "N", "B", "B", "B", "X", "N", "N", "N", "B", "B", "B", "X", "N", "N", "N", "B", "B", "X", "B", "N", "N", "N", "B", "B", "X", "B", "N", "N", "N", "B", "B", "B", "X", "N", "N", "N", "B", "B", "X", "B", "N", "N", "N", "B", "B", "N", "B", "X", "N", "N", "B", "B", "B", "X", "N", "N", "N", "B", "B", "X", "B", "N", "N", "N"]},
"2022-09-20 08:52:38.229000" : {"coup": 4, "jeu": ["B", "B", "N", "B", "X", "N", "N", "B", "B", "B", "X", "N", "N", "N", "B", "B", "X", "B", "N", "N", "N"], "histo": ["B", "B", "B", "X", "N", "N", "N", "B", "B", "B", "X", "N", "N", "N", "B", "B", "X", "B", "N", "N", "N", "B", "B", "B", "X", "N", "N", "N", "B", "B", "B", "X", "N", "N", "N", "B", "B", "X", "B", "N", "N", "N", "B", "B", "X", "B", "N", "N", "N", "B", "B", "B", "X", "N", "N", "N", "B", "B", "X", "B", "N", "N", "N"]},
"2022-09-20 08:49:09.447000" : {"coup": 2, "jeu": ["B", "N", "X", "B", "N", "B", "N"], "histo": []},
"2022-09-20 09:02:45.612000" : {"coup": "Reset", "jeu": ["B", "B", "B", "X", "N", "N", "N"], "histo": []},
"2022-09-20 09:02:46.533000" : {"coup": 2, "jeu": ["B", "B", "X", "B", "N", "N", "N"], "histo": [["B", "B", "B", "X", "N", "N", "N"]]},
"2022-09-20 09:06:14.927000" : {"coup": 4, "jeu": ["B", "B", "N", "B", "X", "N", "N"], "histo": [["B", "B", "B", "X", "N", "N", "N"], ["B", "B", "X", "B", "N", "N", "N"]]},
"2022-09-20 09:03:03.073000" : {"coup": "Undo", "jeu": ["B", "B", "N", "X", "B", "N", "N"], "histo": [["B", "B", "B", "X", "N", "N", "N"], ["B", "B", "X", "B", "N", "N", "N"], ["B", "B", "N", "B", "X", "N", "N"], ["B", "B", "N", "X", "B", "N", "N"]]},
"2022-09-20 08:34:04.283000" : {"coup": "Undo", "jeu": ["B", "B", "B", "X", "N", "N", "N"], "histo": []},
"2022-09-20 09:07:23.240000" : {"coup": 4, "jeu": ["N", "B", "N", "B", "X", "B", "N"], "histo": [["B", "B", "B", "X", "N", "N", "N"], ["B", "B", "X", "B", "N", "N", "N"], ["B", "B", "N", "B", "X", "N", "N"], ["B", "B", "N", "B", "N", "X", "N"], ["B", "B", "N", "X", "N", "B", "N"], ["B", "X", "N", "B", "N", "B", "N"], ["X", "B", "N", "B", "N", "B", "N"], ["N", "B", "X", "B", "N", "B", "N"]]},
"2022-09-20 08:48:29.476000" : {"coup": 5, "jeu": ["B", "B", "N", "B", "N", "X", "N"], "histo": []},
"2022-09-20 08:49:29.126000" : {"coup": 4, "jeu": ["N", "B", "N", "B", "X", "B", "N"], "histo": []},
"2022-09-20 09:06:18.162000" : {"coup": "Undo", "jeu": ["B", "B", "B", "X", "N", "N", "N"], "histo": []},
"2022-09-20 08:46:24.221000" : {"coup": 4, "jeu": ["B", "B", "N", "B", "X", "N", "N"], "histo": ["B", "B", "X", "B", "N", "N", "N", "B", "B", "N", "B", "X", "N", "N"]},
"2022-09-20 09:01:29.340000" : {"coup": 4, "jeu": ["B", "B", "N", "B", "X", "N", "N"], "histo": [["B", "B", "B", "X", "N", "N", "N"], ["B", "B", "X", "B", "N", "N", "N"]]},
"2022-09-20 08:46:33.464000" : {"coup": 2, "jeu": ["B", "N", "X", "B", "N", "B", "N"], "histo": ["B", "B", "X", "B", "N", "N", "N", "B", "B", "N", "B", "X", "N", "N", "B", "B", "N", "B", "N", "X", "N", "B", "B", "N", "X", "N", "B", "N", "B", "X", "N", "B", "N", "B", "N", "B", "N", "X", "B", "N", "B", "N"]},
"2022-09-20 08:49:40.232000" : {"coup": 1, "jeu": ["N", "X", "N", "B", "N", "B", "B"], "histo": []},
"2022-09-20 08:46:29.677000" : {"coup": 3, "jeu": ["B", "B", "N", "X", "N", "B", "N"], "histo": ["B", "B", "X", "B", "N", "N", "N", "B", "B", "N", "B", "X", "N", "N", "B", "B", "N", "B", "N", "X", "N", "B", "B", "N", "X", "N", "B", "N"]},
"2022-09-20 09:05:56.094000" : {"coup": "Undo", "jeu": ["B", "B", "B", "X", "N", "N", "N"], "histo": []},
"2022-09-20 09:06:10.733000" : {"coup": "Undo", "jeu": ["B", "B", "X", "B", "N", "N", "N"], "histo": [["B", "B", "B", "X", "N", "N", "N"]]},
"2022-09-20 09:02:50.710000" : {"coup": 4, "jeu": ["B", "B", "N", "B", "X", "N", "N"], "histo": [["B", "B", "B", "X", "N", "N", "N"], ["B", "B", "X", "B", "N", "N", "N"], ["B", "B", "X", "B", "N", "N", "N"]]},
"2022-09-20 08:32:32.340000" : {"coup": 1, "jeu": ["N", "X", "B", "B", "B", "N", "N"], "histo": []},
"2022-09-20 09:03:01.981000" : {"coup": 5, "jeu": ["B", "B", "N", "N", "B", "X", "N"], "histo": [["B", "B", "B", "X", "N", "N", "N"], ["B", "B", "X", "B", "N", "N", "N"], ["B", "B", "N", "B", "X", "N", "N"], ["B", "B", "N", "X", "B", "N", "N"]]},
"2022-09-20 08:49:11.534000" : {"coup": "Reset", "jeu": ["B", "B", "B", "X", "N", "N", "N"], "histo": []},
"2022-09-20 09:03:00.140000" : {"coup": 4, "jeu": ["B", "B", "N", "B", "X", "N", "N"], "histo": [["B", "B", "B", "X", "N", "N", "N"], ["B", "B", "X", "B", "N", "N", "N"]]},
"2022-09-20 08:55:33.197000" : {"coup": 3, "jeu": ["B", "B", "N", "X", "B", "N", "N", "B", "B", "B", "X", "N", "N", "N", "B", "B", "X", "B", "N", "N", "N", "B", "B", "B", "X", "N", "N", "N", "B", "B", "B", "X", "N", "N", "N", "B", "B", "X", "B", "N", "N", "N", "B", "B", "X", "B", "N", "N", "N", "B", "B", "B", "X", "N", "N", "N", "B", "B", "X", "B", "N", "N", "N", "B", "B", "N", "B", "X", "N", "N", "B", "B", "B", "X", "N", "N", "N", "B", "B", "X", "B", "N", "N", "N"], "histo": ["B", "B", "N", "B", "X", "N", "N", "B", "B", "B", "X", "N", "N", "N", "B", "B", "X", "B", "N", "N", "N", "B", "B", "B", "X", "N", "N", "N", "B", "B", "B", "X", "N", "N", "N", "B", "B", "X", "B", "N", "N", "N", "B", "B", "X", "B", "N", "N", "N", "B", "B", "B", "X", "N", "N", "N", "B", "B", "X", "B", "N", "N", "N", "B", "B", "N", "B", "X", "N", "N", "B", "B", "B", "X", "N", "N", "N", "B", "B", "X", "B", "N", "N", "N"]},
"2022-09-20 09:06:47.779000" : {"coup": "Undo", "jeu": ["B", "B", "N", "X", "B", "N", "N"], "histo": [["B", "B", "B", "X", "N", "N", "N"], ["B", "B", "X", "B", "N", "N", "N"], ["B", "B", "N", "B", "X", "N", "N"]]},
"2022-09-20 09:06:17.729000" : {"coup": "Undo", "jeu": ["B", "B", "X", "B", "N", "N", "N"], "histo": [["B", "B", "B", "X", "N", "N", "N"]]},
"2022-09-20 09:01:37.702000" : {"coup": "Undo", "jeu": ["B", "B", "B", "X", "N", "N", "N"], "histo": [["B", "B", "B", "X", "N", "N", "N"], ["B", "B", "X", "B", "N", "N", "N"], ["B", "B", "B", "X", "N", "N", "N"], ["B", "B", "X", "B", "N", "N", "N"], ["B", "B", "N", "B", "X", "N", "N"]]},
"2022-09-20 08:33:25.165000" : {"coup": 4, "jeu": ["B", "B", "N", "B", "X", "N", "N"], "histo": []},
"2022-09-20 08:32:29.853000" : {"coup": 1, "jeu": ["B", "X", "N", "B", "B", "N", "N"], "histo": []},
"2022-09-20 08:49:32.255000" : {"coup": 6, "jeu": ["N", "B", "N", "B", "N", "B", "X"], "histo": []},
"2022-09-20 09:02:53.084000" : {"coup": 1, "jeu": ["B", "X", "N", "B", "B", "N", "N"], "histo": [["B", "B", "B", "X", "N", "N", "N"], ["B", "B", "X", "B", "N", "N", "N"], ["B", "B", "X", "B", "N", "N", "N"], ["B", "B", "N", "B", "X", "N", "N"], ["B", "B", "N", "X", "B", "N", "N"]]},
"2022-09-20 09:03:55.246000" : {"coup": "Undo", "jeu": ["B", "B", "N", "X", "B", "N", "N"], "histo": [["B", "B", "B", "X", "N", "N", "N"], ["B", "B", "X", "B", "N", "N", "N"], ["B", "B", "N", "B", "X", "N", "N"], ["B", "B", "N", "X", "B", "N", "N"]]},
"2022-09-20 08:48:41.605000" : {"coup": 1, "jeu": ["N", "X", "N", "B", "N", "B", "B"], "histo": []},
"2022-09-20 08:49:16.793000" : {"coup": 1, "jeu": ["B", "X", "N", "B", "N", "B", "N"], "histo": []},
"2022-09-20 08:33:29.083000" : {"coup": 1, "jeu": ["B", "X", "N", "B", "B", "N", "N"], "histo": []},
"2022-09-20 08:34:06.717000" : {"coup": 4, "jeu": ["B", "B", "N", "B", "X", "N", "N"], "histo": []},
"2022-09-20 08:51:26.164000" : {"coup": "Reset", "jeu": ["B", "B", "B", "X", "N", "N", "N"], "histo": []},
"2022-09-20 09:06:01.099000" : {"coup": 4, "jeu": ["B", "B", "N", "B", "X", "N", "N"], "histo": [["B", "B", "B", "X", "N", "N", "N"], ["B", "B", "X", "B", "N", "N", "N"]]},
"2022-09-20 08:33:44.019000" : {"coup": 4, "jeu": ["B", "B", "N", "B", "X", "N", "N"], "histo": []},
"2022-09-20 08:52:28.234000" : {"coup": "Undo", "jeu": ["B", "B", "B", "X", "N", "N", "N"], "histo": ["B", "B", "B", "X", "N", "N", "N"]},
"2022-09-20 08:33:31.141000" : {"coup": "Undo", "jeu": ["B", "B", "B", "X", "N", "N", "N"], "histo": []},
"2022-09-20 08:34:29.466000" : {"coup": 2, "jeu": ["N", "B", "X", "B", "N", "B", "N"], "histo": []},
"2022-09-20 08:49:01.960000" : {"coup": 4, "jeu": ["B", "B", "N", "B", "X", "N", "N"], "histo": []},
"2022-09-20 09:06:03.243000" : {"coup": "Reset", "jeu": ["B", "B", "B", "X", "N", "N", "N"], "histo": []},
"2022-09-20 08:34:14.204000" : {"coup": 0, "jeu": ["X", "N", "B", "B", "N", "B", "N"], "histo": []},
"2022-09-20 08:48:47.840000" : {"coup": 3, "jeu": ["B", "B", "N", "X", "N", "B", "N"], "histo": []},
"2022-09-20 08:48:28.572000" : {"coup": 4, "jeu": ["B", "B", "N", "B", "X", "N", "N"], "histo": []},
"2022-09-20 08:48:41.200000" : {"coup": 3, "jeu": ["N", "B", "N", "X", "N", "B", "B"], "histo": []},
"2022-09-20 08:34:37.762000" : {"coup": 3, "jeu": ["N", "N", "N", "X", "B", "B", "B"], "histo": []},
"2022-09-20 08:34:12.347000" : {"coup": 1, "jeu": ["B", "X", "N", "B", "N", "B", "N"], "histo": []},
"2022-09-20 08:55:22.269000" : {"coup": "Undo", "jeu": ["B", "B", "X", "B", "N", "N", "N", "B", "B", "B", "X", "N", "N", "N", "B", "B", "X", "B", "N", "N", "N", "B", "B", "B", "X", "N", "N", "N", "B", "B", "B", "X", "N", "N", "N", "B", "B", "X", "B", "N", "N", "N", "B", "B", "X", "B", "N", "N", "N", "B", "B", "B", "X", "N", "N", "N", "B", "B", "X", "B", "N", "N", "N", "B", "B", "N", "B", "X", "N", "N", "B", "B", "B", "X", "N", "N", "N", "B", "B", "X", "B", "N", "N", "N"], "histo": ["B", "B", "X", "B", "N", "N", "N", "B", "B", "B", "X", "N", "N", "N", "B", "B", "X", "B", "N", "N", "N", "B", "B", "B", "X", "N", "N", "N", "B", "B", "B", "X", "N", "N", "N", "B", "B", "X", "B", "N", "N", "N", "B", "B", "X", "B", "N", "N", "N", "B", "B", "B", "X", "N", "N", "N", "B", "B", "X", "B", "N", "N", "N", "B", "B", "N", "B", "X", "N", "N", "B", "B", "B", "X", "N", "N", "N", "B", "B", "X", "B", "N", "N", "N"]},
"2022-09-20 08:32:39.243000" : {"coup": 5, "jeu": ["B", "B", "N", "B", "N", "X", "N"], "histo": []},
"2022-09-20 08:32:34.642000" : {"coup": "Reset", "jeu": ["B", "B", "B", "X", "N", "N", "N"], "histo": []},
"2022-09-20 08:46:25.229000" : {"coup": 5, "jeu": ["B", "B", "N", "B", "N", "X", "N"], "histo": ["B", "B", "X", "B", "N", "N", "N", "B", "B", "N", "B", "X", "N", "N", "B", "B", "N", "B", "N", "X", "N"]},
"2022-09-20 08:34:17.289000" : {"coup": 4, "jeu": ["B", "B", "N", "B", "X", "N", "N"], "histo": []},
"2022-09-20 08:49:04.523000" : {"coup": 3, "jeu": ["B", "B", "N", "X", "N", "B", "N"], "histo": []},
"2022-09-20 09:02:41.942000" : {"coup": 2, "jeu": ["B", "B", "X", "B", "N", "N", "N"], "histo": [["B", "B", "B", "X", "N", "N", "N"], ["B", "B", "X", "B", "N", "N", "N"], ["B", "B", "B", "X", "N", "N", "N"]], "prog": "variable = []\ndef saute(i):\n    global variable\n    coup_x = []\n    for element in jeu:\n        coup_x.append(element)\n    historique.append(coup_x)\n    if jeu[i]==\"B\" and i<6 and jeu[i+1]==\"X\":\n        jeu[i], jeu[i+1] = \"X\", \"B\"\n    elif jeu[i]==\"B\" and i<5 and jeu[i+1]==\"N\" and jeu[i+2]==\"X\":\n        jeu[i], jeu[i+2] = \"X\", \"B\"\n    elif jeu[i]==\"N\" and i>0 and jeu[i-1]==\"X\":\n        jeu[i], jeu[i-1] = \"X\", \"N\"\n    elif jeu[i]==\"N\" and i>1 and jeu[i-1]==\"B\" and jeu[i-2]==\"X\":\n        jeu[i], jeu[i-2] = \"X\", \"N\"\n    variable.append(0)\n\ndef undo():\n    global variable\n    while len(jeu)!= 0:\n        jeu.remove(jeu[0])\n    for element in historique[len(variable)-1]:\n        jeu.append(element)\n        \n    \n"},
"2022-09-20 08:32:45.971000" : {"coup": 6, "jeu": ["N", "B", "N", "B", "N", "B", "X"], "histo": []},
"2022-09-20 09:06:45.048000" : {"coup": 5, "jeu": ["B", "B", "N", "N", "B", "X", "N"], "histo": [["B", "B", "B", "X", "N", "N", "N"], ["B", "B", "X", "B", "N", "N", "N"], ["B", "B", "N", "B", "X", "N", "N"], ["B", "B", "N", "X", "B", "N", "N"]]},
"2022-09-20 09:06:09.776000" : {"coup": 4, "jeu": ["B", "B", "N", "B", "X", "N", "N"], "histo": [["B", "B", "B", "X", "N", "N", "N"], ["B", "B", "X", "B", "N", "N", "N"]]},
"2022-09-20 08:49:20.763000" : {"coup": 5, "jeu": ["B", "B", "N", "B", "N", "X", "N"], "histo": []},
"2022-09-20 08:55:11.925000" : {"coup": 2, "jeu": ["B", "B", "X", "B", "N", "N", "N", "B", "B", "B", "X", "N", "N", "N", "B", "B", "X", "B", "N", "N", "N", "B", "B", "B", "X", "N", "N", "N", "B", "B", "B", "X", "N", "N", "N", "B", "B", "X", "B", "N", "N", "N", "B", "B", "X", "B", "N", "N", "N", "B", "B", "B", "X", "N", "N", "N", "B", "B", "X", "B", "N", "N", "N", "B", "B", "N", "B", "X", "N", "N", "B", "B", "B", "X", "N", "N", "N", "B", "B", "X", "B", "N", "N", "N"], "histo": ["B", "B", "B", "X", "N", "N", "N", "B", "B", "B", "X", "N", "N", "N", "B", "B", "X", "B", "N", "N", "N", "B", "B", "B", "X", "N", "N", "N", "B", "B", "B", "X", "N", "N", "N", "B", "B", "X", "B", "N", "N", "N", "B", "B", "X", "B", "N", "N", "N", "B", "B", "B", "X", "N", "N", "N", "B", "B", "X", "B", "N", "N", "N", "B", "B", "N", "B", "X", "N", "N", "B", "B", "B", "X", "N", "N", "N", "B", "B", "X", "B", "N", "N", "N"], "prog": "def saute(i):\n    while len(historique)!= 0:\n        historique.remove(historique[0])\n    for element in jeu:\n        historique.append(element)\n    if jeu[i]==\"B\" and i<6 and jeu[i+1]==\"X\":\n        jeu[i], jeu[i+1] = \"X\", \"B\"\n    elif jeu[i]==\"B\" and i<5 and jeu[i+1]==\"N\" and jeu[i+2]==\"X\":\n        jeu[i], jeu[i+2] = \"X\", \"B\"\n    elif jeu[i]==\"N\" and i>0 and jeu[i-1]==\"X\":\n        jeu[i], jeu[i-1] = \"X\", \"N\"\n    elif jeu[i]==\"N\" and i>1 and jeu[i-1]==\"B\" and jeu[i-2]==\"X\":\n        jeu[i], jeu[i-2] = \"X\", \"N\"\n\ndef undo():\n    while len(jeu)!= 0:\n        jeu.remove(jeu[0])\n    for element in historique:\n        jeu.append(element)\n    \n"},
"2022-09-20 08:49:18.270000" : {"coup": "Reset", "jeu": ["B", "B", "B", "X", "N", "N", "N"], "histo": []},
"2022-09-20 08:33:38.931000" : {"coup": 5, "jeu": ["B", "B", "N", "N", "B", "X", "N"], "histo": []},
"2022-09-20 09:03:45.573000" : {"coup": 4, "jeu": ["B", "B", "N", "B", "X", "N", "N"], "histo": [["B", "B", "B", "X", "N", "N", "N"], ["B", "B", "X", "B", "N", "N", "N"]]},
"2022-09-20 09:02:56.930000" : {"coup": "Undo", "jeu": ["B", "B", "N", "X", "B", "N", "N"], "histo": [["B", "B", "B", "X", "N", "N", "N"], ["B", "B", "X", "B", "N", "N", "N"], ["B", "B", "X", "B", "N", "N", "N"], ["B", "B", "N", "B", "X", "N", "N"], ["B", "B", "N", "X", "B", "N", "N"]]},
"2022-09-20 08:51:15.748000" : {"coup": "Reset", "jeu": ["B", "B", "B", "X", "N", "N", "N"], "histo": []},
"2022-09-20 08:34:13.728000" : {"coup": 2, "jeu": ["B", "N", "X", "B", "N", "B", "N"], "histo": []},
"2022-09-20 08:34:10.803000" : {"coup": 3, "jeu": ["B", "B", "N", "X", "N", "B", "N"], "histo": []},
"2022-09-20 09:01:34.780000" : {"coup": 2, "jeu": ["B", "B", "X", "B", "N", "N", "N"], "histo": [["B", "B", "B", "X", "N", "N", "N"], ["B", "B", "X", "B", "N", "N", "N"], ["B", "B", "B", "X", "N", "N", "N"]]},
"2022-09-20 08:51:24.356000" : {"coup": "Undo", "jeu": ["B", "B", "X", "B", "N", "N", "N"], "histo": ["B", "B", "B", "X", "N", "N", "N"]},
"2022-09-20 08:37:11.005000" : {"coup": 6, "jeu": ["N", "N", "N", "X", "B", "B", "B"], "histo": [], "prog": "def saute(i):\n    if jeu[i]==\"B\" and i<6 and jeu[i+1]==\"X\":\n        jeu[i], jeu[i+1] = \"X\", \"B\"\n    elif jeu[i]==\"B\" and i<5 and jeu[i+1]==\"N\" and jeu[i+2]==\"X\":\n        jeu[i], jeu[i+2] = \"X\", \"B\"\n    elif jeu[i]==\"N\" and i>0 and jeu[i-1]==\"X\":\n        jeu[i], jeu[i-1] = \"X\", \"N\"\n    elif jeu[i]==\"N\" and i>1 and jeu[i-1]==\"B\" and jeu[i-2]==\"X\":\n        jeu[i], jeu[i-2] = \"X\", \"N\"\ndef undo():\n    global jeu\n    \n"},
"2022-09-20 09:06:02.005000" : {"coup": 5, "jeu": ["B", "B", "N", "B", "N", "X", "N"], "histo": [["B", "B", "B", "X", "N", "N", "N"], ["B", "B", "X", "B", "N", "N", "N"], ["B", "B", "N", "B", "X", "N", "N"]]},
"2022-09-20 08:34:17.906000" : {"coup": 5, "jeu": ["B", "B", "N", "B", "N", "X", "N"], "histo": []},
"2022-09-20 09:06:11.178000" : {"coup": "Undo", "jeu": ["B", "B", "B", "X", "N", "N", "N"], "histo": []},
"2022-09-20 08:33:59.874000" : {"coup": 5, "jeu": ["B", "B", "N", "N", "B", "X", "N"], "histo": []},
"2022-09-20 08:49:41.799000" : {"coup": 2, "jeu": ["N", "N", "X", "B", "N", "B", "B"], "histo": []},
"2022-09-20 08:48:37.917000" : {"coup": 0, "jeu": ["X", "B", "N", "B", "N", "B", "N"], "histo": []},
"2022-09-20 09:02:57.739000" : {"coup": "Reset", "jeu": ["B", "B", "B", "X", "N", "N", "N"], "histo": []},
"2022-09-20 08:49:34.340000" : {"coup": 5, "jeu": ["N", "B", "N", "B", "N", "X", "B"], "histo": []},
"2022-09-20 08:48:39.458000" : {"coup": 4, "jeu": ["N", "B", "N", "B", "X", "B", "N"], "histo": []},
"2022-09-20 08:52:31.962000" : {"coup": 4, "jeu": ["B", "B", "N", "B", "X", "N", "N"], "histo": ["B", "B", "B", "X", "N", "N", "N", "B", "B", "B", "X", "N", "N", "N", "B", "B", "X", "B", "N", "N", "N"]},
"2022-09-20 08:49:04.113000" : {"coup": 5, "jeu": ["B", "B", "N", "B", "N", "X", "N"], "histo": []},
"2022-09-20 08:32:44.539000" : {"coup": 4, "jeu": ["N", "B", "N", "B", "X", "B", "N"], "histo": []},
"2022-09-20 08:32:17.612000" : {"coup": 4, "jeu": ["B", "B", "N", "B", "X", "N", "N"], "histo": []},
"2022-09-20 09:06:40.547000" : {"coup": 4, "jeu": ["B", "B", "N", "B", "X", "N", "N"], "histo": [["B", "B", "B", "X", "N", "N", "N"], ["B", "B", "X", "B", "N", "N", "N"]]},
"2022-09-20 08:43:32.733000" : {"coup": "Undo", "jeu": [], "histo": [], "prog": "def saute(i):\n    if jeu[i]==\"B\" and i<6 and jeu[i+1]==\"X\":\n        jeu[i], jeu[i+1] = \"X\", \"B\"\n    elif jeu[i]==\"B\" and i<5 and jeu[i+1]==\"N\" and jeu[i+2]==\"X\":\n        jeu[i], jeu[i+2] = \"X\", \"B\"\n    elif jeu[i]==\"N\" and i>0 and jeu[i-1]==\"X\":\n        jeu[i], jeu[i-1] = \"X\", \"N\"\n    elif jeu[i]==\"N\" and i>1 and jeu[i-1]==\"B\" and jeu[i-2]==\"X\":\n        jeu[i], jeu[i-2] = \"X\", \"N\"\n    historique = jeu\n \ndef undo():\n    global jeu\n    jeu = historique\n \n    \n"},
"2022-09-20 08:32:50.466000" : {"coup": 2, "jeu": ["N", "N", "X", "B", "N", "B", "B"], "histo": []},
"2022-09-20 09:02:54.893000" : {"coup": "Undo", "jeu": ["B", "B", "N", "X", "B", "N", "N"], "histo": [["B", "B", "B", "X", "N", "N", "N"], ["B", "B", "X", "B", "N", "N", "N"], ["B", "B", "X", "B", "N", "N", "N"], ["B", "B", "N", "B", "X", "N", "N"], ["B", "B", "N", "X", "B", "N", "N"]]},
"2022-09-20 08:48:51.239000" : {"coup": 4, "jeu": ["N", "B", "N", "B", "X", "B", "N"], "histo": []},
"2022-09-20 09:01:52.592000" : {"coup": 2, "jeu": ["B", "B", "X", "B", "N", "N", "N"], "histo": [["B", "B", "B", "X", "N", "N", "N"], ["B", "B", "X", "B", "N", "N", "N"], ["B", "B", "B", "X", "N", "N", "N"], ["B", "B", "X", "B", "N", "N", "N"], ["B", "B", "N", "B", "X", "N", "N"], ["B", "B", "B", "X", "N", "N", "N"]]},
"2022-09-20 08:46:35.085000" : {"coup": 4, "jeu": ["B", "N", "N", "B", "X", "B", "N"], "histo": ["B", "B", "X", "B", "N", "N", "N", "B", "B", "N", "B", "X", "N", "N", "B", "B", "N", "B", "N", "X", "N", "B", "B", "N", "X", "N", "B", "N", "B", "X", "N", "B", "N", "B", "N", "B", "N", "X", "B", "N", "B", "N", "B", "N", "N", "B", "X", "B", "N"]},
"2022-09-20 09:06:16.274000" : {"coup": 5, "jeu": ["B", "B", "N", "B", "N", "X", "N"], "histo": [["B", "B", "B", "X", "N", "N", "N"], ["B", "B", "X", "B", "N", "N", "N"], ["B", "B", "N", "B", "X", "N", "N"]]},
"2022-09-20 09:07:17.123000" : {"coup": "Undo", "jeu": ["B", "X", "N", "B", "N", "B", "N"], "histo": [["B", "B", "B", "X", "N", "N", "N"], ["B", "B", "X", "B", "N", "N", "N"], ["B", "B", "N", "B", "X", "N", "N"], ["B", "B", "N", "B", "N", "X", "N"], ["B", "B", "N", "X", "N", "B", "N"]]},
"2022-09-20 08:49:27.918000" : {"coup": 0, "jeu": ["X", "B", "N", "B", "N", "B", "N"], "histo": []},
"2022-09-20 08:33:32.450000" : {"coup": 4, "jeu": ["B", "B", "N", "B", "X", "N", "N"], "histo": []},
"2022-09-20 08:49:35.640000" : {"coup": 3, "jeu": ["N", "B", "N", "X", "N", "B", "B"], "histo": []},
"2022-09-20 09:03:51.526000" : {"coup": 5, "jeu": ["B", "B", "N", "N", "B", "X", "N"], "histo": [["B", "B", "B", "X", "N", "N", "N"], ["B", "B", "X", "B", "N", "N", "N"], ["B", "B", "N", "B", "X", "N", "N"], ["B", "B", "N", "X", "B", "N", "N"]]},
"2022-09-20 09:07:25.009000" : {"coup": 6, "jeu": ["N", "B", "N", "B", "N", "B", "X"], "histo": [["B", "B", "B", "X", "N", "N", "N"], ["B", "B", "X", "B", "N", "N", "N"], ["B", "B", "N", "B", "X", "N", "N"], ["B", "B", "N", "B", "N", "X", "N"], ["B", "B", "N", "X", "N", "B", "N"], ["B", "X", "N", "B", "N", "B", "N"], ["X", "B", "N", "B", "N", "B", "N"], ["N", "B", "X", "B", "N", "B", "N"], ["N", "B", "N", "B", "X", "B", "N"]]},
"2022-09-20 09:07:25.769000" : {"coup": 5, "jeu": ["N", "B", "N", "B", "N", "X", "B"], "histo": [["B", "B", "B", "X", "N", "N", "N"], ["B", "B", "X", "B", "N", "N", "N"], ["B", "B", "N", "B", "X", "N", "N"], ["B", "B", "N", "B", "N", "X", "N"], ["B", "B", "N", "X", "N", "B", "N"], ["B", "X", "N", "B", "N", "B", "N"], ["X", "B", "N", "B", "N", "B", "N"], ["N", "B", "X", "B", "N", "B", "N"], ["N", "B", "N", "B", "X", "B", "N"], ["N", "B", "N", "B", "N", "B", "X"]]},
"2022-09-20 09:01:54.116000" : {"coup": "Reset", "jeu": ["B", "B", "B", "X", "N", "N", "N"], "histo": []},
"2022-09-20 09:01:23.085000" : {"coup": "Reset", "jeu": ["B", "B", "B", "X", "N", "N", "N"], "histo": [], "prog": "variable = []\ndef saute(i):\n    global variable\n    coup_x = []\n    for element in jeu:\n        coup_x.append(element)\n    historique.append(coup_x)\n    if jeu[i]==\"B\" and i<6 and jeu[i+1]==\"X\":\n        jeu[i], jeu[i+1] = \"X\", \"B\"\n    elif jeu[i]==\"B\" and i<5 and jeu[i+1]==\"N\" and jeu[i+2]==\"X\":\n        jeu[i], jeu[i+2] = \"X\", \"B\"\n    elif jeu[i]==\"N\" and i>0 and jeu[i-1]==\"X\":\n        jeu[i], jeu[i-1] = \"X\", \"N\"\n    elif jeu[i]==\"N\" and i>1 and jeu[i-1]==\"B\" and jeu[i-2]==\"X\":\n        jeu[i], jeu[i-2] = \"X\", \"N\"\n    variable.append(0)\n\ndef undo():\n    global variable\n    while len(jeu)!= 0:\n        jeu.remove(jeu[0])\n    for element in historique[len(variable)]:\n        jeu.append(element)\n        \n    \n"},
"2022-09-20 09:07:30.157000" : {"coup": 1, "jeu": ["N", "X", "N", "B", "N", "B", "B"], "histo": [["B", "B", "B", "X", "N", "N", "N"], ["B", "B", "X", "B", "N", "N", "N"], ["B", "B", "N", "B", "X", "N", "N"], ["B", "B", "N", "B", "N", "X", "N"], ["B", "B", "N", "X", "N", "B", "N"], ["B", "X", "N", "B", "N", "B", "N"], ["X", "B", "N", "B", "N", "B", "N"], ["N", "B", "X", "B", "N", "B", "N"], ["N", "B", "N", "B", "X", "B", "N"], ["N", "B", "N", "B", "N", "B", "X"], ["N", "B", "N", "B", "N", "X", "B"], ["N", "B", "N", "X", "N", "B", "B"]]},
"2022-09-20 08:32:49.787000" : {"coup": 1, "jeu": ["N", "X", "N", "B", "N", "B", "B"], "histo": []},
"2022-09-20 08:49:18.962000" : {"coup": 2, "jeu": ["B", "B", "X", "B", "N", "N", "N"], "histo": []},
"2022-09-20 09:06:58.493000" : {"coup": 5, "jeu": ["B", "B", "N", "B", "N", "X", "N"], "histo": [["B", "B", "B", "X", "N", "N", "N"], ["B", "B", "X", "B", "N", "N", "N"], ["B", "B", "N", "B", "X", "N", "N"]]},
"2022-09-20 08:49:23.601000" : {"coup": 3, "jeu": ["B", "B", "N", "X", "N", "B", "N"], "histo": []},
"2022-09-20 08:48:50.559000" : {"coup": 2, "jeu": ["N", "B", "X", "B", "N", "B", "N"], "histo": []},
"2022-09-20 08:48:40.840000" : {"coup": 5, "jeu": ["N", "B", "N", "B", "N", "X", "B"], "histo": []},
"2022-09-20 08:46:35.790000" : {"coup": 6, "jeu": ["B", "N", "N", "B", "N", "B", "X"], "histo": ["B", "B", "X", "B", "N", "N", "N", "B", "B", "N", "B", "X", "N", "N", "B", "B", "N", "B", "N", "X", "N", "B", "B", "N", "X", "N", "B", "N", "B", "X", "N", "B", "N", "B", "N", "B", "N", "X", "B", "N", "B", "N", "B", "N", "N", "B", "X", "B", "N", "B", "N", "N", "B", "N", "B", "X"]},
"2022-09-20 08:34:30.449000" : {"coup": 4, "jeu": ["N", "B", "N", "B", "X", "B", "N"], "histo": []},
"2022-09-20 08:34:31.779000" : {"coup": 6, "jeu": ["N", "B", "N", "B", "N", "B", "X"], "histo": []},
"2022-09-20 08:32:33.399000" : {"coup": 0, "jeu": ["N", "X", "B", "B", "B", "N", "N"], "histo": []},
"2022-09-20 09:06:59.585000" : {"coup": 3, "jeu": ["B", "B", "N", "X", "N", "B", "N"], "histo": [["B", "B", "B", "X", "N", "N", "N"], ["B", "B", "X", "B", "N", "N", "N"], ["B", "B", "N", "B", "X", "N", "N"], ["B", "B", "N", "B", "N", "X", "N"]]},
"2022-09-20 09:02:51.671000" : {"coup": 3, "jeu": ["B", "B", "N", "X", "B", "N", "N"], "histo": [["B", "B", "B", "X", "N", "N", "N"], ["B", "B", "X", "B", "N", "N", "N"], ["B", "B", "X", "B", "N", "N", "N"], ["B", "B", "N", "B", "X", "N", "N"]]},
"2022-09-20 08:33:41.883000" : {"coup": 2, "jeu": ["B", "B", "X", "B", "N", "N", "N"], "histo": []},
"2022-09-20 08:48:44.999000" : {"coup": 2, "jeu": ["B", "B", "X", "B", "N", "N", "N"], "histo": []},
"2022-09-20 08:33:47.378000" : {"coup": 3, "jeu": ["B", "B", "N", "X", "B", "N", "N"], "histo": []},
"2022-09-20 08:55:18.357000" : {"coup": "Undo", "jeu": ["B", "B", "X", "B", "N", "N", "N", "B", "B", "B", "X", "N", "N", "N", "B", "B", "X", "B", "N", "N", "N", "B", "B", "B", "X", "N", "N", "N", "B", "B", "B", "X", "N", "N", "N", "B", "B", "X", "B", "N", "N", "N", "B", "B", "X", "B", "N", "N", "N", "B", "B", "B", "X", "N", "N", "N", "B", "B", "X", "B", "N", "N", "N", "B", "B", "N", "B", "X", "N", "N", "B", "B", "B", "X", "N", "N", "N", "B", "B", "X", "B", "N", "N", "N"], "histo": ["B", "B", "X", "B", "N", "N", "N", "B", "B", "B", "X", "N", "N", "N", "B", "B", "X", "B", "N", "N", "N", "B", "B", "B", "X", "N", "N", "N", "B", "B", "B", "X", "N", "N", "N", "B", "B", "X", "B", "N", "N", "N", "B", "B", "X", "B", "N", "N", "N", "B", "B", "B", "X", "N", "N", "N", "B", "B", "X", "B", "N", "N", "N", "B", "B", "N", "B", "X", "N", "N", "B", "B", "B", "X", "N", "N", "N", "B", "B", "X", "B", "N", "N", "N"]},
"2022-09-20 08:52:35.596000" : {"coup": 2, "jeu": ["B", "B", "X", "B", "N", "N", "N", "B", "B", "B", "X", "N", "N", "N", "B", "B", "X", "B", "N", "N", "N"], "histo": ["B", "B", "B", "X", "N", "N", "N", "B", "B", "B", "X", "N", "N", "N", "B", "B", "X", "B", "N", "N", "N", "B", "B", "B", "X", "N", "N", "N", "B", "B", "B", "X", "N", "N", "N", "B", "B", "X", "B", "N", "N", "N"]},
"2022-09-20 09:05:00.879000" : {"coup": 4, "jeu": ["B", "B", "N", "B", "X", "N", "N"], "histo": [["B", "B", "B", "X", "N", "N", "N"], ["B", "B", "X", "B", "N", "N", "N"]]},
"2022-09-20 08:49:12.296000" : {"coup": 2, "jeu": ["B", "B", "X", "B", "N", "N", "N"], "histo": []},
"2022-09-20 09:03:00.767000" : {"coup": 3, "jeu": ["B", "B", "N", "X", "B", "N", "N"], "histo": [["B", "B", "B", "X", "N", "N", "N"], ["B", "B", "X", "B", "N", "N", "N"], ["B", "B", "N", "B", "X", "N", "N"]]},
"2022-09-20 08:49:15.808000" : {"coup": 3, "jeu": ["B", "B", "N", "X", "N", "B", "N"], "histo": []},
"2022-09-20 08:51:16.929000" : {"coup": 2, "jeu": ["B", "B", "X", "B", "N", "N", "N"], "histo": ["B", "B", "B", "X", "N", "N", "N"]},
"2022-09-20 08:34:36.386000" : {"coup": 2, "jeu": ["N", "N", "X", "B", "N", "B", "B"], "histo": []},
"2022-09-20 08:32:48.003000" : {"coup": 3, "jeu": ["N", "B", "N", "X", "N", "B", "B"], "histo": []},
"2022-09-20 08:48:30.950000" : {"coup": 3, "jeu": ["B", "B", "N", "X", "N", "B", "N"], "histo": []},
"2022-09-20 08:32:40.043000" : {"coup": 3, "jeu": ["B", "B", "N", "X", "N", "B", "N"], "histo": []},
"2022-09-20 08:40:36.228000" : {"coup": "Undo", "jeu": ["N", "N", "N", "X", "B", "B", "B"], "histo": [], "prog": "def saute(i):\n    if jeu[i]==\"B\" and i<6 and jeu[i+1]==\"X\":\n        jeu[i], jeu[i+1] = \"X\", \"B\"\n    elif jeu[i]==\"B\" and i<5 and jeu[i+1]==\"N\" and jeu[i+2]==\"X\":\n        jeu[i], jeu[i+2] = \"X\", \"B\"\n    elif jeu[i]==\"N\" and i>0 and jeu[i-1]==\"X\":\n        jeu[i], jeu[i-1] = \"X\", \"N\"\n    elif jeu[i]==\"N\" and i>1 and jeu[i-1]==\"B\" and jeu[i-2]==\"X\":\n        jeu[i], jeu[i-2] = \"X\", \"N\"\n    \ndef undo():\n    global jeu\n    historique = jeu \n    \n"},
"2022-09-20 08:49:28.489000" : {"coup": 2, "jeu": ["N", "B", "X", "B", "N", "B", "N"], "histo": []},
"2022-09-20 09:02:47.924000" : {"coup": "Undo", "jeu": ["B", "B", "X", "B", "N", "N", "N"], "histo": [["B", "B", "B", "X", "N", "N", "N"], ["B", "B", "X", "B", "N", "N", "N"]]},
"2022-09-20 08:48:55.303000" : {"coup": 3, "jeu": ["N", "B", "N", "X", "N", "B", "B"], "histo": []},
"2022-09-20 08:34:28.810000" : {"coup": 0, "jeu": ["X", "B", "N", "B", "N", "B", "N"], "histo": []},
"2022-09-20 08:48:31.941000" : {"coup": 1, "jeu": ["B", "X", "N", "B", "N", "B", "N"], "histo": []},
"2022-09-20 08:48:45.409000" : {"coup": 4, "jeu": ["B", "B", "N", "B", "X", "N", "N"], "histo": []},
"2022-09-20 09:02:56.245000" : {"coup": "Undo", "jeu": ["B", "B", "N", "X", "B", "N", "N"], "histo": [["B", "B", "B", "X", "N", "N", "N"], ["B", "B", "X", "B", "N", "N", "N"], ["B", "B", "X", "B", "N", "N", "N"], ["B", "B", "N", "B", "X", "N", "N"], ["B", "B", "N", "X", "B", "N", "N"]]},
"2022-09-20 08:32:47.554000" : {"coup": 5, "jeu": ["N", "B", "N", "B", "N", "X", "B"], "histo": []},
"2022-09-20 08:48:48.743000" : {"coup": 1, "jeu": ["B", "X", "N", "B", "N", "B", "N"], "histo": []},
"2022-09-20 08:33:28.454000" : {"coup": 3, "jeu": ["B", "B", "N", "X", "B", "N", "N"], "histo": []},
"2022-09-20 09:01:32.345000" : {"coup": "Undo", "jeu": ["B", "B", "B", "X", "N", "N", "N"], "histo": [["B", "B", "B", "X", "N", "N", "N"], ["B", "B", "X", "B", "N", "N", "N"]]},
"2022-09-20 08:48:50.035000" : {"coup": 0, "jeu": ["X", "B", "N", "B", "N", "B", "N"], "histo": []},
"2022-09-20 08:34:05.141000" : {"coup": 2, "jeu": ["B", "B", "X", "B", "N", "N", "N"], "histo": []},
"2022-09-20 09:06:43.198000" : {"coup": 3, "jeu": ["B", "B", "N", "X", "B", "N", "N"], "histo": [["B", "B", "B", "X", "N", "N", "N"], ["B", "B", "X", "B", "N", "N", "N"], ["B", "B", "N", "B", "X", "N", "N"]]},
"2022-09-20 09:02:47.050000" : {"coup": 4, "jeu": ["B", "B", "N", "B", "X", "N", "N"], "histo": [["B", "B", "B", "X", "N", "N", "N"], ["B", "B", "X", "B", "N", "N", "N"]]},
"2022-09-20 09:03:38.444000" : {"coup": 2, "jeu": ["B", "B", "X", "B", "N", "N", "N"], "histo": [["B", "B", "B", "X", "N", "N", "N"]]},
"2022-09-20 09:06:39.086000" : {"coup": 2, "jeu": ["B", "B", "X", "B", "N", "N", "N"], "histo": [["B", "B", "B", "X", "N", "N", "N"]]},
"2022-09-20 08:46:22.941000" : {"coup": 2, "jeu": ["B", "B", "X", "B", "N", "N", "N"], "histo": ["B", "B", "X", "B", "N", "N", "N"]},
"2022-09-20 08:34:23.226000" : {"coup": 1, "jeu": ["B", "X", "N", "B", "N", "B", "N"], "histo": []},
"2022-09-20 08:49:12.663000" : {"coup": 4, "jeu": ["B", "B", "N", "B", "X", "N", "N"], "histo": []},
"2022-09-20 08:34:36.992000" : {"coup": 4, "jeu": ["N", "N", "N", "B", "X", "B", "B"], "histo": []},
"2022-09-20 08:32:30.989000" : {"coup": 2, "jeu": ["B", "N", "X", "B", "B", "N", "N"], "histo": []},
"2022-09-20 09:04:57.554000" : {"coup": 2, "jeu": ["B", "B", "X", "B", "N", "N", "N"], "histo": [["B", "B", "B", "X", "N", "N", "N"]], "prog": "variable = []\ndef saute(i):\n    global variable\n    coup_x = []\n    for element in jeu:\n        coup_x.append(element)\n    historique.append(coup_x)\n    if jeu[i]==\"B\" and i<6 and jeu[i+1]==\"X\":\n        jeu[i], jeu[i+1] = \"X\", \"B\"\n    elif jeu[i]==\"B\" and i<5 and jeu[i+1]==\"N\" and jeu[i+2]==\"X\":\n        jeu[i], jeu[i+2] = \"X\", \"B\"\n    elif jeu[i]==\"N\" and i>0 and jeu[i-1]==\"X\":\n        jeu[i], jeu[i-1] = \"X\", \"N\"\n    elif jeu[i]==\"N\" and i>1 and jeu[i-1]==\"B\" and jeu[i-2]==\"X\":\n        jeu[i], jeu[i-2] = \"X\", \"N\"\n    variable.append(0)\n\ndef undo():\n    global variable\n    while len(jeu)!= 0:\n        jeu.remove(jeu[0])\n    for element in historique[len(variable)-1]:\n        jeu.append(element)\n    historique.remove[len(varaible)-1]\n        \n    \n"},
"2022-09-20 08:49:27.288000" : {"coup": 1, "jeu": ["B", "X", "N", "B", "N", "B", "N"], "histo": []}
}