{
"2022-09-20 08:52:08.198000" : {"coup": 2, "jeu": ["B", "B", "X", "B", "N", "N", "N"], "histo": []},
"2022-09-20 08:36:18.890000" : {"coup": 4, "jeu": ["N", "N", "X", "B", "B", "B", "N"], "histo": []},
"2022-09-20 08:34:22.413000" : {"coup": "Reset", "jeu": ["B", "B", "B", "X", "N", "N", "N"], "histo": []},
"2022-09-20 08:32:31.854000" : {"coup": "Reset", "jeu": ["B", "B", "B", "X", "N", "N", "N"], "histo": []},
"2022-09-20 08:33:44.021000" : {"coup": "Reset", "jeu": ["B", "B", "B", "X", "N", "N", "N"], "histo": []},
"2022-09-20 08:47:19.990000" : {"coup": 3, "jeu": ["X", "N", "B", "B", "N", "B", "N"], "histo": []},
"2022-09-20 08:32:36.383000" : {"coup": 2, "jeu": ["B", "B", "X", "B", "N", "N", "N"], "histo": []},
"2022-09-20 09:11:45.960000" : {"coup": "Undo", "jeu": ["B", "B", "B", "X", "N", "N", "N"], "histo": []},
"2022-09-20 08:49:13.613000" : {"coup": 3, "jeu": ["B", "B", "N", "X", "B", "N", "N"], "histo": []},
"2022-09-20 09:11:32.265000" : {"coup": "Reset", "jeu": ["B", "B", "B", "X", "N", "N", "N"], "histo": []},
"2022-09-20 08:33:50.688000" : {"coup": 1, "jeu": ["B", "X", "B", "B", "N", "N", "N"], "histo": []},
"2022-09-20 08:49:36.444000" : {"coup": 3, "jeu": ["N", "B", "N", "X", "N", "B", "B"], "histo": []},
"2022-09-20 09:11:30.914000" : {"coup": "Reset", "jeu": ["B", "B", "B", "X", "N", "N", "N"], "histo": []},
"2022-09-20 08:46:50.529000" : {"coup": 2, "jeu": ["B", "B", "X", "B", "N", "N", "N"], "histo": []},
"2022-09-20 09:11:43.763000" : {"coup": 4, "jeu": ["B", "B", "N", "B", "X", "N", "N"], "histo": []},
"2022-09-20 08:59:14.564000" : {"coup": 2, "jeu": ["B", "B", "X", "N", "B", "N", "N"], "histo": []},
"2022-09-20 08:36:43.304000" : {"coup": 3, "jeu": ["B", "B", "N", "X", "B", "N", "N"], "histo": []},
"2022-09-20 08:59:40.691000" : {"coup": 0, "jeu": ["X", "N", "B", "B", "N", "B", "N"], "histo": []},
"2022-09-20 08:35:59.034000" : {"coup": 0, "jeu": ["X", "N", "B", "N", "B", "B", "N"], "histo": []},
"2022-09-20 08:39:35.191000" : {"coup": "Undo", "jeu": ["N", "N", "N", "X", "B", "B", "B"], "histo": []},
"2022-09-20 08:59:32.076000" : {"coup": 5, "jeu": ["B", "B", "N", "B", "N", "X", "N"], "histo": []},
"2022-09-20 09:11:55.417000" : {"coup": 2, "jeu": ["B", "B", "X", "B", "N", "N", "N"], "histo": [], "prog": "def saute(i):\n    if jeu[i]==\"B\" and i<6 and jeu[i+1]==\"X\":\n        jeu[i], jeu[i+1] = \"X\", \"B\"\n    elif jeu[i]==\"B\" and i<5 and jeu[i+1]==\"N\" and jeu[i+2]==\"X\":\n        jeu[i], jeu[i+2] = \"X\", \"B\"\n    elif jeu[i]==\"N\" and i>0 and jeu[i-1]==\"X\":\n        jeu[i], jeu[i-1] = \"X\", \"N\"\n    elif jeu[i]==\"N\" and i>1 and jeu[i-1]==\"B\" and jeu[i-2]==\"X\":\n        jeu[i], jeu[i-2] = \"X\", \"N\"\ndef undo():\n    global jeu\n    historique = [1]\n    jeu = [\"B\", \"B\", \"B\", \"X\", \"N\", \"N\", \"N\"]"},
"2022-09-20 09:12:42.930000" : {"coup": "Reset", "jeu": ["B", "B", "B", "X", "N", "N", "N"], "histo": [], "prog": "def saute(i):\n    if jeu[i]==\"B\" and i<6 and jeu[i+1]==\"X\":\n        historique = append()\n        jeu[i], jeu[i+1] = \"X\", \"B\"\n    elif jeu[i]==\"B\" and i<5 and jeu[i+1]==\"N\" and jeu[i+2]==\"X\":\n        jeu[i], jeu[i+2] = \"X\", \"B\"\n    elif jeu[i]==\"N\" and i>0 and jeu[i-1]==\"X\":\n        jeu[i], jeu[i-1] = \"X\", \"N\"\n    elif jeu[i]==\"N\" and i>1 and jeu[i-1]==\"B\" and jeu[i-2]==\"X\":\n        jeu[i], jeu[i-2] = \"X\", \"N\"\ndef undo():\n    global jeu\n    historique = [-1]\n    jeu = [\"B\", \"B\", \"B\", \"X\", \"N\", \"N\", \"N\"]"},
"2022-09-20 08:36:17.680000" : {"coup": 3, "jeu": ["N", "N", "B", "X", "B", "B", "N"], "histo": []},
"2022-09-20 08:59:26.770000" : {"coup": "Reset", "jeu": ["B", "B", "B", "X", "N", "N", "N"], "histo": []},
"2022-09-20 08:50:36.934000" : {"coup": "Reset", "jeu": ["B", "B", "B", "X", "N", "N", "N"], "histo": []},
"2022-09-20 09:15:13.901000" : {"coup": "Undo", "jeu": ["B", "B", "X", "N", "B", "N", "N"], "histo": []},
"2022-09-20 08:50:35.963000" : {"coup": "Reset", "jeu": ["B", "B", "B", "X", "N", "N", "N"], "histo": [], "prog": "def saute(i):\n    if jeu[i]==\"B\" and i<6 and jeu[i+1]==\"X\":\n        jeu[i], jeu[i+1] = \"X\", \"B\"\n    elif jeu[i]==\"B\" and i<5 and jeu[i+1]==\"N\" and jeu[i+2]==\"X\":\n        jeu[i], jeu[i+2] = \"X\", \"B\"\n    elif jeu[i]==\"N\" and i>0 and jeu[i-1]==\"X\":\n        jeu[i], jeu[i-1] = \"X\", \"N\"\n    elif jeu[i]==\"N\" and i>1 and jeu[i-1]==\"B\" and jeu[i-2]==\"X\":\n        jeu[i], jeu[i-2] = \"X\", \"N\"\ndef undo():\n    global jeu\n    jeu = [\"B\", \"B\", \"B\", \"X\", \"N\", \"N\", \"N\"]\n    historique[]"},
"2022-09-20 08:59:47.699000" : {"coup": 4, "jeu": ["B", "B", "N", "N", "X", "B", "N"], "histo": []},
"2022-09-20 08:36:26.390000" : {"coup": 2, "jeu": ["B", "B", "X", "B", "N", "N", "N"], "histo": []},
"2022-09-20 08:36:20.758000" : {"coup": "Reset", "jeu": ["B", "B", "B", "X", "N", "N", "N"], "histo": []},
"2022-09-20 08:59:19.611000" : {"coup": 2, "jeu": ["B", "B", "X", "B", "N", "N", "N"], "histo": []},
"2022-09-20 08:36:32.303000" : {"coup": 5, "jeu": ["B", "B", "N", "N", "B", "X", "N"], "histo": []},
"2022-09-20 09:12:46.172000" : {"coup": 4, "jeu": ["B", "B", "B", "N", "X", "N", "N"], "histo": []},
"2022-09-20 08:43:32.014000" : {"coup": 1, "jeu": ["B", "X", "N", "B", "N", "B", "N"], "histo": []},
"2022-09-20 08:36:42.482000" : {"coup": 4, "jeu": ["B", "B", "N", "B", "X", "N", "N"], "histo": []},
"2022-09-20 09:11:34.555000" : {"coup": "Undo", "jeu": ["B", "B", "B", "X", "N", "N", "N"], "histo": []},
"2022-09-20 08:37:19.175000" : {"coup": 5, "jeu": ["B", "N", "B", "N", "B", "X", "N"], "histo": []},
"2022-09-20 08:43:27.816000" : {"coup": 4, "jeu": ["B", "B", "N", "B", "X", "N", "N"], "histo": []},
"2022-09-20 09:12:48.002000" : {"coup": 2, "jeu": ["B", "B", "X", "N", "B", "N", "N"], "histo": []},
"2022-09-20 09:13:04.387000" : {"coup": 4, "jeu": ["B", "B", "B", "N", "X", "N", "N"], "histo": []},
"2022-09-20 08:46:54.473000" : {"coup": 3, "jeu": ["B", "B", "N", "X", "B", "N", "N"], "histo": []},
"2022-09-20 08:46:52.023000" : {"coup": 4, "jeu": ["B", "B", "N", "B", "X", "N", "N"], "histo": []},
"2022-09-20 09:04:22.747000" : {"coup": "Reset", "jeu": ["B", "B", "B", "X", "N", "N", "N"], "histo": [], "prog": "def saute(i):\n    if jeu[i]==\"B\" and i<6 and jeu[i+1]==\"X\":\n        jeu[i], jeu[i+1] = \"X\", \"B\"\n    elif jeu[i]==\"B\" and i<5 and jeu[i+1]==\"N\" and jeu[i+2]==\"X\":\n        jeu[i], jeu[i+2] = \"X\", \"B\"\n    elif jeu[i]==\"N\" and i>0 and jeu[i-1]==\"X\":\n        jeu[i], jeu[i-1] = \"X\", \"N\"\n    elif jeu[i]==\"N\" and i>1 and jeu[i-1]==\"B\" and jeu[i-2]==\"X\":\n        jeu[i], jeu[i-2] = \"X\", \"N\"\ndef undo():\n    global jeu\n    jeu = [\"B\", \"B\", \"B\", \"X\", \"N\", \"N\", \"N\"]\n    historique[]"},
"2022-09-20 08:37:13.425000" : {"coup": 1, "jeu": ["B", "X", "B", "N", "B", "N", "N"], "histo": []},
"2022-09-20 08:59:49.625000" : {"coup": "Reset", "jeu": ["B", "B", "B", "X", "N", "N", "N"], "histo": []},
"2022-09-20 08:34:42.304000" : {"coup": 2, "jeu": ["B", "B", "X", "B", "N", "N", "N"], "histo": []},
"2022-09-20 09:04:36.739000" : {"coup": "Undo", "jeu": ["B", "B", "B", "X", "N", "N", "N"], "histo": []},
"2022-09-20 08:34:08.967000" : {"coup": 5, "jeu": ["B", "B", "N", "N", "B", "X", "N"], "histo": []},
"2022-09-20 08:37:52.298000" : {"coup": 1, "jeu": ["N", "X", "B", "N", "B", "B", "N"], "histo": []},
"2022-09-20 08:34:35.083000" : {"coup": 3, "jeu": ["B", "B", "N", "X", "B", "N", "N"], "histo": []},
"2022-09-20 08:49:33.037000" : {"coup": 4, "jeu": ["N", "B", "N", "B", "X", "B", "N"], "histo": []},
"2022-09-20 08:36:13.288000" : {"coup": 5, "jeu": ["N", "N", "B", "X", "B", "B", "N"], "histo": []},
"2022-09-20 08:35:04.097000" : {"coup": 4, "jeu": ["B", "B", "B", "N", "X", "N", "N"], "histo": []},
"2022-09-20 08:59:21.116000" : {"coup": 4, "jeu": ["B", "B", "N", "B", "X", "N", "N"], "histo": []},
"2022-09-20 08:59:55.668000" : {"coup": 1, "jeu": ["B", "X", "N", "B", "N", "B", "N"], "histo": []},
"2022-09-20 09:00:05.258000" : {"coup": "Reset", "jeu": ["B", "B", "B", "X", "N", "N", "N"], "histo": []},
"2022-09-20 09:15:13.823000" : {"coup": "Undo", "jeu": ["B", "B", "X", "N", "B", "N", "N"], "histo": []},
"2022-09-20 08:59:44.234000" : {"coup": 2, "jeu": ["B", "B", "X", "B", "N", "N", "N"], "histo": []},
"2022-09-20 08:36:46.631000" : {"coup": 2, "jeu": ["B", "N", "X", "B", "B", "N", "N"], "histo": []},
"2022-09-20 08:32:34.790000" : {"coup": "Reset", "jeu": ["B", "B", "B", "X", "N", "N", "N"], "histo": []},
"2022-09-20 08:38:47.005000" : {"coup": "Reset", "jeu": ["B", "B", "B", "X", "N", "N", "N"], "histo": [], "prog": "def saute(i):\n    if jeu[i]==\"B\" and i<6 and jeu[i+1]==\"X\":\n        jeu[i], jeu[i+1] = \"X\", \"B\"\n    elif jeu[i]==\"B\" and i<5 and jeu[i+1]==\"N\" and jeu[i+2]==\"X\":\n        jeu[i], jeu[i+2] = \"X\", \"B\"\n    elif jeu[i]==\"N\" and i>0 and jeu[i-1]==\"X\":\n        jeu[i], jeu[i-1] = \"X\", \"N\"\n    elif jeu[i]==\"N\" and i>1 and jeu[i-1]==\"B\" and jeu[i-2]==\"X\":\n        jeu[i], jeu[i-2] = \"X\", \"N\"\ndef undo():\n    global jeu\n    jeu = [\"N\", \"N\", \"N\", \"X\", \"B\", \"B\", \"B\"]\n"},
"2022-09-20 09:04:35.724000" : {"coup": 2, "jeu": ["B", "B", "X", "B", "N", "N", "N"], "histo": [], "prog": "def saute(i):\n    if jeu[i]==\"B\" and i<6 and jeu[i+1]==\"X\":\n        jeu[i], jeu[i+1] = \"X\", \"B\"\n    elif jeu[i]==\"B\" and i<5 and jeu[i+1]==\"N\" and jeu[i+2]==\"X\":\n        jeu[i], jeu[i+2] = \"X\", \"B\"\n    elif jeu[i]==\"N\" and i>0 and jeu[i-1]==\"X\":\n        jeu[i], jeu[i-1] = \"X\", \"N\"\n    elif jeu[i]==\"N\" and i>1 and jeu[i-1]==\"B\" and jeu[i-2]==\"X\":\n        jeu[i], jeu[i-2] = \"X\", \"N\"\ndef undo():\n    global jeu\n    jeu = [\"B\", \"B\", \"B\", \"X\", \"N\", \"N\", \"N\"]\n "},
"2022-09-20 09:14:44.417000" : {"coup": "Undo", "jeu": ["B", "B", "B", "X", "N", "N", "N"], "histo": []},
"2022-09-20 08:59:46.302000" : {"coup": 3, "jeu": ["B", "B", "N", "X", "B", "N", "N"], "histo": []},
"2022-09-20 08:59:18.434000" : {"coup": "Reset", "jeu": ["B", "B", "B", "X", "N", "N", "N"], "histo": []},
"2022-09-20 08:33:46.249000" : {"coup": 2, "jeu": ["B", "B", "X", "B", "N", "N", "N"], "histo": []},
"2022-09-20 08:43:39.544000" : {"coup": 5, "jeu": ["B", "N", "N", "B", "N", "X", "B"], "histo": []},
"2022-09-20 08:34:59.486000" : {"coup": "Reset", "jeu": ["B", "B", "B", "X", "N", "N", "N"], "histo": []},
"2022-09-20 09:00:15.770000" : {"coup": "Reset", "jeu": ["B", "B", "B", "X", "N", "N", "N"], "histo": []},
"2022-09-20 08:59:16.741000" : {"coup": 1, "jeu": ["B", "X", "N", "B", "B", "N", "N"], "histo": []},
"2022-09-20 08:59:12.540000" : {"coup": 4, "jeu": ["B", "B", "B", "N", "X", "N", "N"], "histo": []},
"2022-09-20 08:47:19.486000" : {"coup": 2, "jeu": ["X", "N", "B", "B", "N", "B", "N"], "histo": []},
"2022-09-20 08:47:12.693000" : {"coup": 0, "jeu": ["X", "N", "B", "B", "N", "B", "N"], "histo": []},
"2022-09-20 09:00:01.148000" : {"coup": 2, "jeu": ["B", "N", "X", "B", "N", "B", "N"], "histo": []},
"2022-09-20 08:33:22.665000" : {"coup": 1, "jeu": ["B", "X", "N", "B", "B", "N", "N"], "histo": []},
"2022-09-20 08:32:55.423000" : {"coup": 2, "jeu": ["B", "B", "X", "B", "N", "N", "N"], "histo": []},
"2022-09-20 08:37:30.136000" : {"coup": 4, "jeu": ["B", "N", "B", "N", "X", "B", "N"], "histo": []},
"2022-09-20 08:49:41.796000" : {"coup": 3, "jeu": ["N", "N", "N", "X", "B", "B", "B"], "histo": []},
"2022-09-20 08:38:03.710000" : {"coup": 5, "jeu": ["N", "N", "B", "X", "B", "B", "N"], "histo": []},
"2022-09-20 08:43:24.928000" : {"coup": "Reset", "jeu": ["B", "B", "B", "X", "N", "N", "N"], "histo": [], "prog": "def saute(i):\n    if jeu[i]==\"B\" and i<6 and jeu[i+1]==\"X\":\n        jeu[i], jeu[i+1] = \"X\", \"B\"\n    elif jeu[i]==\"B\" and i<5 and jeu[i+1]==\"N\" and jeu[i+2]==\"X\":\n        jeu[i], jeu[i+2] = \"X\", \"B\"\n    elif jeu[i]==\"N\" and i>0 and jeu[i-1]==\"X\":\n        jeu[i], jeu[i-1] = \"X\", \"N\"\n    elif jeu[i]==\"N\" and i>1 and jeu[i-1]==\"B\" and jeu[i-2]==\"X\":\n        jeu[i], jeu[i-2] = \"X\", \"N\"\ndef undo():\n    global jeu\n    jeu = [\"B\", \"B\", \"B\", \"X\", \"N\", \"N\", \"N\"]\n"},
"2022-09-20 08:54:34.251000" : {"coup": 2, "jeu": ["B", "B", "X", "B", "N", "N", "N"], "histo": [], "prog": "def saute(i):\n    if jeu[i]==\"B\" and i<6 and jeu[i+1]==\"X\":\n        jeu[i], jeu[i+1] = \"X\", \"B\"\n    elif jeu[i]==\"B\" and i<5 and jeu[i+1]==\"N\" and jeu[i+2]==\"X\":\n        jeu[i], jeu[i+2] = \"X\", \"B\"\n    elif jeu[i]==\"N\" and i>0 and jeu[i-1]==\"X\":\n        jeu[i], jeu[i-1] = \"X\", \"N\"\n    elif jeu[i]==\"N\" and i>1 and jeu[i-1]==\"B\" and jeu[i-2]==\"X\":\n        jeu[i], jeu[i-2] = \"X\", \"N\"\ndef undo():\n    global jeu\n    jeu = [\"B\", \"B\", \"B\", \"X\", \"N\", \"N\", \"N\"]\n    jeu = [\"B\"-1]"},
"2022-09-20 09:11:56.327000" : {"coup": 2, "jeu": ["B", "B", "X", "B", "N", "N", "N"], "histo": []},
"2022-09-20 08:42:28.307000" : {"coup": "Reset", "jeu": ["B", "B", "B", "X", "N", "N", "N"], "histo": []},
"2022-09-20 09:15:16.273000" : {"coup": "Reset", "jeu": ["B", "B", "B", "X", "N", "N", "N"], "histo": []},
"2022-09-20 08:34:29.069000" : {"coup": 2, "jeu": ["B", "B", "X", "B", "N", "N", "N"], "histo": []},
"2022-09-20 08:45:47.836000" : {"coup": "Undo", "jeu": ["B", "B", "B", "X", "N", "N", "N"], "histo": []},
"2022-09-20 08:42:29.159000" : {"coup": "Undo", "jeu": ["N", "N", "N", "X", "B", "B", "B"], "histo": []},
"2022-09-20 09:06:14.348000" : {"coup": 2, "jeu": ["B", "B", "X", "B", "N", "N", "N"], "histo": []},
"2022-09-20 08:47:21.316000" : {"coup": "Reset", "jeu": ["B", "B", "B", "X", "N", "N", "N"], "histo": []},
"2022-09-20 08:32:25.799000" : {"coup": 4, "jeu": ["B", "B", "N", "N", "X", "B", "N"], "histo": []},
"2022-09-20 08:38:05.741000" : {"coup": "Reset", "jeu": ["B", "B", "B", "X", "N", "N", "N"], "histo": []},
"2022-09-20 08:49:30.747000" : {"coup": 2, "jeu": ["N", "B", "X", "B", "N", "B", "N"], "histo": []},
"2022-09-20 08:45:29.244000" : {"coup": 3, "jeu": ["B", "B", "B", "X", "N", "N", "N"], "histo": [], "prog": "def saute(i):\n    if jeu[i]==\"B\" and i<6 and jeu[i+1]==\"X\":\n        jeu[i], jeu[i+1] = \"X\", \"B\"\n    elif jeu[i]==\"B\" and i<5 and jeu[i+1]==\"N\" and jeu[i+2]==\"X\":\n        jeu[i], jeu[i+2] = \"X\", \"B\"\n    elif jeu[i]==\"N\" and i>0 and jeu[i-1]==\"X\":\n        jeu[i], jeu[i-1] = \"X\", \"N\"\n    elif jeu[i]==\"N\" and i>1 and jeu[i-1]==\"B\" and jeu[i-2]==\"X\":\n        jeu[i], jeu[i-2] = \"X\", \"N\"\ndef undo():\n    global jeu\n    jeu = [\"B\", \"B\", \"B\", \"X\", \"N\", \"N\", \"N\"]\n    historique[-1]\n"},
"2022-09-20 08:43:42.041000" : {"coup": 0, "jeu": ["B", "N", "N", "X", "N", "B", "B"], "histo": []},
"2022-09-20 08:35:55.258000" : {"coup": 2, "jeu": ["B", "N", "X", "N", "B", "B", "N"], "histo": []},
"2022-09-20 08:34:19.471000" : {"coup": 5, "jeu": ["B", "B", "N", "N", "N", "X", "B"], "histo": []},
"2022-09-20 08:35:28.548000" : {"coup": 5, "jeu": ["B", "N", "B", "N", "B", "X", "N"], "histo": []},
"2022-09-20 08:36:36.111000" : {"coup": 6, "jeu": ["B", "B", "N", "N", "N", "B", "X"], "histo": []},
"2022-09-20 09:11:35.603000" : {"coup": 2, "jeu": ["B", "B", "X", "B", "N", "N", "N"], "histo": []},
"2022-09-20 08:32:23.690000" : {"coup": 3, "jeu": ["B", "B", "N", "X", "B", "N", "N"], "histo": []},
"2022-09-20 08:50:38.123000" : {"coup": "Reset", "jeu": ["B", "B", "B", "X", "N", "N", "N"], "histo": []},
"2022-09-20 08:49:08.533000" : {"coup": 1, "jeu": ["B", "X", "N", "B", "B", "N", "N"], "histo": []},
"2022-09-20 09:11:36.916000" : {"coup": 4, "jeu": ["B", "B", "N", "B", "X", "N", "N"], "histo": []},
"2022-09-20 08:36:13.738000" : {"coup": 6, "jeu": ["N", "N", "B", "X", "B", "B", "N"], "histo": []},
"2022-09-20 09:12:47.817000" : {"coup": 2, "jeu": ["B", "B", "X", "N", "B", "N", "N"], "histo": []},
"2022-09-20 09:11:24.157000" : {"coup": 2, "jeu": ["B", "B", "X", "B", "N", "N", "N"], "histo": []},
"2022-09-20 08:59:45.850000" : {"coup": 4, "jeu": ["B", "B", "N", "B", "X", "N", "N"], "histo": []},
"2022-09-20 08:49:04.220000" : {"coup": 4, "jeu": ["B", "B", "N", "B", "X", "N", "N"], "histo": []},
"2022-09-20 08:33:30.647000" : {"coup": 4, "jeu": ["N", "B", "X", "B", "B", "N", "N"], "histo": []},
"2022-09-20 09:11:59.195000" : {"coup": 4, "jeu": ["B", "B", "N", "B", "X", "N", "N"], "histo": []},
"2022-09-20 09:12:57.137000" : {"coup": 3, "jeu": ["B", "B", "B", "X", "N", "N", "N"], "histo": []},
"2022-09-20 08:47:01.157000" : {"coup": 4, "jeu": ["B", "B", "N", "B", "X", "N", "N"], "histo": []},
"2022-09-20 08:49:34.229000" : {"coup": 6, "jeu": ["N", "B", "N", "B", "N", "B", "X"], "histo": []},
"2022-09-20 08:43:32.662000" : {"coup": 2, "jeu": ["B", "N", "X", "B", "N", "B", "N"], "histo": []},
"2022-09-20 08:32:26.599000" : {"coup": 6, "jeu": ["B", "B", "N", "N", "N", "B", "X"], "histo": []},
"2022-09-20 08:43:41.182000" : {"coup": 3, "jeu": ["B", "N", "N", "X", "N", "B", "B"], "histo": []},
"2022-09-20 09:12:49.137000" : {"coup": "Undo", "jeu": ["B", "B", "B", "X", "N", "N", "N"], "histo": []},
"2022-09-20 08:46:57.923000" : {"coup": "Reset", "jeu": ["B", "B", "B", "X", "N", "N", "N"], "histo": []},
"2022-09-20 08:37:09.463000" : {"coup": "Reset", "jeu": ["B", "B", "B", "X", "N", "N", "N"], "histo": []},
"2022-09-20 08:32:41.945000" : {"coup": 4, "jeu": ["B", "B", "N", "B", "X", "N", "N"], "histo": []},
"2022-09-20 09:13:06.703000" : {"coup": "Undo", "jeu": ["B", "B", "B", "X", "N", "N", "N"], "histo": []},
"2022-09-20 08:33:04.583000" : {"coup": 5, "jeu": ["B", "B", "N", "N", "B", "X", "N"], "histo": []},
"2022-09-20 08:35:30.025000" : {"coup": 4, "jeu": ["B", "N", "B", "N", "X", "B", "N"], "histo": []},
"2022-09-20 09:16:54.217000" : {"coup": "Undo", "jeu": ["B", "B", "B", "X", "N", "N", "N"], "histo": [], "prog": "def saute(i):\n    if jeu[i]==\"B\" and i<6 and jeu[i+1]==\"X\":\n        historique = append(jeu)\n        jeu[i], jeu[i+1] = \"X\", \"B\"\n    elif jeu[i]==\"B\" and i<5 and jeu[i+1]==\"N\" and jeu[i+2]==\"X\":\n        historique = append(jeu)\n        jeu[i], jeu[i+2] = \"X\", \"B\"\n    elif jeu[i]==\"N\" and i>0 and jeu[i-1]==\"X\":\n        historique = append(jeu)\n        jeu[i], jeu[i-1] = \"X\", \"N\"\n    elif jeu[i]==\"N\" and i>1 and jeu[i-1]==\"B\" and jeu[i-2]==\"X\":\n        historique = append(jeu)\n        jeu[i], jeu[i-2] = \"X\", \"N\"\ndef undo():\n    global jeu\n    historique = [-1]\n   "},
"2022-09-20 08:49:35.612000" : {"coup": 5, "jeu": ["N", "B", "N", "B", "N", "X", "B"], "histo": []},
"2022-09-20 08:52:47.817000" : {"coup": "Reset", "jeu": ["B", "B", "B", "X", "N", "N", "N"], "histo": []},
"2022-09-20 08:33:07.390000" : {"coup": "Reset", "jeu": ["B", "B", "B", "X", "N", "N", "N"], "histo": []},
"2022-09-20 08:33:15.487000" : {"coup": 3, "jeu": ["B", "B", "N", "X", "B", "N", "N"], "histo": []},
"2022-09-20 08:34:50.736000" : {"coup": 1, "jeu": ["B", "X", "N", "B", "B", "N", "N"], "histo": []},
"2022-09-20 08:45:30.222000" : {"coup": 2, "jeu": ["B", "B", "X", "B", "N", "N", "N"], "histo": []},
"2022-09-20 08:42:00.412000" : {"coup": "Undo", "jeu": ["N", "N", "N", "X", "B", "B", "B"], "histo": []},
"2022-09-20 08:59:51.236000" : {"coup": 2, "jeu": ["B", "B", "X", "B", "N", "N", "N"], "histo": []},
"2022-09-20 08:59:54.475000" : {"coup": 3, "jeu": ["B", "B", "N", "X", "N", "B", "N"], "histo": []},
"2022-09-20 08:36:40.621000" : {"coup": "Reset", "jeu": ["B", "B", "B", "X", "N", "N", "N"], "histo": []},
"2022-09-20 08:33:02.850000" : {"coup": 3, "jeu": ["B", "B", "N", "X", "B", "N", "N"], "histo": []},
"2022-09-20 08:49:09.443000" : {"coup": 2, "jeu": ["B", "N", "X", "B", "B", "N", "N"], "histo": []},
"2022-09-20 08:37:41.791000" : {"coup": 2, "jeu": ["B", "N", "X", "N", "B", "B", "N"], "histo": []},
"2022-09-20 08:38:47.975000" : {"coup": "Reset", "jeu": ["B", "B", "B", "X", "N", "N", "N"], "histo": []},
"2022-09-20 08:38:01.159000" : {"coup": 6, "jeu": ["N", "N", "B", "X", "B", "B", "N"], "histo": []},
"2022-09-20 08:37:45.018000" : {"coup": 1, "jeu": ["N", "X", "B", "N", "B", "B", "N"], "histo": []},
"2022-09-20 09:15:12.845000" : {"coup": "Undo", "jeu": ["B", "B", "X", "N", "B", "N", "N"], "histo": [], "prog": "def saute(i):\n    if jeu[i]==\"B\" and i<6 and jeu[i+1]==\"X\":\n        historique = append()\n        jeu[i], jeu[i+1] = \"X\", \"B\"\n    elif jeu[i]==\"B\" and i<5 and jeu[i+1]==\"N\" and jeu[i+2]==\"X\":\n        jeu[i], jeu[i+2] = \"X\", \"B\"\n    elif jeu[i]==\"N\" and i>0 and jeu[i-1]==\"X\":\n        jeu[i], jeu[i-1] = \"X\", \"N\"\n    elif jeu[i]==\"N\" and i>1 and jeu[i-1]==\"B\" and jeu[i-2]==\"X\":\n        jeu[i], jeu[i-2] = \"X\", \"N\"\ndef undo():\n    global jeu\n    historique = [-1]\n   "},
"2022-09-20 08:36:49.437000" : {"coup": "Reset", "jeu": ["B", "B", "B", "X", "N", "N", "N"], "histo": []},
"2022-09-20 08:36:19.553000" : {"coup": 5, "jeu": ["N", "N", "X", "B", "B", "B", "N"], "histo": []},
"2022-09-20 08:37:44.223000" : {"coup": 0, "jeu": ["X", "N", "B", "N", "B", "B", "N"], "histo": []},
"2022-09-20 08:34:43.215000" : {"coup": 4, "jeu": ["B", "B", "N", "B", "X", "N", "N"], "histo": []},
"2022-09-20 08:37:58.151000" : {"coup": 4, "jeu": ["N", "N", "B", "X", "B", "B", "N"], "histo": []},
"2022-09-20 08:32:22.907000" : {"coup": 4, "jeu": ["B", "B", "N", "B", "X", "N", "N"], "histo": []},
"2022-09-20 08:41:58.749000" : {"coup": "Reset", "jeu": ["B", "B", "B", "X", "N", "N", "N"], "histo": []},
"2022-09-20 08:32:29.015000" : {"coup": 5, "jeu": ["B", "B", "N", "N", "N", "X", "B"], "histo": []},
"2022-09-20 08:37:07.847000" : {"coup": 1, "jeu": ["B", "X", "B", "B", "N", "N", "N"], "histo": []},
"2022-09-20 08:34:31.970000" : {"coup": 4, "jeu": ["B", "B", "N", "B", "X", "N", "N"], "histo": []},
"2022-09-20 09:14:47.248000" : {"coup": 2, "jeu": ["B", "B", "X", "N", "B", "N", "N"], "histo": []},
"2022-09-20 09:04:53.498000" : {"coup": "Reset", "jeu": ["B", "B", "B", "X", "N", "N", "N"], "histo": []},
"2022-09-20 08:38:48.405000" : {"coup": "Reset", "jeu": ["B", "B", "B", "X", "N", "N", "N"], "histo": []},
"2022-09-20 09:11:22.150000" : {"coup": "Undo", "jeu": ["B", "B", "B", "X", "N", "N", "N"], "histo": []},
"2022-09-20 09:18:14.948000" : {"coup": 1, "jeu": ["B", "B", "B", "X", "N", "N", "N"], "histo": [], "prog": "def saute(i):\n    if jeu[i]==\"B\" and i<6 and jeu[i+1]==\"X\":\n        historique = append(jeu.copy)\n        jeu[i], jeu[i+1] = \"X\", \"B\"\n    elif jeu[i]==\"B\" and i<5 and jeu[i+1]==\"N\" and jeu[i+2]==\"X\":\n        historique = append(jeu.copy)\n        jeu[i], jeu[i+2] = \"X\", \"B\"\n    elif jeu[i]==\"N\" and i>0 and jeu[i-1]==\"X\":\n        historique = append(jeu.copy)\n        jeu[i], jeu[i-1] = \"X\", \"N\"\n    elif jeu[i]==\"N\" and i>1 and jeu[i-1]==\"B\" and jeu[i-2]==\"X\":\n        historique = append(jeu.copy)\n        jeu[i], jeu[i-2] = \"X\", \"N\"\ndef undo():\n    global jeu\n    historique = [-1]\n   "},
"2022-09-20 09:15:15.474000" : {"coup": "Undo", "jeu": ["B", "B", "N", "X", "B", "N", "N"], "histo": []},
"2022-09-20 08:32:33.152000" : {"coup": "Undo", "jeu": ["B", "B", "B", "X", "N", "N", "N"], "histo": []},
"2022-09-20 09:04:52.532000" : {"coup": 2, "jeu": ["B", "B", "X", "B", "N", "N", "N"], "histo": []},
"2022-09-20 08:36:36.919000" : {"coup": 5, "jeu": ["B", "B", "N", "N", "N", "X", "B"], "histo": []},
"2022-09-20 08:46:58.960000" : {"coup": 2, "jeu": ["B", "B", "X", "B", "N", "N", "N"], "histo": []},
"2022-09-20 08:59:28.949000" : {"coup": 4, "jeu": ["B", "B", "N", "B", "X", "N", "N"], "histo": []},
"2022-09-20 09:12:46.506000" : {"coup": 4, "jeu": ["B", "B", "B", "N", "X", "N", "N"], "histo": []},
"2022-09-20 09:00:06.299000" : {"coup": 2, "jeu": ["B", "B", "X", "B", "N", "N", "N"], "histo": []},
"2022-09-20 08:49:23.048000" : {"coup": 3, "jeu": ["B", "B", "N", "X", "N", "B", "N"], "histo": []},
"2022-09-20 08:43:38.927000" : {"coup": 6, "jeu": ["B", "N", "N", "B", "N", "B", "X"], "histo": []},
"2022-09-20 09:06:14.597000" : {"coup": 2, "jeu": ["B", "B", "X", "B", "N", "N", "N"], "histo": []},
"2022-09-20 09:11:25.018000" : {"coup": 4, "jeu": ["B", "B", "N", "B", "X", "N", "N"], "histo": []},
"2022-09-20 08:59:15.389000" : {"coup": 3, "jeu": ["B", "B", "N", "X", "B", "N", "N"], "histo": []},
"2022-09-20 08:59:42.946000" : {"coup": "Reset", "jeu": ["B", "B", "B", "X", "N", "N", "N"], "histo": []},
"2022-09-20 08:59:11.367000" : {"coup": 3, "jeu": ["B", "B", "B", "X", "N", "N", "N"], "histo": [], "prog": "def saute(i):\n    if jeu[i]==\"B\" and i<6 and jeu[i+1]==\"X\":\n        jeu[i], jeu[i+1] = \"X\", \"B\"\n    elif jeu[i]==\"B\" and i<5 and jeu[i+1]==\"N\" and jeu[i+2]==\"X\":\n        jeu[i], jeu[i+2] = \"X\", \"B\"\n    elif jeu[i]==\"N\" and i>0 and jeu[i-1]==\"X\":\n        jeu[i], jeu[i-1] = \"X\", \"N\"\n    elif jeu[i]==\"N\" and i>1 and jeu[i-1]==\"B\" and jeu[i-2]==\"X\":\n        jeu[i], jeu[i-2] = \"X\", \"N\"\ndef undo():\n    global jeu\n    jeu = [\"B\", \"B\", \"B\", \"X\", \"N\", \"N\", \"N\"]\n    historique[liste.insert(-1,-1)]"},
"2022-09-20 09:04:40.081000" : {"coup": "Reset", "jeu": ["B", "B", "B", "X", "N", "N", "N"], "histo": []},
"2022-09-20 08:42:11.267000" : {"coup": "Reset", "jeu": ["B", "B", "B", "X", "N", "N", "N"], "histo": []},
"2022-09-20 08:32:30.567000" : {"coup": 1, "jeu": ["B", "B", "N", "N", "N", "X", "B"], "histo": []},
"2022-09-20 08:34:21.007000" : {"coup": 2, "jeu": ["B", "B", "N", "N", "N", "X", "B"], "histo": []},
"2022-09-20 08:32:47.696000" : {"coup": 3, "jeu": ["B", "B", "N", "X", "B", "N", "N"], "histo": []},
"2022-09-20 08:34:41.038000" : {"coup": "Reset", "jeu": ["B", "B", "B", "X", "N", "N", "N"], "histo": []},
"2022-09-20 08:33:08.494000" : {"coup": 2, "jeu": ["B", "B", "X", "B", "N", "N", "N"], "histo": []},
"2022-09-20 08:34:03.880000" : {"coup": 4, "jeu": ["B", "B", "N", "B", "X", "N", "N"], "histo": []},
"2022-09-20 08:47:04.734000" : {"coup": 5, "jeu": ["B", "B", "N", "B", "N", "X", "N"], "histo": []},
"2022-09-20 08:49:01.968000" : {"coup": 2, "jeu": ["B", "B", "X", "B", "N", "N", "N"], "histo": []},
"2022-09-20 08:34:47.833000" : {"coup": 3, "jeu": ["B", "B", "N", "X", "B", "N", "N"], "histo": []},
"2022-09-20 08:49:29.904000" : {"coup": 0, "jeu": ["X", "B", "N", "B", "N", "B", "N"], "histo": []},
"2022-09-20 09:11:26.043000" : {"coup": "Undo", "jeu": ["B", "B", "B", "X", "N", "N", "N"], "histo": []},
"2022-09-20 08:37:16.136000" : {"coup": 3, "jeu": ["B", "N", "B", "X", "B", "N", "N"], "histo": []},
"2022-09-20 08:34:20.585000" : {"coup": 1, "jeu": ["B", "B", "N", "N", "N", "X", "B"], "histo": []},
"2022-09-20 09:11:37.866000" : {"coup": "Undo", "jeu": ["B", "B", "B", "X", "N", "N", "N"], "histo": []},
"2022-09-20 09:11:42.531000" : {"coup": 2, "jeu": ["B", "B", "X", "B", "N", "N", "N"], "histo": []},
"2022-09-20 09:13:02.097000" : {"coup": 1, "jeu": ["B", "B", "B", "X", "N", "N", "N"], "histo": []},
"2022-09-20 08:36:41.906000" : {"coup": 2, "jeu": ["B", "B", "X", "B", "N", "N", "N"], "histo": []},
"2022-09-20 08:33:09.786000" : {"coup": 4, "jeu": ["B", "B", "N", "B", "X", "N", "N"], "histo": []},
"2022-09-20 08:32:50.351000" : {"coup": 4, "jeu": ["B", "B", "N", "N", "X", "B", "N"], "histo": []},
"2022-09-20 08:45:47.203000" : {"coup": "Reset", "jeu": ["B", "B", "B", "X", "N", "N", "N"], "histo": []},
"2022-09-20 09:13:05.445000" : {"coup": 2, "jeu": ["B", "B", "X", "N", "B", "N", "N"], "histo": []},
"2022-09-20 08:54:35.231000" : {"coup": 2, "jeu": ["B", "B", "X", "B", "N", "N", "N"], "histo": []},
"2022-09-20 08:34:37.296000" : {"coup": 2, "jeu": ["B", "N", "X", "B", "B", "N", "N"], "histo": []},
"2022-09-20 08:43:43.492000" : {"coup": "Reset", "jeu": ["B", "B", "B", "X", "N", "N", "N"], "histo": []},
"2022-09-20 08:43:27.105000" : {"coup": 2, "jeu": ["B", "B", "X", "B", "N", "N", "N"], "histo": []},
"2022-09-20 08:37:53.959000" : {"coup": 3, "jeu": ["N", "N", "B", "X", "B", "B", "N"], "histo": []},
"2022-09-20 08:38:48.860000" : {"coup": "Reset", "jeu": ["B", "B", "B", "X", "N", "N", "N"], "histo": []},
"2022-09-20 08:35:17.828000" : {"coup": 1, "jeu": ["B", "X", "B", "N", "B", "N", "N"], "histo": []},
"2022-09-20 08:36:29.799000" : {"coup": 4, "jeu": ["B", "B", "N", "B", "X", "N", "N"], "histo": []},
"2022-09-20 08:52:46.834000" : {"coup": "Reset", "jeu": ["B", "B", "B", "X", "N", "N", "N"], "histo": [], "prog": "def saute(i):\n    if jeu[i]==\"B\" and i<6 and jeu[i+1]==\"X\":\n        jeu[i], jeu[i+1] = \"X\", \"B\"\n    elif jeu[i]==\"B\" and i<5 and jeu[i+1]==\"N\" and jeu[i+2]==\"X\":\n        jeu[i], jeu[i+2] = \"X\", \"B\"\n    elif jeu[i]==\"N\" and i>0 and jeu[i-1]==\"X\":\n        jeu[i], jeu[i-1] = \"X\", \"N\"\n    elif jeu[i]==\"N\" and i>1 and jeu[i-1]==\"B\" and jeu[i-2]==\"X\":\n        jeu[i], jeu[i-2] = \"X\", \"N\"\ndef undo():\n    global jeu\n    jeu[i-1]\n    jeu = [\"B\", \"B\", \"B\", \"X\", \"N\", \"N\", \"N\"]\n    "},
"2022-09-20 09:12:45.868000" : {"coup": 5, "jeu": ["B", "B", "B", "X", "N", "N", "N"], "histo": []},
"2022-09-20 08:47:09.286000" : {"coup": 1, "jeu": ["B", "X", "N", "B", "N", "B", "N"], "histo": []},
"2022-09-20 08:34:14.799000" : {"coup": 4, "jeu": ["B", "B", "N", "N", "X", "B", "N"], "histo": []},
"2022-09-20 08:47:11.222000" : {"coup": 2, "jeu": ["B", "N", "X", "B", "N", "B", "N"], "histo": []},
"2022-09-20 08:33:55.012000" : {"coup": "Reset", "jeu": ["B", "B", "B", "X", "N", "N", "N"], "histo": []},
"2022-09-20 08:36:18.175000" : {"coup": 2, "jeu": ["N", "N", "X", "B", "B", "B", "N"], "histo": []},
"2022-09-20 09:11:33.660000" : {"coup": 2, "jeu": ["B", "B", "X", "B", "N", "N", "N"], "histo": []},
"2022-09-20 08:36:35.266000" : {"coup": 4, "jeu": ["B", "B", "N", "N", "X", "B", "N"], "histo": []},
"2022-09-20 08:49:24.086000" : {"coup": 1, "jeu": ["B", "X", "N", "B", "N", "B", "N"], "histo": []},
"2022-09-20 09:15:14.532000" : {"coup": 3, "jeu": ["B", "B", "N", "X", "B", "N", "N"], "histo": []},
"2022-09-20 08:38:04.319000" : {"coup": 5, "jeu": ["N", "N", "B", "X", "B", "B", "N"], "histo": []},
"2022-09-20 09:14:44.954000" : {"coup": "Reset", "jeu": ["B", "B", "B", "X", "N", "N", "N"], "histo": []},
"2022-09-20 08:59:33.564000" : {"coup": 3, "jeu": ["B", "B", "N", "X", "N", "B", "N"], "histo": []},
"2022-09-20 08:35:59.824000" : {"coup": 1, "jeu": ["N", "X", "B", "N", "B", "B", "N"], "histo": []},
"2022-09-20 08:36:01.215000" : {"coup": 3, "jeu": ["N", "N", "B", "X", "B", "B", "N"], "histo": []},
"2022-09-20 08:32:19.540000" : {"coup": 2, "jeu": ["B", "B", "X", "B", "N", "N", "N"], "histo": []},
"2022-09-20 08:34:07.391000" : {"coup": 3, "jeu": ["B", "B", "N", "X", "B", "N", "N"], "histo": []},
"2022-09-20 08:59:53.804000" : {"coup": 5, "jeu": ["B", "B", "N", "B", "N", "X", "N"], "histo": []},
"2022-09-20 08:37:53.321000" : {"coup": 2, "jeu": ["N", "X", "B", "N", "B", "B", "N"], "histo": []},
"2022-09-20 08:59:39.098000" : {"coup": 2, "jeu": ["B", "N", "X", "B", "N", "B", "N"], "histo": []},
"2022-09-20 08:36:51.462000" : {"coup": 2, "jeu": ["B", "B", "X", "B", "N", "N", "N"], "histo": []},
"2022-09-20 08:43:33.648000" : {"coup": 4, "jeu": ["B", "N", "N", "B", "X", "B", "N"], "histo": []},
"2022-09-20 08:42:01.252000" : {"coup": "Reset", "jeu": ["B", "B", "B", "X", "N", "N", "N"], "histo": []},
"2022-09-20 08:34:16.631000" : {"coup": 6, "jeu": ["B", "B", "N", "N", "N", "B", "X"], "histo": []},
"2022-09-20 08:49:11.647000" : {"coup": 2, "jeu": ["B", "B", "X", "B", "N", "N", "N"], "histo": []},
"2022-09-20 08:34:02.857000" : {"coup": 2, "jeu": ["B", "B", "X", "B", "N", "N", "N"], "histo": []},
"2022-09-20 08:33:28.247000" : {"coup": 2, "jeu": ["N", "B", "X", "B", "B", "N", "N"], "histo": []},
"2022-09-20 08:38:01.540000" : {"coup": 6, "jeu": ["N", "N", "B", "X", "B", "B", "N"], "histo": []},
"2022-09-20 08:32:54.278000" : {"coup": "Reset", "jeu": ["B", "B", "B", "X", "N", "N", "N"], "histo": []},
"2022-09-20 08:49:39.589000" : {"coup": 1, "jeu": ["N", "X", "N", "B", "N", "B", "B"], "histo": []},
"2022-09-20 08:32:31.007000" : {"coup": 2, "jeu": ["B", "B", "N", "N", "N", "X", "B"], "histo": []},
"2022-09-20 08:59:12.392000" : {"coup": 4, "jeu": ["B", "B", "B", "N", "X", "N", "N"], "histo": []},
"2022-09-20 09:00:16.886000" : {"coup": 2, "jeu": ["B", "B", "X", "B", "N", "N", "N"], "histo": []},
"2022-09-20 08:49:18.389000" : {"coup": 4, "jeu": ["B", "B", "N", "B", "X", "N", "N"], "histo": []},
"2022-09-20 08:33:00.732000" : {"coup": 4, "jeu": ["B", "B", "N", "B", "X", "N", "N"], "histo": []},
"2022-09-20 08:49:41.278000" : {"coup": 4, "jeu": ["N", "N", "N", "B", "X", "B", "B"], "histo": []},
"2022-09-20 09:11:56.457000" : {"coup": 2, "jeu": ["B", "B", "X", "B", "N", "N", "N"], "histo": []},
"2022-09-20 08:49:40.244000" : {"coup": 2, "jeu": ["N", "N", "X", "B", "N", "B", "B"], "histo": []},
"2022-09-20 08:32:49.551000" : {"coup": 5, "jeu": ["B", "B", "N", "N", "B", "X", "N"], "histo": []},
"2022-09-20 08:45:46.982000" : {"coup": "Reset", "jeu": ["B", "B", "B", "X", "N", "N", "N"], "histo": []},
"2022-09-20 08:49:16.460000" : {"coup": "Reset", "jeu": ["B", "B", "B", "X", "N", "N", "N"], "histo": []},
"2022-09-20 08:45:30.410000" : {"coup": 2, "jeu": ["B", "B", "X", "B", "N", "N", "N"], "histo": []},
"2022-09-20 08:36:24.519000" : {"coup": 1, "jeu": ["B", "B", "B", "X", "N", "N", "N"], "histo": []},
"2022-09-20 08:49:22.343000" : {"coup": 5, "jeu": ["B", "B", "N", "B", "N", "X", "N"], "histo": []},
"2022-09-20 09:00:08.963000" : {"coup": 4, "jeu": ["B", "B", "N", "B", "X", "N", "N"], "histo": []},
"2022-09-20 09:11:58.723000" : {"coup": 2, "jeu": ["B", "B", "X", "B", "N", "N", "N"], "histo": []},
"2022-09-20 08:36:50.552000" : {"coup": 0, "jeu": ["B", "B", "B", "X", "N", "N", "N"], "histo": []},
"2022-09-20 08:45:46.070000" : {"coup": "Undo", "jeu": ["B", "B", "B", "X", "N", "N", "N"], "histo": [], "prog": "def saute(i):\n    if jeu[i]==\"B\" and i<6 and jeu[i+1]==\"X\":\n        jeu[i], jeu[i+1] = \"X\", \"B\"\n    elif jeu[i]==\"B\" and i<5 and jeu[i+1]==\"N\" and jeu[i+2]==\"X\":\n        jeu[i], jeu[i+2] = \"X\", \"B\"\n    elif jeu[i]==\"N\" and i>0 and jeu[i-1]==\"X\":\n        jeu[i], jeu[i-1] = \"X\", \"N\"\n    elif jeu[i]==\"N\" and i>1 and jeu[i-1]==\"B\" and jeu[i-2]==\"X\":\n        jeu[i], jeu[i-2] = \"X\", \"N\"\ndef undo():\n    global jeu\n    jeu = [\"B\", \"B\", \"B\", \"X\", \"N\", \"N\", \"N\"]\n    "},
"2022-09-20 08:49:12.221000" : {"coup": 4, "jeu": ["B", "B", "N", "B", "X", "N", "N"], "histo": []},
"2022-09-20 08:32:28.521000" : {"coup": 4, "jeu": ["B", "B", "N", "N", "N", "X", "B"], "histo": []},
"2022-09-20 08:32:27.577000" : {"coup": 5, "jeu": ["B", "B", "N", "N", "N", "X", "B"], "histo": []},
"2022-09-20 09:14:46.341000" : {"coup": 4, "jeu": ["B", "B", "B", "N", "X", "N", "N"], "histo": []},
"2022-09-20 08:49:14.993000" : {"coup": 4, "jeu": ["B", "B", "N", "N", "X", "B", "N"], "histo": []},
"2022-09-20 08:36:25.166000" : {"coup": 1, "jeu": ["B", "B", "B", "X", "N", "N", "N"], "histo": []},
"2022-09-20 08:47:08.151000" : {"coup": 3, "jeu": ["B", "B", "N", "X", "N", "B", "N"], "histo": []},
"2022-09-20 08:54:35.472000" : {"coup": 2, "jeu": ["B", "B", "X", "B", "N", "N", "N"], "histo": []},
"2022-09-20 08:49:17.183000" : {"coup": 2, "jeu": ["B", "B", "X", "B", "N", "N", "N"], "histo": []},
"2022-09-20 09:12:00.001000" : {"coup": "Undo", "jeu": ["B", "B", "B", "X", "N", "N", "N"], "histo": []},
"2022-09-20 08:52:07.231000" : {"coup": 2, "jeu": ["B", "B", "X", "B", "N", "N", "N"], "histo": [], "prog": "def saute(i):\n    if jeu[i]==\"B\" and i<6 and jeu[i+1]==\"X\":\n        jeu[i], jeu[i+1] = \"X\", \"B\"\n    elif jeu[i]==\"B\" and i<5 and jeu[i+1]==\"N\" and jeu[i+2]==\"X\":\n        jeu[i], jeu[i+2] = \"X\", \"B\"\n    elif jeu[i]==\"N\" and i>0 and jeu[i-1]==\"X\":\n        jeu[i], jeu[i-1] = \"X\", \"N\"\n    elif jeu[i]==\"N\" and i>1 and jeu[i-1]==\"B\" and jeu[i-2]==\"X\":\n        jeu[i], jeu[i-2] = \"X\", \"N\"\ndef undo():\n    global jeu\n    jeu = [\"B\", \"B\", \"B\", \"X\", \"N\", \"N\", \"N\"]\n    jeu[i-1]"},
"2022-09-20 08:34:36.441000" : {"coup": 1, "jeu": ["B", "X", "N", "B", "B", "N", "N"], "histo": []},
"2022-09-20 08:32:24.457000" : {"coup": 5, "jeu": ["B", "B", "N", "N", "B", "X", "N"], "histo": []},
"2022-09-20 09:06:13.353000" : {"coup": 2, "jeu": ["B", "B", "X", "B", "N", "N", "N"], "histo": [], "prog": "def saute(i):\n    if jeu[i]==\"B\" and i<6 and jeu[i+1]==\"X\":\n        jeu[i], jeu[i+1] = \"X\", \"B\"\n    elif jeu[i]==\"B\" and i<5 and jeu[i+1]==\"N\" and jeu[i+2]==\"X\":\n        jeu[i], jeu[i+2] = \"X\", \"B\"\n    elif jeu[i]==\"N\" and i>0 and jeu[i-1]==\"X\":\n        jeu[i], jeu[i-1] = \"X\", \"N\"\n    elif jeu[i]==\"N\" and i>1 and jeu[i-1]==\"B\" and jeu[i-2]==\"X\":\n        jeu[i], jeu[i-2] = \"X\", \"N\"\ndef undo():\n    global jeu\n    jeu = [\"B\", \"B\", \"B\", \"X\", \"N\", \"N\", \"N\"]\n    list.insert(\"B\",\"X\")"},
"2022-09-20 09:00:12.756000" : {"coup": 3, "jeu": ["B", "B", "N", "X", "B", "N", "N"], "histo": []},
"2022-09-20 09:11:58.030000" : {"coup": "Undo", "jeu": ["B", "B", "B", "X", "N", "N", "N"], "histo": []},
"2022-09-20 08:43:29.575000" : {"coup": 3, "jeu": ["B", "B", "N", "X", "N", "B", "N"], "histo": []},
"2022-09-20 08:37:10.207000" : {"coup": 4, "jeu": ["B", "B", "B", "N", "X", "N", "N"], "histo": []},
"2022-09-20 09:11:44.951000" : {"coup": 3, "jeu": ["B", "B", "N", "X", "B", "N", "N"], "histo": []},
"2022-09-20 08:36:17.072000" : {"coup": 1, "jeu": ["N", "N", "B", "X", "B", "B", "N"], "histo": []},
"2022-09-20 08:43:28.439000" : {"coup": 5, "jeu": ["B", "B", "N", "B", "N", "X", "N"], "histo": []},
"2022-09-20 09:11:20.937000" : {"coup": "Reset", "jeu": ["B", "B", "B", "X", "N", "N", "N"], "histo": []},
"2022-09-20 09:11:19.071000" : {"coup": "Undo", "jeu": ["B", "B", "B", "X", "N", "N", "N"], "histo": [], "prog": "def saute(i):\n    if jeu[i]==\"B\" and i<6 and jeu[i+1]==\"X\":\n        jeu[i], jeu[i+1] = \"X\", \"B\"\n    elif jeu[i]==\"B\" and i<5 and jeu[i+1]==\"N\" and jeu[i+2]==\"X\":\n        jeu[i], jeu[i+2] = \"X\", \"B\"\n    elif jeu[i]==\"N\" and i>0 and jeu[i-1]==\"X\":\n        jeu[i], jeu[i-1] = \"X\", \"N\"\n    elif jeu[i]==\"N\" and i>1 and jeu[i-1]==\"B\" and jeu[i-2]==\"X\":\n        jeu[i], jeu[i-2] = \"X\", \"N\"\ndef undo():\n    global jeu\n    historique = [-1]\n    jeu = [\"B\", \"B\", \"B\", \"X\", \"N\", \"N\", \"N\"]"},
"2022-09-20 09:04:39.168000" : {"coup": 2, "jeu": ["B", "B", "X", "B", "N", "N", "N"], "histo": []},
"2022-09-20 08:33:23.386000" : {"coup": 0, "jeu": ["X", "B", "N", "B", "B", "N", "N"], "histo": []},
"2022-09-20 08:59:51.979000" : {"coup": 4, "jeu": ["B", "B", "N", "B", "X", "N", "N"], "histo": []},
"2022-09-20 08:41:16.136000" : {"coup": "Undo", "jeu": ["N", "N", "N", "X", "B", "B", "B"], "histo": []},
"2022-09-20 08:49:10.787000" : {"coup": "Reset", "jeu": ["B", "B", "B", "X", "N", "N", "N"], "histo": []},
"2022-09-20 08:35:06.161000" : {"coup": 2, "jeu": ["B", "B", "X", "N", "B", "N", "N"], "histo": []},
"2022-09-20 08:49:07.318000" : {"coup": 3, "jeu": ["B", "B", "N", "X", "B", "N", "N"], "histo": []},
"2022-09-20 08:37:51.578000" : {"coup": 0, "jeu": ["N", "X", "B", "N", "B", "B", "N"], "histo": []},
"2022-09-20 08:49:14.221000" : {"coup": 5, "jeu": ["B", "B", "N", "N", "B", "X", "N"], "histo": []},
"2022-09-20 08:46:56.184000" : {"coup": 1, "jeu": ["B", "X", "N", "B", "B", "N", "N"], "histo": []},
"2022-09-20 08:36:45.863000" : {"coup": 1, "jeu": ["B", "X", "N", "B", "B", "N", "N"], "histo": []},
"2022-09-20 08:59:34.475000" : {"coup": 1, "jeu": ["B", "X", "N", "B", "N", "B", "N"], "histo": []},
"2022-09-20 08:32:12.597000" : {"coup": "Load", "jeu": ["B", "B", "B", "X", "N", "N", "N"], "histo": []},
"2022-09-20 08:59:27.787000" : {"coup": 2, "jeu": ["B", "B", "X", "B", "N", "N", "N"], "histo": []},
"2022-09-20 08:36:19.920000" : {"coup": 6, "jeu": ["N", "N", "X", "B", "B", "B", "N"], "histo": []},
"2022-09-20 08:59:47.068000" : {"coup": 5, "jeu": ["B", "B", "N", "N", "B", "X", "N"], "histo": []},
"2022-09-20 08:35:22.183000" : {"coup": 3, "jeu": ["B", "N", "B", "X", "B", "N", "N"], "histo": []},
"2022-09-20 08:36:31.673000" : {"coup": 3, "jeu": ["B", "B", "N", "X", "B", "N", "N"], "histo": []},
"2022-09-20 09:12:48.195000" : {"coup": 2, "jeu": ["B", "B", "X", "N", "B", "N", "N"], "histo": []},
"2022-09-20 08:42:12.503000" : {"coup": "Undo", "jeu": ["N", "N", "N", "X", "B", "B", "B"], "histo": []},
"2022-09-20 08:37:11.221000" : {"coup": 2, "jeu": ["B", "B", "X", "N", "B", "N", "N"], "histo": []},
"2022-09-20 09:13:02.760000" : {"coup": 1, "jeu": ["B", "B", "B", "X", "N", "N", "N"], "histo": []}
}