{
"2022-09-20 09:50:17.396000" : {"coup": 6, "jeu": ["N", "B", "N", "B", "N", "B", "X"], "histo": []},
"2022-09-20 10:07:28.058000" : {"coup": 2, "jeu": ["B", "N", "X", "N", "B", "N", "B"], "histo": []},
"2022-09-20 09:48:30.245000" : {"coup": 6, "jeu": ["B", "N", "B", "N", "B", "N", "X"], "histo": []},
"2022-09-20 10:26:51.794000" : {"coup": 4, "jeu": ["B", "B", "B", "N", "X", "N", "N"], "histo": [["B", "B", "B", "X", "N", "N", "N"]]},
"2022-09-20 09:48:44.205000" : {"coup": 1, "jeu": ["N", "N", "N", "X", "B", "B", "B"], "histo": []},
"2022-09-20 10:03:03.318000" : {"coup": 2, "jeu": ["N", "N", "X", "B", "N", "B", "B"], "histo": []},
"2022-09-20 10:12:10.908000" : {"coup": 2, "jeu": ["N", "N", "N", "X", "B", "B", "B"], "histo": []},
"2022-09-20 10:10:29.359000" : {"coup": 1, "jeu": ["N", "B", "N", "N", "X", "B", "B"], "histo": []},
"2022-09-20 09:48:00.789000" : {"coup": 4, "jeu": ["B", "B", "N", "N", "N", "X", "B"], "histo": []},
"2022-09-20 09:50:19.644000" : {"coup": 1, "jeu": ["N", "X", "N", "B", "N", "B", "B"], "histo": []},
"2022-09-20 09:47:56.625000" : {"coup": 4, "jeu": ["B", "B", "N", "N", "X", "B", "N"], "histo": []},
"2022-09-20 10:26:29.982000" : {"coup": 1, "jeu": ["B", "X", "N", "B", "N", "B", "N"], "histo": [["B", "B", "B", "X", "N", "N", "N"], ["B", "B", "X", "B", "N", "N", "N"], ["B", "B", "N", "B", "X", "N", "N"], ["B", "B", "N", "B", "N", "X", "N"], ["B", "B", "N", "X", "N", "B", "N"], ["B", "X", "N", "B", "N", "B", "N"], ["X", "B", "N", "B", "N", "B", "N"], ["N", "B", "X", "B", "N", "B", "N"], ["N", "B", "N", "B", "X", "B", "N"], ["N", "B", "N", "B", "N", "B", "X"], ["N", "B", "N", "B", "N", "X", "B"], ["N", "B", "N", "X", "N", "B", "B"], ["N", "X", "N", "B", "N", "B", "B"], ["N", "N", "X", "B", "N", "B", "B"], ["N", "N", "N", "B", "X", "B", "B"], ["B", "B", "B", "X", "N", "N", "N"], ["B", "B", "N", "X", "N", "B", "N"]]},
"2022-09-20 09:50:12.165000" : {"coup": 1, "jeu": ["B", "X", "N", "B", "N", "B", "N"], "histo": []},
"2022-09-20 10:07:26.466000" : {"coup": 6, "jeu": ["B", "N", "B", "N", "B", "N", "X"], "histo": []},
"2022-09-20 09:48:25.419000" : {"coup": 2, "jeu": ["B", "B", "X", "N", "B", "N", "N"], "histo": []},
"2022-09-20 10:33:08.573000" : {"coup": "Undo", "jeu": ["B", "X", "N", "B", "B", "N", "N"], "histo": [["B", "B", "B", "X", "N", "N", "N"], ["B", "B", "X", "B", "N", "N", "N"], ["B", "B", "N", "B", "X", "N", "N"], ["B", "B", "N", "X", "B", "N", "N"]]},
"2022-09-20 10:06:40.955000" : {"coup": 4, "jeu": ["N", "N", "B", "N", "X", "B", "B"], "histo": []},
"2022-09-20 09:47:24.015000" : {"coup": 2, "jeu": ["B", "B", "X", "B", "N", "N", "N"], "histo": []},
"2022-09-20 10:26:36.546000" : {"coup": "Reset", "jeu": ["B", "B", "B", "X", "N", "N", "N"], "histo": []},
"2022-09-20 09:50:09.065000" : {"coup": 0, "jeu": ["B", "B", "N", "B", "X", "N", "N"], "histo": []},
"2022-09-20 10:07:21.284000" : {"coup": 4, "jeu": ["B", "B", "B", "N", "X", "N", "N"], "histo": []},
"2022-09-20 09:48:07.551000" : {"coup": 4, "jeu": ["B", "B", "B", "N", "X", "N", "N"], "histo": []},
"2022-09-20 09:50:11.382000" : {"coup": 3, "jeu": ["B", "B", "N", "X", "N", "B", "N"], "histo": []},
"2022-09-20 09:53:37.663000" : {"coup": 4, "jeu": ["B", "B", "B", "N", "X", "N", "N"], "histo": []},
"2022-09-20 10:06:38.310000" : {"coup": 1, "jeu": ["N", "X", "B", "N", "B", "N", "B"], "histo": []},
"2022-09-20 10:06:44.142000" : {"coup": "Undo", "jeu": ["B", "B", "B", "X", "N", "N", "N"], "histo": []},
"2022-09-20 09:54:05.271000" : {"coup": 4, "jeu": ["N", "X", "B", "N", "B", "B", "N"], "histo": []},
"2022-09-20 10:31:41.437000" : {"coup": 4, "jeu": ["B", "B", "N", "X", "B", "N", "N"], "histo": [["B", "B", "B", "X", "N", "N", "N"], ["B", "B", "B", "N", "X", "N", "N"], ["B", "B", "X", "N", "B", "N", "N"]]},
"2022-09-20 10:10:45.269000" : {"coup": 1, "jeu": ["B", "B", "N", "B", "N", "X", "N"], "histo": []},
"2022-09-20 10:07:21.901000" : {"coup": 2, "jeu": ["B", "B", "X", "N", "B", "N", "N"], "histo": []},
"2022-09-20 10:03:02.014000" : {"coup": 4, "jeu": ["N", "X", "N", "B", "N", "B", "B"], "histo": []},
"2022-09-20 10:14:43.803000" : {"coup": 4, "jeu": ["B", "B", "N", "B", "X", "N", "N"], "histo": []},
"2022-09-20 09:50:20.764000" : {"coup": 4, "jeu": ["N", "N", "N", "B", "X", "B", "B"], "histo": []},
"2022-09-20 10:07:24.046000" : {"coup": 5, "jeu": ["B", "N", "B", "N", "B", "X", "N"], "histo": []},
"2022-09-20 10:07:35.834000" : {"coup": 4, "jeu": ["N", "N", "B", "N", "X", "B", "B"], "histo": []},
"2022-09-20 10:10:51.047000" : {"coup": 4, "jeu": ["N", "X", "N", "B", "N", "B", "B"], "histo": []},
"2022-09-20 10:10:19.491000" : {"coup": 1, "jeu": ["B", "X", "N", "B", "N", "B", "N"], "histo": []},
"2022-09-20 10:33:04.755000" : {"coup": 4, "jeu": ["B", "B", "N", "B", "X", "N", "N"], "histo": [["B", "B", "B", "X", "N", "N", "N"], ["B", "B", "X", "B", "N", "N", "N"]]},
"2022-09-20 09:47:19.096000" : {"coup": 1, "jeu": ["B", "B", "N", "N", "N", "X", "B"], "histo": []},
"2022-09-20 09:48:34.204000" : {"coup": 0, "jeu": ["X", "N", "B", "N", "B", "N", "B"], "histo": []},
"2022-09-20 10:03:05.345000" : {"coup": 3, "jeu": ["N", "N", "N", "X", "B", "B", "B"], "histo": []},
"2022-09-20 09:53:52.760000" : {"coup": "Reset", "jeu": ["B", "B", "B", "X", "N", "N", "N"], "histo": []},
"2022-09-20 10:02:37.496000" : {"coup": 1, "jeu": ["B", "X", "B", "B", "N", "N", "N"], "histo": []},
"2022-09-20 09:47:57.743000" : {"coup": 6, "jeu": ["B", "B", "N", "N", "N", "B", "X"], "histo": []},
"2022-09-20 10:03:04.985000" : {"coup": 4, "jeu": ["N", "N", "N", "X", "B", "B", "B"], "histo": []},
"2022-09-20 10:10:40.937000" : {"coup": 2, "jeu": ["B", "B", "X", "B", "N", "N", "N"], "histo": []},
"2022-09-20 10:10:26.368000" : {"coup": 5, "jeu": ["N", "B", "N", "B", "N", "X", "B"], "histo": []},
"2022-09-20 10:02:37.043000" : {"coup": 2, "jeu": ["B", "B", "X", "B", "N", "N", "N"], "histo": []},
"2022-09-20 10:10:48.731000" : {"coup": 6, "jeu": ["N", "B", "N", "B", "N", "B", "X"], "histo": []},
"2022-09-20 10:03:03.940000" : {"coup": 4, "jeu": ["N", "N", "N", "B", "X", "B", "B"], "histo": []},
"2022-09-20 09:48:28.632000" : {"coup": 5, "jeu": ["B", "N", "B", "N", "B", "X", "N"], "histo": []},
"2022-09-20 10:03:04.358000" : {"coup": 3, "jeu": ["N", "N", "N", "X", "B", "B", "B"], "histo": []},
"2022-09-20 09:48:02.779000" : {"coup": "Undo", "jeu": ["B", "B", "B", "X", "N", "N", "N"], "histo": []},
"2022-09-20 10:33:05.802000" : {"coup": 3, "jeu": ["B", "B", "N", "X", "B", "N", "N"], "histo": [["B", "B", "B", "X", "N", "N", "N"], ["B", "B", "X", "B", "N", "N", "N"], ["B", "B", "N", "B", "X", "N", "N"]]},
"2022-09-20 10:02:49.406000" : {"coup": "Undo", "jeu": ["B", "B", "B", "X", "N", "N", "N"], "histo": []},
"2022-09-20 10:02:47.657000" : {"coup": 3, "jeu": ["B", "X", "B", "B", "N", "N", "N"], "histo": [], "prog": "def saute(i):\n    if jeu[i]==\"B\" and i<6 and jeu[i+1]==\"X\":\n        jeu[i], jeu[i+1] = \"X\", \"B\"\n    elif jeu[i]==\"B\" and i<5 and jeu[i+1]==\"N\" and jeu[i+2]==\"X\":\n        jeu[i], jeu[i+2] = \"X\", \"B\"\n    elif jeu[i]==\"N\" and i>0 and jeu[i-1]==\"X\":\n        jeu[i], jeu[i-1] = \"X\", \"N\"\n    elif jeu[i]==\"N\" and i>1 and jeu[i-1]==\"B\" and jeu[i-2]==\"X\":\n        jeu[i], jeu[i-2] = \"X\", \"N\"\ndef undo():\n    global jeu\n    jeu = [\"B\", \"B\", \"B\", \"X\", \"N\", \"N\", \"N\"]\n"},
"2022-09-20 09:48:23.932000" : {"coup": "Reset", "jeu": ["B", "B", "B", "X", "N", "N", "N"], "histo": []},
"2022-09-20 10:04:44.605000" : {"coup": 2, "jeu": ["B", "B", "X", "B", "N", "N", "N"], "histo": [], "prog": "def saute(i):\n    if jeu[i]==\"B\" and i<6 and jeu[i+1]==\"X\":\n        jeu[i], jeu[i+1] = \"X\", \"B\"\n    elif jeu[i]==\"B\" and i<5 and jeu[i+1]==\"N\" and jeu[i+2]==\"X\":\n        jeu[i], jeu[i+2] = \"X\", \"B\"\n    elif jeu[i]==\"N\" and i>0 and jeu[i-1]==\"X\":\n        jeu[i], jeu[i-1] = \"X\", \"N\"\n    elif jeu[i]==\"N\" and i>1 and jeu[i-1]==\"B\" and jeu[i-2]==\"X\":\n        jeu[i], jeu[i-2] = \"X\", \"N\"\ndef undo():\n    if undo == 0:\n        return historique\n\n    global jeu\n    jeu = [\"B\", \"B\", \"B\", \"X\", \"N\", \"N\", \"N\"]\n"},
"2022-09-20 10:10:52.492000" : {"coup": 2, "jeu": ["N", "N", "X", "B", "N", "B", "B"], "histo": []},
"2022-09-20 09:54:11.308000" : {"coup": 3, "jeu": ["B", "B", "N", "X", "N", "B", "N"], "histo": []},
"2022-09-20 09:47:00.418000" : {"coup": 2, "jeu": ["B", "B", "X", "B", "N", "N", "N"], "histo": []},
"2022-09-20 10:07:31.978000" : {"coup": 1, "jeu": ["N", "X", "B", "N", "B", "N", "B"], "histo": []},
"2022-09-20 10:06:33.412000" : {"coup": 3, "jeu": ["B", "N", "B", "X", "B", "N", "N"], "histo": []},
"2022-09-20 09:51:59.232000" : {"coup": "Undo", "jeu": ["B", "B", "B", "X", "N", "N", "N"], "histo": []},
"2022-09-20 10:07:28.581000" : {"coup": 0, "jeu": ["X", "N", "B", "N", "B", "N", "B"], "histo": []},
"2022-09-20 10:25:34.734000" : {"coup": "Undo", "jeu": ["B", "B", "B", "X", "N", "N", "N"], "histo": [["B", "B", "B", "X", "N", "N", "N"], ["B", "B", "X", "B", "N", "N", "N"], ["B", "B", "N", "B", "X", "N", "N"], ["B", "B", "N", "B", "N", "X", "N"], ["B", "B", "N", "X", "N", "B", "N"], ["B", "X", "N", "B", "N", "B", "N"], ["X", "B", "N", "B", "N", "B", "N"], ["N", "B", "X", "B", "N", "B", "N"], ["N", "B", "N", "B", "X", "B", "N"], ["N", "B", "N", "B", "N", "B", "X"], ["N", "B", "N", "B", "N", "X", "B"], ["N", "B", "N", "X", "N", "B", "B"], ["N", "X", "N", "B", "N", "B", "B"], ["N", "N", "X", "B", "N", "B", "B"], ["N", "N", "N", "B", "X", "B", "B"]]},
"2022-09-20 09:54:16.912000" : {"coup": 3, "jeu": ["N", "B", "N", "X", "N", "B", "B"], "histo": []},
"2022-09-20 09:53:40.593000" : {"coup": 3, "jeu": ["B", "N", "B", "N", "B", "X", "N"], "histo": []},
"2022-09-20 09:48:36.093000" : {"coup": 3, "jeu": ["N", "N", "B", "X", "B", "N", "B"], "histo": []},
"2022-09-20 10:10:41.401000" : {"coup": 4, "jeu": ["B", "B", "N", "B", "X", "N", "N"], "histo": []},
"2022-09-20 09:50:07.903000" : {"coup": 2, "jeu": ["B", "B", "X", "B", "N", "N", "N"], "histo": []},
"2022-09-20 10:22:52.251000" : {"coup": 5, "jeu": ["B", "B", "N", "B", "N", "X", "N"], "histo": [["B", "B", "B", "X", "N", "N", "N"], ["B", "B", "X", "B", "N", "N", "N"], ["B", "B", "N", "B", "X", "N", "N"]]},
"2022-09-20 10:02:56.391000" : {"coup": 2, "jeu": ["N", "B", "X", "B", "N", "B", "N"], "histo": []},
"2022-09-20 09:48:11.199000" : {"coup": 3, "jeu": ["B", "N", "B", "X", "B", "N", "N"], "histo": []},
"2022-09-20 09:54:16.328000" : {"coup": 5, "jeu": ["N", "B", "N", "B", "N", "X", "B"], "histo": []},
"2022-09-20 10:10:13.703000" : {"coup": "Undo", "jeu": ["B", "B", "B", "X", "N", "N", "N"], "histo": []},
"2022-09-20 10:31:53.951000" : {"coup": 2, "jeu": ["B", "N", "X", "B", "B", "N", "N"], "histo": [["B", "B", "B", "X", "N", "N", "N"], ["B", "B", "B", "N", "X", "N", "N"], ["B", "B", "X", "N", "B", "N", "N"], ["B", "B", "N", "X", "B", "N", "N"], ["B", "X", "N", "B", "B", "N", "N"]]},
"2022-09-20 10:22:36.718000" : {"coup": 2, "jeu": ["B", "B", "X", "B", "N", "N", "N"], "histo": [["B", "B", "B", "X", "N", "N", "N"]], "prog": "def saute(i):\n    if jeu[i]==\"B\" and i<6 and jeu[i+1]==\"X\":\n        historique.append(jeu.copy())\n        jeu[i], jeu[i+1] = \"X\", \"B\"\n    elif jeu[i]==\"B\" and i<5 and jeu[i+1]==\"N\" and jeu[i+2]==\"X\":\n        historique.append(jeu.copy())\n        jeu[i], jeu[i+2] = \"X\", \"B\"\n    elif jeu[i]==\"N\" and i>0 and jeu[i-1]==\"X\":\n        historique.append(jeu.copy())\n        jeu[i], jeu[i-1] = \"X\", \"N\"\n    elif jeu[i]==\"N\" and i>1 and jeu[i-1]==\"B\" and jeu[i-2]==\"X\":\n        historique.append(jeu.copy())\n        jeu[i], jeu[i-2] = \"X\", \"N\"\ndef undo():\n    \n    global jeu\n    jeu = [\"B\", \"B\", \"B\", \"X\", \"N\", \"N\", \"N\"]\n"},
"2022-09-20 10:10:49.847000" : {"coup": 3, "jeu": ["N", "B", "N", "X", "N", "B", "B"], "histo": []},
"2022-09-20 10:02:38.201000" : {"coup": 3, "jeu": ["B", "X", "B", "B", "N", "N", "N"], "histo": []},
"2022-09-20 10:04:48.038000" : {"coup": 2, "jeu": ["B", "B", "X", "B", "N", "N", "N"], "histo": []},
"2022-09-20 09:50:14.430000" : {"coup": 0, "jeu": ["X", "B", "N", "B", "N", "B", "N"], "histo": []},
"2022-09-20 09:48:24.807000" : {"coup": 4, "jeu": ["B", "B", "B", "N", "X", "N", "N"], "histo": []},
"2022-09-20 09:54:04.679000" : {"coup": 1, "jeu": ["N", "X", "B", "N", "B", "B", "N"], "histo": []},
"2022-09-20 10:25:45.158000" : {"coup": 2, "jeu": ["B", "B", "X", "B", "N", "N", "N"], "histo": [["B", "B", "B", "X", "N", "N", "N"], ["B", "B", "X", "B", "N", "N", "N"], ["B", "B", "N", "B", "X", "N", "N"], ["B", "B", "N", "B", "N", "X", "N"], ["B", "B", "N", "X", "N", "B", "N"], ["B", "X", "N", "B", "N", "B", "N"], ["X", "B", "N", "B", "N", "B", "N"], ["N", "B", "X", "B", "N", "B", "N"], ["N", "B", "N", "B", "X", "B", "N"], ["N", "B", "N", "B", "N", "B", "X"], ["N", "B", "N", "B", "N", "X", "B"], ["N", "B", "N", "X", "N", "B", "B"], ["N", "X", "N", "B", "N", "B", "B"], ["N", "N", "X", "B", "N", "B", "B"], ["N", "N", "N", "B", "X", "B", "B"], ["B", "B", "B", "X", "N", "N", "N"]], "prog": "def saute(i):\n    if jeu[i]==\"B\" and i<6 and jeu[i+1]==\"X\":\n        historique.append(jeu.copy())\n        jeu[i], jeu[i+1] = \"X\", \"B\"\n    elif jeu[i]==\"B\" and i<5 and jeu[i+1]==\"N\" and jeu[i+2]==\"X\":\n        historique.append(jeu.copy())\n        jeu[i], jeu[i+2] = \"X\", \"B\"\n    elif jeu[i]==\"N\" and i>0 and jeu[i-1]==\"X\":\n        historique.append(jeu.copy())\n        jeu[i], jeu[i-1] = \"X\", \"N\"\n    elif jeu[i]==\"N\" and i>1 and jeu[i-1]==\"B\" and jeu[i-2]==\"X\":\n        historique.append(jeu.copy())\n        jeu[i], jeu[i-2] = \"X\", \"N\"\ndef undo():\n    \n    global jeu\n    jeu = [\"B\", \"B\", \"N\", \"X\", \"N\", \"B\", \"N\"]\n"},
"2022-09-20 10:10:46.934000" : {"coup": 0, "jeu": ["X", "B", "N", "B", "N", "B", "N"], "histo": []},
"2022-09-20 09:47:33.142000" : {"coup": 0, "jeu": ["X", "N", "B", "B", "B", "N", "N"], "histo": []},
"2022-09-20 09:48:42.862000" : {"coup": 1, "jeu": ["N", "N", "N", "X", "B", "B", "B"], "histo": []},
"2022-09-20 09:47:17.629000" : {"coup": 6, "jeu": ["B", "B", "N", "N", "N", "B", "X"], "histo": []},
"2022-09-20 10:22:42.189000" : {"coup": 4, "jeu": ["B", "B", "N", "B", "X", "N", "N"], "histo": [["B", "B", "B", "X", "N", "N", "N"], ["B", "B", "X", "B", "N", "N", "N"]]},
"2022-09-20 10:06:39.608000" : {"coup": 5, "jeu": ["N", "N", "B", "N", "B", "X", "B"], "histo": []},
"2022-09-20 10:07:21.584000" : {"coup": 1, "jeu": ["B", "B", "B", "N", "X", "N", "N"], "histo": []},
"2022-09-20 10:10:25.666000" : {"coup": 1, "jeu": ["N", "B", "N", "B", "N", "B", "X"], "histo": []},
"2022-09-20 10:06:36.459000" : {"coup": 4, "jeu": ["B", "N", "B", "N", "X", "N", "B"], "histo": []},
"2022-09-20 09:54:01.111000" : {"coup": 2, "jeu": ["B", "N", "X", "N", "B", "B", "N"], "histo": []},
"2022-09-20 10:23:11.035000" : {"coup": 1, "jeu": ["N", "X", "N", "B", "N", "B", "B"], "histo": [["B", "B", "B", "X", "N", "N", "N"], ["B", "B", "X", "B", "N", "N", "N"], ["B", "B", "N", "B", "X", "N", "N"], ["B", "B", "N", "B", "N", "X", "N"], ["B", "B", "N", "X", "N", "B", "N"], ["B", "X", "N", "B", "N", "B", "N"], ["X", "B", "N", "B", "N", "B", "N"], ["N", "B", "X", "B", "N", "B", "N"], ["N", "B", "N", "B", "X", "B", "N"], ["N", "B", "N", "B", "N", "B", "X"], ["N", "B", "N", "B", "N", "X", "B"], ["N", "B", "N", "X", "N", "B", "B"]]},
"2022-09-20 09:50:22.833000" : {"coup": "Reset", "jeu": ["B", "B", "B", "X", "N", "N", "N"], "histo": []},
"2022-09-20 09:47:18.195000" : {"coup": 5, "jeu": ["B", "B", "N", "N", "N", "X", "B"], "histo": []},
"2022-09-20 09:48:08.737000" : {"coup": 2, "jeu": ["B", "B", "X", "N", "B", "N", "N"], "histo": []},
"2022-09-20 10:06:29.166000" : {"coup": 2, "jeu": ["B", "B", "X", "N", "B", "N", "N"], "histo": []},
"2022-09-20 10:03:58.437000" : {"coup": 1, "jeu": ["B", "B", "B", "X", "N", "N", "N"], "histo": [], "prog": "def saute(i):\n    if jeu[i]==\"B\" and i<6 and jeu[i+1]==\"X\":\n        jeu[i], jeu[i+1] = \"X\", \"B\"\n    elif jeu[i]==\"B\" and i<5 and jeu[i+1]==\"N\" and jeu[i+2]==\"X\":\n        jeu[i], jeu[i+2] = \"X\", \"B\"\n    elif jeu[i]==\"N\" and i>0 and jeu[i-1]==\"X\":\n        jeu[i], jeu[i-1] = \"X\", \"N\"\n    elif jeu[i]==\"N\" and i>1 and jeu[i-1]==\"B\" and jeu[i-2]==\"X\":\n        jeu[i], jeu[i-2] = \"X\", \"N\"\ndef undo():\n    if undo == 0:\n        return 0\n    global jeu\n    jeu = [\"B\", \"B\", \"B\", \"X\", \"N\", \"N\", \"N\"]\n"},
"2022-09-20 10:33:01.634000" : {"coup": "Undo", "jeu": ["B", "B", "B", "N", "X", "N", "N"], "histo": [["B", "B", "B", "X", "N", "N", "N"]]},
"2022-09-20 09:47:51.366000" : {"coup": 0, "jeu": ["B", "B", "N", "N", "X", "B", "N"], "histo": []},
"2022-09-20 09:48:32.621000" : {"coup": 2, "jeu": ["B", "N", "X", "N", "B", "N", "B"], "histo": []},
"2022-09-20 10:23:10.501000" : {"coup": 3, "jeu": ["N", "B", "N", "X", "N", "B", "B"], "histo": [["B", "B", "B", "X", "N", "N", "N"], ["B", "B", "X", "B", "N", "N", "N"], ["B", "B", "N", "B", "X", "N", "N"], ["B", "B", "N", "B", "N", "X", "N"], ["B", "B", "N", "X", "N", "B", "N"], ["B", "X", "N", "B", "N", "B", "N"], ["X", "B", "N", "B", "N", "B", "N"], ["N", "B", "X", "B", "N", "B", "N"], ["N", "B", "N", "B", "X", "B", "N"], ["N", "B", "N", "B", "N", "B", "X"], ["N", "B", "N", "B", "N", "X", "B"]]},
"2022-09-20 09:54:01.649000" : {"coup": 0, "jeu": ["X", "N", "B", "N", "B", "B", "N"], "histo": []},
"2022-09-20 09:58:25.925000" : {"coup": "Undo", "jeu": ["B", "B", "B", "X", "N", "N", "N"], "histo": []},
"2022-09-20 09:48:19.912000" : {"coup": 3, "jeu": ["N", "N", "B", "X", "B", "B", "N"], "histo": []},
"2022-09-20 10:10:46.466000" : {"coup": 1, "jeu": ["B", "X", "N", "B", "N", "B", "N"], "histo": []},
"2022-09-20 09:47:34.277000" : {"coup": 1, "jeu": ["N", "X", "B", "B", "B", "N", "N"], "histo": []},
"2022-09-20 09:54:19.047000" : {"coup": 4, "jeu": ["N", "N", "N", "B", "X", "B", "B"], "histo": []},
"2022-09-20 10:02:54.888000" : {"coup": 1, "jeu": ["B", "X", "N", "B", "N", "B", "N"], "histo": []},
"2022-09-20 10:32:59.228000" : {"coup": 1, "jeu": ["B", "N", "X", "B", "B", "N", "N"], "histo": [["B", "B", "B", "X", "N", "N", "N"], ["B", "B", "B", "N", "X", "N", "N"], ["B", "B", "X", "N", "B", "N", "N"], ["B", "B", "N", "X", "B", "N", "N"], ["B", "X", "N", "B", "B", "N", "N"]], "prog": "def saute(i):\n    if jeu[i]==\"B\" and i<6 and jeu[i+1]==\"X\":\n        historique.append(jeu.copy())\n        jeu[i], jeu[i+1] = \"X\", \"B\"\n    elif jeu[i]==\"B\" and i<5 and jeu[i+1]==\"N\" and jeu[i+2]==\"X\":\n        historique.append(jeu.copy())\n        jeu[i], jeu[i+2] = \"X\", \"B\"\n    elif jeu[i]==\"N\" and i>0 and jeu[i-1]==\"X\":\n        historique.append(jeu.copy())\n        jeu[i], jeu[i-1] = \"X\", \"N\"\n    elif jeu[i]==\"N\" and i>1 and jeu[i-1]==\"B\" and jeu[i-2]==\"X\":\n        historique.append(jeu.copy())\n        jeu[i], jeu[i-2] = \"X\", \"N\"\ndef undo():\n\n    global jeu\n    jeu = historique.pop()\n"},
"2022-09-20 10:10:52.839000" : {"coup": 4, "jeu": ["N", "N", "N", "B", "X", "B", "B"], "histo": []},
"2022-09-20 09:53:57.079000" : {"coup": 3, "jeu": ["B", "N", "B", "X", "B", "N", "N"], "histo": []},
"2022-09-20 09:47:02.115000" : {"coup": 4, "jeu": ["B", "B", "N", "B", "X", "N", "N"], "histo": []},
"2022-09-20 09:53:39.497000" : {"coup": 3, "jeu": ["B", "N", "B", "X", "B", "N", "N"], "histo": []},
"2022-09-20 10:10:44.162000" : {"coup": 5, "jeu": ["B", "B", "N", "B", "N", "X", "N"], "histo": []},
"2022-09-20 09:47:27.083000" : {"coup": 3, "jeu": ["B", "B", "N", "X", "B", "N", "N"], "histo": []},
"2022-09-20 09:46:56.553000" : {"coup": "Load", "jeu": ["B", "B", "B", "X", "N", "N", "N"], "histo": []},
"2022-09-20 10:10:15.531000" : {"coup": 4, "jeu": ["B", "B", "N", "B", "X", "N", "N"], "histo": []},
"2022-09-20 10:33:09.692000" : {"coup": "Undo", "jeu": ["B", "B", "N", "B", "X", "N", "N"], "histo": [["B", "B", "B", "X", "N", "N", "N"], ["B", "B", "X", "B", "N", "N", "N"]]},
"2022-09-20 10:02:55.903000" : {"coup": 0, "jeu": ["X", "B", "N", "B", "N", "B", "N"], "histo": []},
"2022-09-20 09:53:54.143000" : {"coup": 2, "jeu": ["B", "B", "X", "N", "B", "N", "N"], "histo": []},
"2022-09-20 09:56:41.061000" : {"coup": 4, "jeu": ["N", "N", "N", "X", "B", "B", "B"], "histo": []},
"2022-09-20 10:10:15.035000" : {"coup": 2, "jeu": ["B", "B", "X", "B", "N", "N", "N"], "histo": []},
"2022-09-20 10:07:27.556000" : {"coup": 4, "jeu": ["B", "N", "B", "N", "X", "N", "B"], "histo": []},
"2022-09-20 10:03:07.357000" : {"coup": 5, "jeu": ["N", "N", "N", "X", "B", "B", "B"], "histo": []},
"2022-09-20 10:02:50.938000" : {"coup": 4, "jeu": ["B", "B", "N", "B", "X", "N", "N"], "histo": []},
"2022-09-20 09:51:57.984000" : {"coup": 3, "jeu": ["B", "B", "X", "B", "N", "N", "N"], "histo": []},
"2022-09-20 10:10:27.391000" : {"coup": 3, "jeu": ["N", "B", "N", "X", "N", "B", "B"], "histo": []},
"2022-09-20 09:47:29.800000" : {"coup": 2, "jeu": ["B", "N", "X", "B", "B", "N", "N"], "histo": []},
"2022-09-20 09:54:14.222000" : {"coup": 2, "jeu": ["N", "B", "X", "B", "N", "B", "N"], "histo": []},
"2022-09-20 09:53:40.173000" : {"coup": 5, "jeu": ["B", "N", "B", "N", "B", "X", "N"], "histo": []},
"2022-09-20 10:31:53.751000" : {"coup": 2, "jeu": ["B", "N", "X", "B", "B", "N", "N"], "histo": [["B", "B", "B", "X", "N", "N", "N"], ["B", "B", "B", "N", "X", "N", "N"], ["B", "B", "X", "N", "B", "N", "N"], ["B", "B", "N", "X", "B", "N", "N"], ["B", "X", "N", "B", "B", "N", "N"]]},
"2022-09-20 09:50:16.544000" : {"coup": 4, "jeu": ["N", "B", "N", "B", "X", "B", "N"], "histo": []},
"2022-09-20 10:01:49.041000" : {"coup": 2, "jeu": ["B", "B", "X", "B", "N", "N", "N"], "histo": [], "prog": "def saute(i):\n    if jeu[i]==\"B\" and i<6 and jeu[i+1]==\"X\":\n        jeu[i], jeu[i+1] = \"X\", \"B\"\n    elif jeu[i]==\"B\" and i<5 and jeu[i+1]==\"N\" and jeu[i+2]==\"X\":\n        jeu[i], jeu[i+2] = \"X\", \"B\"\n    elif jeu[i]==\"N\" and i>0 and jeu[i-1]==\"X\":\n        jeu[i], jeu[i-1] = \"X\", \"N\"\n    elif jeu[i]==\"N\" and i>1 and jeu[i-1]==\"B\" and jeu[i-2]==\"X\":\n        jeu[i], jeu[i-2] = \"X\", \"N\"\ndef undo():\n    global jeu\n    list.copy()\n    jeu = [\"B\", \"B\", \"B\", \"X\", \"N\", \"N\", \"N\"]\n"},
"2022-09-20 09:53:53.616000" : {"coup": 4, "jeu": ["B", "B", "B", "N", "X", "N", "N"], "histo": []},
"2022-09-20 09:48:05.446000" : {"coup": 1, "jeu": ["B", "B", "B", "X", "N", "N", "N"], "histo": []},
"2022-09-20 09:47:15.016000" : {"coup": 3, "jeu": ["B", "B", "N", "N", "B", "X", "N"], "histo": []},
"2022-09-20 10:10:45.832000" : {"coup": 3, "jeu": ["B", "B", "N", "X", "N", "B", "N"], "histo": []},
"2022-09-20 10:07:36.572000" : {"coup": 3, "jeu": ["N", "N", "N", "X", "B", "B", "B"], "histo": []},
"2022-09-20 09:50:08.342000" : {"coup": 4, "jeu": ["B", "B", "N", "B", "X", "N", "N"], "histo": []},
"2022-09-20 10:02:20.598000" : {"coup": "Reset", "jeu": ["B", "B", "B", "X", "N", "N", "N"], "histo": [], "prog": "def saute(i):\n    if jeu[i]==\"B\" and i<6 and jeu[i+1]==\"X\":\n        jeu[i], jeu[i+1] = \"X\", \"B\"\n    elif jeu[i]==\"B\" and i<5 and jeu[i+1]==\"N\" and jeu[i+2]==\"X\":\n        jeu[i], jeu[i+2] = \"X\", \"B\"\n    elif jeu[i]==\"N\" and i>0 and jeu[i-1]==\"X\":\n        jeu[i], jeu[i-1] = \"X\", \"N\"\n    elif jeu[i]==\"N\" and i>1 and jeu[i-1]==\"B\" and jeu[i-2]==\"X\":\n        jeu[i], jeu[i-2] = \"X\", \"N\"\n\nlist.copy()\n\ndef undo():\n    global jeu\n    jeu = [\"B\", \"B\", \"B\", \"X\", \"N\", \"N\", \"N\"]\n"},
"2022-09-20 10:06:37.703000" : {"coup": 0, "jeu": ["X", "N", "B", "N", "B", "N", "B"], "histo": []},
"2022-09-20 10:03:07.006000" : {"coup": 5, "jeu": ["N", "N", "N", "X", "B", "B", "B"], "histo": []},
"2022-09-20 10:03:00.314000" : {"coup": 5, "jeu": ["N", "B", "N", "B", "N", "X", "B"], "histo": []},
"2022-09-20 10:10:49.503000" : {"coup": 5, "jeu": ["N", "B", "N", "B", "N", "X", "B"], "histo": []},
"2022-09-20 09:47:59.860000" : {"coup": 1, "jeu": ["B", "B", "N", "N", "N", "X", "B"], "histo": []},
"2022-09-20 10:10:47.568000" : {"coup": 2, "jeu": ["N", "B", "X", "B", "N", "B", "N"], "histo": []},
"2022-09-20 10:33:01.013000" : {"coup": "Undo", "jeu": ["B", "B", "X", "N", "B", "N", "N"], "histo": [["B", "B", "B", "X", "N", "N", "N"], ["B", "B", "B", "N", "X", "N", "N"]]},
"2022-09-20 09:50:20.115000" : {"coup": 2, "jeu": ["N", "N", "X", "B", "N", "B", "B"], "histo": []},
"2022-09-20 09:48:00.098000" : {"coup": 2, "jeu": ["B", "B", "N", "N", "N", "X", "B"], "histo": []},
"2022-09-20 09:48:17.327000" : {"coup": 0, "jeu": ["X", "N", "B", "N", "B", "B", "N"], "histo": []},
"2022-09-20 10:23:09.876000" : {"coup": 5, "jeu": ["N", "B", "N", "B", "N", "X", "B"], "histo": [["B", "B", "B", "X", "N", "N", "N"], ["B", "B", "X", "B", "N", "N", "N"], ["B", "B", "N", "B", "X", "N", "N"], ["B", "B", "N", "B", "N", "X", "N"], ["B", "B", "N", "X", "N", "B", "N"], ["B", "X", "N", "B", "N", "B", "N"], ["X", "B", "N", "B", "N", "B", "N"], ["N", "B", "X", "B", "N", "B", "N"], ["N", "B", "N", "B", "X", "B", "N"], ["N", "B", "N", "B", "N", "B", "X"]]},
"2022-09-20 09:48:27.657000" : {"coup": 3, "jeu": ["B", "N", "B", "X", "B", "N", "N"], "histo": []},
"2022-09-20 10:31:38.159000" : {"coup": 2, "jeu": ["B", "B", "X", "N", "B", "N", "N"], "histo": [["B", "B", "B", "X", "N", "N", "N"], ["B", "B", "B", "N", "X", "N", "N"]]},
"2022-09-20 10:03:00.001000" : {"coup": 5, "jeu": ["N", "B", "N", "B", "N", "X", "B"], "histo": []},
"2022-09-20 10:03:59.653000" : {"coup": 2, "jeu": ["B", "B", "X", "B", "N", "N", "N"], "histo": []},
"2022-09-20 09:48:18.472000" : {"coup": 1, "jeu": ["N", "X", "B", "N", "B", "B", "N"], "histo": []},
"2022-09-20 10:10:35.246000" : {"coup": 5, "jeu": ["B", "B", "N", "N", "B", "X", "N"], "histo": []},
"2022-09-20 09:47:20.931000" : {"coup": "Undo", "jeu": ["B", "B", "B", "X", "N", "N", "N"], "histo": []},
"2022-09-20 10:10:50.296000" : {"coup": 1, "jeu": ["N", "X", "N", "B", "N", "B", "B"], "histo": []},
"2022-09-20 09:54:10.432000" : {"coup": 5, "jeu": ["B", "B", "N", "B", "N", "X", "N"], "histo": []},
"2022-09-20 09:48:43.773000" : {"coup": 0, "jeu": ["N", "N", "N", "X", "B", "B", "B"], "histo": []},
"2022-09-20 10:10:30.669000" : {"coup": "Reset", "jeu": ["B", "B", "B", "X", "N", "N", "N"], "histo": []},
"2022-09-20 10:10:32.408000" : {"coup": 5, "jeu": ["B", "B", "X", "B", "N", "N", "N"], "histo": []},
"2022-09-20 10:02:34.727000" : {"coup": 2, "jeu": ["B", "B", "X", "B", "N", "N", "N"], "histo": [], "prog": "def saute(i):\n    if jeu[i]==\"B\" and i<6 and jeu[i+1]==\"X\":\n        jeu[i], jeu[i+1] = \"X\", \"B\"\n    elif jeu[i]==\"B\" and i<5 and jeu[i+1]==\"N\" and jeu[i+2]==\"X\":\n        jeu[i], jeu[i+2] = \"X\", \"B\"\n    elif jeu[i]==\"N\" and i>0 and jeu[i-1]==\"X\":\n        jeu[i], jeu[i-1] = \"X\", \"N\"\n    elif jeu[i]==\"N\" and i>1 and jeu[i-1]==\"B\" and jeu[i-2]==\"X\":\n        jeu[i], jeu[i-2] = \"X\", \"N\"\n\ndef undo():\n    global jeu\n    jeu = [\"B\", \"B\", \"B\", \"X\", \"N\", \"N\", \"N\"]\n"},
"2022-09-20 09:54:12.137000" : {"coup": 1, "jeu": ["B", "X", "N", "B", "N", "B", "N"], "histo": []},
"2022-09-20 10:10:34.351000" : {"coup": 3, "jeu": ["B", "B", "N", "X", "B", "N", "N"], "histo": []},
"2022-09-20 09:47:59.694000" : {"coup": 1, "jeu": ["B", "B", "N", "N", "N", "X", "B"], "histo": []},
"2022-09-20 09:47:57.413000" : {"coup": 5, "jeu": ["B", "B", "N", "N", "X", "B", "N"], "histo": []},
"2022-09-20 09:53:50.743000" : {"coup": 5, "jeu": ["B", "B", "N", "N", "B", "X", "N"], "histo": []},
"2022-09-20 09:47:37.913000" : {"coup": 2, "jeu": ["B", "B", "X", "B", "N", "N", "N"], "histo": []},
"2022-09-20 09:50:05.632000" : {"coup": "Undo", "jeu": ["B", "B", "B", "X", "N", "N", "N"], "histo": []},
"2022-09-20 10:33:10.079000" : {"coup": "Undo", "jeu": ["B", "B", "B", "X", "N", "N", "N"], "histo": []},
"2022-09-20 09:53:38.156000" : {"coup": 2, "jeu": ["B", "B", "X", "N", "B", "N", "N"], "histo": []},
"2022-09-20 10:10:51.747000" : {"coup": 3, "jeu": ["N", "X", "N", "B", "N", "B", "B"], "histo": []},
"2022-09-20 10:23:08.917000" : {"coup": 6, "jeu": ["N", "B", "N", "B", "N", "B", "X"], "histo": [["B", "B", "B", "X", "N", "N", "N"], ["B", "B", "X", "B", "N", "N", "N"], ["B", "B", "N", "B", "X", "N", "N"], ["B", "B", "N", "B", "N", "X", "N"], ["B", "B", "N", "X", "N", "B", "N"], ["B", "X", "N", "B", "N", "B", "N"], ["X", "B", "N", "B", "N", "B", "N"], ["N", "B", "X", "B", "N", "B", "N"], ["N", "B", "N", "B", "X", "B", "N"]]},
"2022-09-20 10:06:35.562000" : {"coup": 6, "jeu": ["B", "N", "B", "N", "B", "N", "X"], "histo": []},
"2022-09-20 09:48:01.285000" : {"coup": 0, "jeu": ["B", "B", "N", "N", "N", "X", "B"], "histo": []},
"2022-09-20 10:04:34.810000" : {"coup": "Undo", "jeu": ["B", "B", "B", "X", "N", "N", "N"], "histo": []},
"2022-09-20 09:47:35.077000" : {"coup": 5, "jeu": ["N", "X", "B", "B", "B", "N", "N"], "histo": []},
"2022-09-20 09:48:38.744000" : {"coup": 3, "jeu": ["N", "N", "N", "X", "B", "B", "B"], "histo": []},
"2022-09-20 09:54:15.621000" : {"coup": 6, "jeu": ["N", "B", "N", "B", "N", "B", "X"], "histo": []},
"2022-09-20 10:12:10.718000" : {"coup": 1, "jeu": ["N", "N", "N", "X", "B", "B", "B"], "histo": []},
"2022-09-20 10:06:36.068000" : {"coup": 5, "jeu": ["B", "N", "B", "N", "B", "N", "X"], "histo": []},
"2022-09-20 09:51:20.015000" : {"coup": 2, "jeu": ["B", "B", "X", "B", "N", "N", "N"], "histo": []},
"2022-09-20 09:54:08.048000" : {"coup": 2, "jeu": ["B", "B", "X", "B", "N", "N", "N"], "histo": []},
"2022-09-20 09:47:58.323000" : {"coup": 5, "jeu": ["B", "B", "N", "N", "N", "X", "B"], "histo": []},
"2022-09-20 10:14:45.100000" : {"coup": 1, "jeu": ["B", "X", "N", "B", "B", "N", "N"], "histo": []},
"2022-09-20 10:33:00.818000" : {"coup": "Undo", "jeu": ["B", "B", "N", "X", "B", "N", "N"], "histo": [["B", "B", "B", "X", "N", "N", "N"], ["B", "B", "B", "N", "X", "N", "N"], ["B", "B", "X", "N", "B", "N", "N"]]},
"2022-09-20 10:06:41.644000" : {"coup": 2, "jeu": ["N", "N", "X", "N", "B", "B", "B"], "histo": []},
"2022-09-20 09:53:57.657000" : {"coup": 5, "jeu": ["B", "N", "B", "N", "B", "X", "N"], "histo": []},
"2022-09-20 10:33:00.607000" : {"coup": "Undo", "jeu": ["B", "X", "N", "B", "B", "N", "N"], "histo": [["B", "B", "B", "X", "N", "N", "N"], ["B", "B", "B", "N", "X", "N", "N"], ["B", "B", "X", "N", "B", "N", "N"], ["B", "B", "N", "X", "B", "N", "N"]]},
"2022-09-20 09:48:44.789000" : {"coup": 2, "jeu": ["N", "N", "N", "X", "B", "B", "B"], "histo": []},
"2022-09-20 10:33:04.017000" : {"coup": 2, "jeu": ["B", "B", "X", "B", "N", "N", "N"], "histo": [["B", "B", "B", "X", "N", "N", "N"]]},
"2022-09-20 10:10:28.184000" : {"coup": 4, "jeu": ["N", "B", "N", "N", "X", "B", "B"], "histo": []},
"2022-09-20 10:04:01.029000" : {"coup": "Undo", "jeu": ["B", "B", "B", "X", "N", "N", "N"], "histo": []},
"2022-09-20 10:25:46.848000" : {"coup": "Undo", "jeu": ["B", "B", "N", "X", "N", "B", "N"], "histo": [["B", "B", "B", "X", "N", "N", "N"], ["B", "B", "X", "B", "N", "N", "N"], ["B", "B", "N", "B", "X", "N", "N"], ["B", "B", "N", "B", "N", "X", "N"], ["B", "B", "N", "X", "N", "B", "N"], ["B", "X", "N", "B", "N", "B", "N"], ["X", "B", "N", "B", "N", "B", "N"], ["N", "B", "X", "B", "N", "B", "N"], ["N", "B", "N", "B", "X", "B", "N"], ["N", "B", "N", "B", "N", "B", "X"], ["N", "B", "N", "B", "N", "X", "B"], ["N", "B", "N", "X", "N", "B", "B"], ["N", "X", "N", "B", "N", "B", "B"], ["N", "N", "X", "B", "N", "B", "B"], ["N", "N", "N", "B", "X", "B", "B"], ["B", "B", "B", "X", "N", "N", "N"]]},
"2022-09-20 10:03:06.838000" : {"coup": 5, "jeu": ["N", "N", "N", "X", "B", "B", "B"], "histo": []},
"2022-09-20 10:03:14.452000" : {"coup": "Reset", "jeu": ["B", "B", "B", "X", "N", "N", "N"], "histo": []},
"2022-09-20 09:47:49.865000" : {"coup": 1, "jeu": ["B", "B", "N", "N", "X", "B", "N"], "histo": []},
"2022-09-20 09:48:42.308000" : {"coup": 4, "jeu": ["N", "N", "N", "X", "B", "B", "B"], "histo": []},
"2022-09-20 10:14:43.135000" : {"coup": 2, "jeu": ["B", "B", "X", "B", "N", "N", "N"], "histo": []},
"2022-09-20 09:47:26.214000" : {"coup": 2, "jeu": ["B", "B", "N", "B", "X", "N", "N"], "histo": []},
"2022-09-20 10:31:37.918000" : {"coup": 3, "jeu": ["B", "B", "B", "N", "X", "N", "N"], "histo": [["B", "B", "B", "X", "N", "N", "N"]]},
"2022-09-20 09:50:18.046000" : {"coup": 5, "jeu": ["N", "B", "N", "B", "N", "X", "B"], "histo": []},
"2022-09-20 10:04:48.610000" : {"coup": 1, "jeu": ["B", "X", "B", "B", "N", "N", "N"], "histo": []},
"2022-09-20 09:48:31.174000" : {"coup": 4, "jeu": ["B", "N", "B", "N", "X", "N", "B"], "histo": []},
"2022-09-20 09:53:38.880000" : {"coup": 1, "jeu": ["B", "X", "B", "N", "B", "N", "N"], "histo": []},
"2022-09-20 10:12:12.645000" : {"coup": 2, "jeu": ["N", "N", "N", "X", "B", "B", "B"], "histo": []},
"2022-09-20 09:54:18.535000" : {"coup": 2, "jeu": ["N", "N", "X", "B", "N", "B", "B"], "histo": []},
"2022-09-20 10:03:01.561000" : {"coup": 1, "jeu": ["N", "X", "N", "B", "N", "B", "B"], "histo": []},
"2022-09-20 10:10:26.029000" : {"coup": 3, "jeu": ["N", "B", "N", "B", "N", "B", "X"], "histo": []},
"2022-09-20 10:22:58.846000" : {"coup": 3, "jeu": ["B", "B", "N", "X", "N", "B", "N"], "histo": [["B", "B", "B", "X", "N", "N", "N"], ["B", "B", "X", "B", "N", "N", "N"], ["B", "B", "N", "B", "X", "N", "N"], ["B", "B", "N", "B", "N", "X", "N"]]},
"2022-09-20 09:47:38.877000" : {"coup": 4, "jeu": ["B", "B", "N", "B", "X", "N", "N"], "histo": []},
"2022-09-20 10:03:59.521000" : {"coup": 2, "jeu": ["B", "B", "X", "B", "N", "N", "N"], "histo": []},
"2022-09-20 09:56:40.440000" : {"coup": 2, "jeu": ["N", "N", "N", "X", "B", "B", "B"], "histo": []},
"2022-09-20 10:10:47.976000" : {"coup": 4, "jeu": ["N", "B", "N", "B", "X", "B", "N"], "histo": []},
"2022-09-20 10:07:22.344000" : {"coup": 1, "jeu": ["B", "X", "B", "N", "B", "N", "N"], "histo": []},
"2022-09-20 10:33:09.855000" : {"coup": "Undo", "jeu": ["B", "B", "X", "B", "N", "N", "N"], "histo": [["B", "B", "B", "X", "N", "N", "N"]]},
"2022-09-20 10:02:52.778000" : {"coup": 5, "jeu": ["B", "B", "N", "B", "N", "X", "N"], "histo": []},
"2022-09-20 10:07:32.563000" : {"coup": 3, "jeu": ["N", "N", "B", "X", "B", "N", "B"], "histo": []},
"2022-09-20 10:02:54.232000" : {"coup": 3, "jeu": ["B", "B", "N", "X", "N", "B", "N"], "histo": []},
"2022-09-20 09:53:49.689000" : {"coup": 3, "jeu": ["B", "B", "N", "X", "B", "N", "N"], "histo": []},
"2022-09-20 10:07:36.258000" : {"coup": 2, "jeu": ["N", "N", "X", "N", "B", "B", "B"], "histo": []},
"2022-09-20 10:04:45.609000" : {"coup": 4, "jeu": ["B", "B", "N", "B", "X", "N", "N"], "histo": []},
"2022-09-20 10:10:22.602000" : {"coup": 4, "jeu": ["N", "B", "N", "B", "X", "B", "N"], "histo": []},
"2022-09-20 10:14:41.335000" : {"coup": 3, "jeu": ["B", "X", "B", "B", "N", "N", "N"], "histo": []},
"2022-09-20 10:26:35.732000" : {"coup": "Reset", "jeu": ["B", "B", "B", "X", "N", "N", "N"], "histo": []},
"2022-09-20 10:14:40.349000" : {"coup": 1, "jeu": ["B", "X", "B", "B", "N", "N", "N"], "histo": [], "prog": "def saute(i):\n    if jeu[i]==\"B\" and i<6 and jeu[i+1]==\"X\":\n        jeu[i], jeu[i+1] = \"X\", \"B\"\n    elif jeu[i]==\"B\" and i<5 and jeu[i+1]==\"N\" and jeu[i+2]==\"X\":\n        jeu[i], jeu[i+2] = \"X\", \"B\"\n    elif jeu[i]==\"N\" and i>0 and jeu[i-1]==\"X\":\n        jeu[i], jeu[i-1] = \"X\", \"N\"\n    elif jeu[i]==\"N\" and i>1 and jeu[i-1]==\"B\" and jeu[i-2]==\"X\":\n        jeu[i], jeu[i-2] = \"X\", \"N\"\ndef undo():\n    jeu = [\"B\", \"B\", \"B\", \"X\", \"N\", \"N\", \"N\"]\n"},
"2022-09-20 09:48:00.477000" : {"coup": 3, "jeu": ["B", "B", "N", "N", "N", "X", "B"], "histo": []},
"2022-09-20 09:54:13.112000" : {"coup": 0, "jeu": ["X", "B", "N", "B", "N", "B", "N"], "histo": []},
"2022-09-20 10:23:06.625000" : {"coup": 0, "jeu": ["X", "B", "N", "B", "N", "B", "N"], "histo": [["B", "B", "B", "X", "N", "N", "N"], ["B", "B", "X", "B", "N", "N", "N"], ["B", "B", "N", "B", "X", "N", "N"], ["B", "B", "N", "B", "N", "X", "N"], ["B", "B", "N", "X", "N", "B", "N"], ["B", "X", "N", "B", "N", "B", "N"]]},
"2022-09-20 09:53:55.761000" : {"coup": 1, "jeu": ["B", "X", "B", "N", "B", "N", "N"], "histo": []},
"2022-09-20 10:31:52.365000" : {"coup": 1, "jeu": ["B", "X", "N", "B", "B", "N", "N"], "histo": [["B", "B", "B", "X", "N", "N", "N"], ["B", "B", "B", "N", "X", "N", "N"], ["B", "B", "X", "N", "B", "N", "N"], ["B", "B", "N", "X", "B", "N", "N"]], "prog": "def saute(i):\n    if jeu[i]==\"B\" and i<6 and jeu[i+1]==\"X\":\n        historique.append(jeu.copy())\n        jeu[i], jeu[i+1] = \"X\", \"B\"\n    elif jeu[i]==\"B\" and i<5 and jeu[i+1]==\"N\" and jeu[i+2]==\"X\":\n        historique.append(jeu.copy())\n        jeu[i], jeu[i+2] = \"X\", \"B\"\n    elif jeu[i]==\"N\" and i>0 and jeu[i-1]==\"X\":\n        historique.append(jeu.copy())\n        jeu[i], jeu[i-1] = \"X\", \"N\"\n    elif jeu[i]==\"N\" and i>1 and jeu[i-1]==\"B\" and jeu[i-2]==\"X\":\n        historique.append(jeu.copy())\n        jeu[i], jeu[i-2] = \"X\", \"N\"\ndef undo():\n    historique.pop(jeu)\n    global jeu\n    \n"},
"2022-09-20 09:47:41.802000" : {"coup": 3, "jeu": ["B", "B", "N", "X", "B", "N", "N"], "histo": []},
"2022-09-20 10:02:50.159000" : {"coup": 2, "jeu": ["B", "B", "X", "B", "N", "N", "N"], "histo": []},
"2022-09-20 10:06:40.327000" : {"coup": 2, "jeu": ["N", "N", "B", "N", "B", "X", "B"], "histo": []},
"2022-09-20 10:06:34.135000" : {"coup": 5, "jeu": ["B", "N", "B", "N", "B", "X", "N"], "histo": []},
"2022-09-20 10:12:13.990000" : {"coup": 3, "jeu": ["N", "N", "N", "X", "B", "B", "B"], "histo": []},
"2022-09-20 09:48:21.451000" : {"coup": 4, "jeu": ["N", "N", "B", "X", "B", "B", "N"], "histo": []},
"2022-09-20 10:06:27.916000" : {"coup": 4, "jeu": ["B", "B", "B", "N", "X", "N", "N"], "histo": [], "prog": "def saute(i):\n    if jeu[i]==\"B\" and i<6 and jeu[i+1]==\"X\":\n        jeu[i], jeu[i+1] = \"X\", \"B\"\n    elif jeu[i]==\"B\" and i<5 and jeu[i+1]==\"N\" and jeu[i+2]==\"X\":\n        jeu[i], jeu[i+2] = \"X\", \"B\"\n    elif jeu[i]==\"N\" and i>0 and jeu[i-1]==\"X\":\n        jeu[i], jeu[i-1] = \"X\", \"N\"\n    elif jeu[i]==\"N\" and i>1 and jeu[i-1]==\"B\" and jeu[i-2]==\"X\":\n        jeu[i], jeu[i-2] = \"X\", \"N\"\ndef undo():\n    global jeu\n    jeu = [\"B\", \"B\", \"B\", \"X\", \"N\", \"N\", \"N\"]\n"},
"2022-09-20 10:04:46.695000" : {"coup": "Undo", "jeu": ["B", "B", "B", "X", "N", "N", "N"], "histo": []},
"2022-09-20 09:47:46.969000" : {"coup": 4, "jeu": ["B", "B", "N", "N", "X", "B", "N"], "histo": []},
"2022-09-20 10:06:42.207000" : {"coup": 3, "jeu": ["N", "N", "N", "X", "B", "B", "B"], "histo": []},
"2022-09-20 10:23:05.244000" : {"coup": 1, "jeu": ["B", "X", "N", "B", "N", "B", "N"], "histo": [["B", "B", "B", "X", "N", "N", "N"], ["B", "B", "X", "B", "N", "N", "N"], ["B", "B", "N", "B", "X", "N", "N"], ["B", "B", "N", "B", "N", "X", "N"], ["B", "B", "N", "X", "N", "B", "N"]]},
"2022-09-20 10:12:15.163000" : {"coup": "Reset", "jeu": ["B", "B", "B", "X", "N", "N", "N"], "histo": []},
"2022-09-20 10:07:23.496000" : {"coup": 3, "jeu": ["B", "N", "B", "X", "B", "N", "N"], "histo": []},
"2022-09-20 10:03:06.174000" : {"coup": 2, "jeu": ["N", "N", "N", "X", "B", "B", "B"], "histo": []},
"2022-09-20 10:31:41.030000" : {"coup": 3, "jeu": ["B", "B", "N", "X", "B", "N", "N"], "histo": [["B", "B", "B", "X", "N", "N", "N"], ["B", "B", "B", "N", "X", "N", "N"], ["B", "B", "X", "N", "B", "N", "N"]]},
"2022-09-20 10:23:18.055000" : {"coup": 4, "jeu": ["N", "N", "N", "B", "X", "B", "B"], "histo": [["B", "B", "B", "X", "N", "N", "N"], ["B", "B", "X", "B", "N", "N", "N"], ["B", "B", "N", "B", "X", "N", "N"], ["B", "B", "N", "B", "N", "X", "N"], ["B", "B", "N", "X", "N", "B", "N"], ["B", "X", "N", "B", "N", "B", "N"], ["X", "B", "N", "B", "N", "B", "N"], ["N", "B", "X", "B", "N", "B", "N"], ["N", "B", "N", "B", "X", "B", "N"], ["N", "B", "N", "B", "N", "B", "X"], ["N", "B", "N", "B", "N", "X", "B"], ["N", "B", "N", "X", "N", "B", "B"], ["N", "X", "N", "B", "N", "B", "B"], ["N", "N", "X", "B", "N", "B", "B"]]},
"2022-09-20 10:33:06.379000" : {"coup": 1, "jeu": ["B", "X", "N", "B", "B", "N", "N"], "histo": [["B", "B", "B", "X", "N", "N", "N"], ["B", "B", "X", "B", "N", "N", "N"], ["B", "B", "N", "B", "X", "N", "N"], ["B", "B", "N", "X", "B", "N", "N"]]},
"2022-09-20 09:48:12.970000" : {"coup": 4, "jeu": ["B", "N", "B", "N", "X", "B", "N"], "histo": []},
"2022-09-20 09:50:10.568000" : {"coup": 5, "jeu": ["B", "B", "N", "B", "N", "X", "N"], "histo": []},
"2022-09-20 10:33:09.284000" : {"coup": "Undo", "jeu": ["B", "B", "N", "X", "B", "N", "N"], "histo": [["B", "B", "B", "X", "N", "N", "N"], ["B", "B", "X", "B", "N", "N", "N"], ["B", "B", "N", "B", "X", "N", "N"]]},
"2022-09-20 10:10:24.419000" : {"coup": 6, "jeu": ["N", "B", "N", "B", "N", "B", "X"], "histo": []},
"2022-09-20 10:04:32.024000" : {"coup": 2, "jeu": ["B", "B", "X", "B", "N", "N", "N"], "histo": [], "prog": "def saute(i):\n    if jeu[i]==\"B\" and i<6 and jeu[i+1]==\"X\":\n        jeu[i], jeu[i+1] = \"X\", \"B\"\n    elif jeu[i]==\"B\" and i<5 and jeu[i+1]==\"N\" and jeu[i+2]==\"X\":\n        jeu[i], jeu[i+2] = \"X\", \"B\"\n    elif jeu[i]==\"N\" and i>0 and jeu[i-1]==\"X\":\n        jeu[i], jeu[i-1] = \"X\", \"N\"\n    elif jeu[i]==\"N\" and i>1 and jeu[i-1]==\"B\" and jeu[i-2]==\"X\":\n        jeu[i], jeu[i-2] = \"X\", \"N\"\ndef undo():\n    if undo == 0:\n        return 0\n\n    global jeu\n    jeu = [\"B\", \"B\", \"B\", \"X\", \"N\", \"N\", \"N\"]\n"},
"2022-09-20 09:48:20.922000" : {"coup": 6, "jeu": ["N", "N", "B", "X", "B", "B", "N"], "histo": []},
"2022-09-20 09:48:03.947000" : {"coup": "Reset", "jeu": ["B", "B", "B", "X", "N", "N", "N"], "histo": []},
"2022-09-20 09:48:35.493000" : {"coup": 1, "jeu": ["N", "X", "B", "N", "B", "N", "B"], "histo": []},
"2022-09-20 10:01:50.104000" : {"coup": 4, "jeu": ["B", "B", "N", "B", "X", "N", "N"], "histo": []},
"2022-09-20 10:26:31.046000" : {"coup": 5, "jeu": ["B", "X", "N", "B", "N", "B", "N"], "histo": [["B", "B", "B", "X", "N", "N", "N"], ["B", "B", "X", "B", "N", "N", "N"], ["B", "B", "N", "B", "X", "N", "N"], ["B", "B", "N", "B", "N", "X", "N"], ["B", "B", "N", "X", "N", "B", "N"], ["B", "X", "N", "B", "N", "B", "N"], ["X", "B", "N", "B", "N", "B", "N"], ["N", "B", "X", "B", "N", "B", "N"], ["N", "B", "N", "B", "X", "B", "N"], ["N", "B", "N", "B", "N", "B", "X"], ["N", "B", "N", "B", "N", "X", "B"], ["N", "B", "N", "X", "N", "B", "B"], ["N", "X", "N", "B", "N", "B", "B"], ["N", "N", "X", "B", "N", "B", "B"], ["N", "N", "N", "B", "X", "B", "B"], ["B", "B", "B", "X", "N", "N", "N"], ["B", "B", "N", "X", "N", "B", "N"]]},
"2022-09-20 10:23:11.469000" : {"coup": 2, "jeu": ["N", "N", "X", "B", "N", "B", "B"], "histo": [["B", "B", "B", "X", "N", "N", "N"], ["B", "B", "X", "B", "N", "N", "N"], ["B", "B", "N", "B", "X", "N", "N"], ["B", "B", "N", "B", "N", "X", "N"], ["B", "B", "N", "X", "N", "B", "N"], ["B", "X", "N", "B", "N", "B", "N"], ["X", "B", "N", "B", "N", "B", "N"], ["N", "B", "X", "B", "N", "B", "N"], ["N", "B", "N", "B", "X", "B", "N"], ["N", "B", "N", "B", "N", "B", "X"], ["N", "B", "N", "B", "N", "X", "B"], ["N", "B", "N", "X", "N", "B", "B"], ["N", "X", "N", "B", "N", "B", "B"]]},
"2022-09-20 10:02:38.930000" : {"coup": 2, "jeu": ["B", "X", "B", "B", "N", "N", "N"], "histo": []},
"2022-09-20 09:48:37.469000" : {"coup": 4, "jeu": ["N", "N", "B", "N", "X", "B", "B"], "histo": []},
"2022-09-20 10:04:33.071000" : {"coup": 4, "jeu": ["B", "B", "N", "B", "X", "N", "N"], "histo": []},
"2022-09-20 09:54:05.571000" : {"coup": 3, "jeu": ["N", "N", "B", "X", "B", "B", "N"], "histo": []},
"2022-09-20 09:54:17.351000" : {"coup": 2, "jeu": ["N", "B", "N", "X", "N", "B", "B"], "histo": []},
"2022-09-20 10:03:07.544000" : {"coup": 5, "jeu": ["N", "N", "N", "X", "B", "B", "B"], "histo": []},
"2022-09-20 10:01:52.201000" : {"coup": 3, "jeu": ["B", "B", "N", "X", "B", "N", "N"], "histo": []},
"2022-09-20 09:53:47.352000" : {"coup": 2, "jeu": ["B", "B", "X", "N", "B", "N", "N"], "histo": []},
"2022-09-20 09:47:21.816000" : {"coup": "Undo", "jeu": ["B", "B", "B", "X", "N", "N", "N"], "histo": []},
"2022-09-20 10:10:21.665000" : {"coup": 2, "jeu": ["N", "B", "X", "B", "N", "B", "N"], "histo": []},
"2022-09-20 09:48:15.602000" : {"coup": 2, "jeu": ["B", "N", "X", "N", "B", "B", "N"], "histo": []},
"2022-09-20 09:50:07.250000" : {"coup": "Reset", "jeu": ["B", "B", "B", "X", "N", "N", "N"], "histo": []},
"2022-09-20 09:53:45.283000" : {"coup": 4, "jeu": ["B", "B", "B", "N", "X", "N", "N"], "histo": []},
"2022-09-20 09:47:04.703000" : {"coup": 3, "jeu": ["B", "B", "N", "X", "B", "N", "N"], "histo": []},
"2022-09-20 10:33:03.410000" : {"coup": "Reset", "jeu": ["B", "B", "B", "X", "N", "N", "N"], "histo": []},
"2022-09-20 10:26:28.320000" : {"coup": 2, "jeu": ["B", "B", "N", "X", "N", "B", "N"], "histo": [["B", "B", "B", "X", "N", "N", "N"], ["B", "B", "X", "B", "N", "N", "N"], ["B", "B", "N", "B", "X", "N", "N"], ["B", "B", "N", "B", "N", "X", "N"], ["B", "B", "N", "X", "N", "B", "N"], ["B", "X", "N", "B", "N", "B", "N"], ["X", "B", "N", "B", "N", "B", "N"], ["N", "B", "X", "B", "N", "B", "N"], ["N", "B", "N", "B", "X", "B", "N"], ["N", "B", "N", "B", "N", "B", "X"], ["N", "B", "N", "B", "N", "X", "B"], ["N", "B", "N", "X", "N", "B", "B"], ["N", "X", "N", "B", "N", "B", "B"], ["N", "N", "X", "B", "N", "B", "B"], ["N", "N", "N", "B", "X", "B", "B"], ["B", "B", "B", "X", "N", "N", "N"]], "prog": "def saute(i):\n    if jeu[i]==\"B\" and i<6 and jeu[i+1]==\"X\":\n        historique.append(jeu.copy())\n        jeu[i], jeu[i+1] = \"X\", \"B\"\n    elif jeu[i]==\"B\" and i<5 and jeu[i+1]==\"N\" and jeu[i+2]==\"X\":\n        historique.append(jeu.copy())\n        jeu[i], jeu[i+2] = \"X\", \"B\"\n    elif jeu[i]==\"N\" and i>0 and jeu[i-1]==\"X\":\n        historique.append(jeu.copy())\n        jeu[i], jeu[i-1] = \"X\", \"N\"\n    elif jeu[i]==\"N\" and i>1 and jeu[i-1]==\"B\" and jeu[i-2]==\"X\":\n        historique.append(jeu.copy())\n        jeu[i], jeu[i-2] = \"X\", \"N\"\ndef undo():\n    historique.pop(jeu)\n    global jeu\n    jeu = [\"B\", \"B\", \"B\", \"X\", \"N\", \"N\", \"N\"]\n"},
"2022-09-20 09:53:41.008000" : {"coup": 4, "jeu": ["B", "N", "B", "N", "X", "B", "N"], "histo": []},
"2022-09-20 09:54:00.175000" : {"coup": 4, "jeu": ["B", "N", "B", "N", "X", "B", "N"], "histo": []},
"2022-09-20 09:54:14.761000" : {"coup": 4, "jeu": ["N", "B", "N", "B", "X", "B", "N"], "histo": []},
"2022-09-20 09:53:44.152000" : {"coup": "Reset", "jeu": ["B", "B", "B", "X", "N", "N", "N"], "histo": []},
"2022-09-20 10:03:07.199000" : {"coup": 5, "jeu": ["N", "N", "N", "X", "B", "B", "B"], "histo": []},
"2022-09-20 09:54:19.582000" : {"coup": 3, "jeu": ["N", "N", "N", "X", "B", "B", "B"], "histo": []},
"2022-09-20 10:14:47.296000" : {"coup": "Reset", "jeu": ["B", "B", "B", "X", "N", "N", "N"], "histo": []},
"2022-09-20 09:47:22.613000" : {"coup": "Reset", "jeu": ["B", "B", "B", "X", "N", "N", "N"], "histo": []},
"2022-09-20 09:47:56.901000" : {"coup": 3, "jeu": ["B", "B", "N", "N", "X", "B", "N"], "histo": []},
"2022-09-20 10:01:51.787000" : {"coup": 2, "jeu": ["B", "B", "N", "B", "X", "N", "N"], "histo": []},
"2022-09-20 10:10:39.405000" : {"coup": "Reset", "jeu": ["B", "B", "B", "X", "N", "N", "N"], "histo": []},
"2022-09-20 10:10:32.050000" : {"coup": 2, "jeu": ["B", "B", "X", "B", "N", "N", "N"], "histo": []},
"2022-09-20 09:50:21.251000" : {"coup": 3, "jeu": ["N", "N", "N", "X", "B", "B", "B"], "histo": []},
"2022-09-20 10:10:18.383000" : {"coup": 3, "jeu": ["B", "B", "N", "X", "N", "B", "N"], "histo": []},
"2022-09-20 10:06:37.100000" : {"coup": 2, "jeu": ["B", "N", "X", "N", "B", "N", "B"], "histo": []},
"2022-09-20 10:10:27.783000" : {"coup": 2, "jeu": ["N", "B", "N", "X", "N", "B", "B"], "histo": []},
"2022-09-20 09:47:36.385000" : {"coup": "Undo", "jeu": ["B", "B", "B", "X", "N", "N", "N"], "histo": []},
"2022-09-20 09:54:17.797000" : {"coup": 1, "jeu": ["N", "X", "N", "B", "N", "B", "B"], "histo": []},
"2022-09-20 10:23:07.323000" : {"coup": 2, "jeu": ["N", "B", "X", "B", "N", "B", "N"], "histo": [["B", "B", "B", "X", "N", "N", "N"], ["B", "B", "X", "B", "N", "N", "N"], ["B", "B", "N", "B", "X", "N", "N"], ["B", "B", "N", "B", "N", "X", "N"], ["B", "B", "N", "X", "N", "B", "N"], ["B", "X", "N", "B", "N", "B", "N"], ["X", "B", "N", "B", "N", "B", "N"]]},
"2022-09-20 09:50:18.685000" : {"coup": 3, "jeu": ["N", "B", "N", "X", "N", "B", "B"], "histo": []},
"2022-09-20 09:48:26.762000" : {"coup": 1, "jeu": ["B", "X", "B", "N", "B", "N", "N"], "histo": []},
"2022-09-20 09:54:05.984000" : {"coup": 4, "jeu": ["N", "N", "B", "X", "B", "B", "N"], "histo": []},
"2022-09-20 09:47:05.773000" : {"coup": 5, "jeu": ["B", "B", "N", "N", "B", "X", "N"], "histo": []},
"2022-09-20 09:48:36.877000" : {"coup": 5, "jeu": ["N", "N", "B", "N", "B", "X", "B"], "histo": []},
"2022-09-20 10:10:21.089000" : {"coup": 0, "jeu": ["X", "B", "N", "B", "N", "B", "N"], "histo": []},
"2022-09-20 10:10:32.798000" : {"coup": 4, "jeu": ["B", "B", "N", "B", "X", "N", "N"], "histo": []},
"2022-09-20 09:50:24.602000" : {"coup": "Undo", "jeu": ["B", "B", "B", "X", "N", "N", "N"], "histo": []},
"2022-09-20 10:12:09.669000" : {"coup": 2, "jeu": ["N", "N", "N", "X", "B", "B", "B"], "histo": [], "prog": "def saute(i):\n    if jeu[i]==\"B\" and i<6 and jeu[i+1]==\"X\":\n        jeu[i], jeu[i+1] = \"X\", \"B\"\n    elif jeu[i]==\"B\" and i<5 and jeu[i+1]==\"N\" and jeu[i+2]==\"X\":\n        jeu[i], jeu[i+2] = \"X\", \"B\"\n    elif jeu[i]==\"N\" and i>0 and jeu[i-1]==\"X\":\n        jeu[i], jeu[i-1] = \"X\", \"N\"\n    elif jeu[i]==\"N\" and i>1 and jeu[i-1]==\"B\" and jeu[i-2]==\"X\":\n        jeu[i], jeu[i-2] = \"X\", \"N\"\ndef undo():\n    list.pop()\n    global jeu\n    jeu = [\"B\", \"B\", \"B\", \"X\", \"N\", \"N\", \"N\"]\n"},
"2022-09-20 10:33:07.929000" : {"coup": 0, "jeu": ["X", "B", "N", "B", "B", "N", "N"], "histo": [["B", "B", "B", "X", "N", "N", "N"], ["B", "B", "X", "B", "N", "N", "N"], ["B", "B", "N", "B", "X", "N", "N"], ["B", "B", "N", "X", "B", "N", "N"], ["B", "X", "N", "B", "B", "N", "N"]]},
"2022-09-20 09:56:38.470000" : {"coup": 2, "jeu": ["N", "N", "N", "X", "B", "B", "B"], "histo": []},
"2022-09-20 10:23:08.031000" : {"coup": 4, "jeu": ["N", "B", "N", "B", "X", "B", "N"], "histo": [["B", "B", "B", "X", "N", "N", "N"], ["B", "B", "X", "B", "N", "N", "N"], ["B", "B", "N", "B", "X", "N", "N"], ["B", "B", "N", "B", "N", "X", "N"], ["B", "B", "N", "X", "N", "B", "N"], ["B", "X", "N", "B", "N", "B", "N"], ["X", "B", "N", "B", "N", "B", "N"], ["N", "B", "X", "B", "N", "B", "N"]]},
"2022-09-20 09:48:38.272000" : {"coup": 2, "jeu": ["N", "N", "X", "N", "B", "B", "B"], "histo": []},
"2022-09-20 09:48:12.256000" : {"coup": 5, "jeu": ["B", "N", "B", "N", "B", "X", "N"], "histo": []},
"2022-09-20 10:02:48.612000" : {"coup": 2, "jeu": ["B", "X", "B", "B", "N", "N", "N"], "histo": []},
"2022-09-20 10:07:33.245000" : {"coup": 5, "jeu": ["N", "N", "B", "N", "B", "X", "B"], "histo": []},
"2022-09-20 10:14:44.378000" : {"coup": 3, "jeu": ["B", "B", "N", "X", "B", "N", "N"], "histo": []},
"2022-09-20 09:47:16.033000" : {"coup": 4, "jeu": ["B", "B", "N", "N", "X", "B", "N"], "histo": []},
"2022-09-20 10:26:30.521000" : {"coup": 4, "jeu": ["B", "X", "N", "B", "N", "B", "N"], "histo": [["B", "B", "B", "X", "N", "N", "N"], ["B", "B", "X", "B", "N", "N", "N"], ["B", "B", "N", "B", "X", "N", "N"], ["B", "B", "N", "B", "N", "X", "N"], ["B", "B", "N", "X", "N", "B", "N"], ["B", "X", "N", "B", "N", "B", "N"], ["X", "B", "N", "B", "N", "B", "N"], ["N", "B", "X", "B", "N", "B", "N"], ["N", "B", "N", "B", "X", "B", "N"], ["N", "B", "N", "B", "N", "B", "X"], ["N", "B", "N", "B", "N", "X", "B"], ["N", "B", "N", "X", "N", "B", "B"], ["N", "X", "N", "B", "N", "B", "B"], ["N", "N", "X", "B", "N", "B", "B"], ["N", "N", "N", "B", "X", "B", "B"], ["B", "B", "B", "X", "N", "N", "N"], ["B", "B", "N", "X", "N", "B", "N"]]},
"2022-09-20 09:54:08.495000" : {"coup": 4, "jeu": ["B", "B", "N", "B", "X", "N", "N"], "histo": []},
"2022-09-20 10:25:51.172000" : {"coup": "Undo", "jeu": ["B", "B", "N", "X", "N", "B", "N"], "histo": [["B", "B", "B", "X", "N", "N", "N"], ["B", "B", "X", "B", "N", "N", "N"], ["B", "B", "N", "B", "X", "N", "N"], ["B", "B", "N", "B", "N", "X", "N"], ["B", "B", "N", "X", "N", "B", "N"], ["B", "X", "N", "B", "N", "B", "N"], ["X", "B", "N", "B", "N", "B", "N"], ["N", "B", "X", "B", "N", "B", "N"], ["N", "B", "N", "B", "X", "B", "N"], ["N", "B", "N", "B", "N", "B", "X"], ["N", "B", "N", "B", "N", "X", "B"], ["N", "B", "N", "X", "N", "B", "B"], ["N", "X", "N", "B", "N", "B", "B"], ["N", "N", "X", "B", "N", "B", "B"], ["N", "N", "N", "B", "X", "B", "B"], ["B", "B", "B", "X", "N", "N", "N"]]},
"2022-09-20 09:53:41.668000" : {"coup": 6, "jeu": ["B", "N", "B", "N", "N", "B", "X"], "histo": []},
"2022-09-20 09:48:10.545000" : {"coup": 1, "jeu": ["B", "X", "B", "N", "B", "N", "N"], "histo": []},
"2022-09-20 10:14:41.936000" : {"coup": "Reset", "jeu": ["B", "B", "B", "X", "N", "N", "N"], "histo": []},
"2022-09-20 10:02:58.638000" : {"coup": 6, "jeu": ["N", "B", "N", "B", "N", "B", "X"], "histo": []},
"2022-09-20 09:47:45.433000" : {"coup": 5, "jeu": ["B", "B", "N", "N", "B", "X", "N"], "histo": []},
"2022-09-20 09:47:28.278000" : {"coup": 1, "jeu": ["B", "X", "N", "B", "B", "N", "N"], "histo": []},
"2022-09-20 10:01:54.153000" : {"coup": 1, "jeu": ["B", "X", "N", "B", "B", "N", "N"], "histo": []},
"2022-09-20 10:06:39.037000" : {"coup": 3, "jeu": ["N", "N", "B", "X", "B", "N", "B"], "histo": []},
"2022-09-20 10:12:16.829000" : {"coup": 2, "jeu": ["B", "B", "X", "B", "N", "N", "N"], "histo": []},
"2022-09-20 10:03:07.756000" : {"coup": 5, "jeu": ["N", "N", "N", "X", "B", "B", "B"], "histo": []},
"2022-09-20 10:01:52.956000" : {"coup": 2, "jeu": ["B", "B", "N", "X", "B", "N", "N"], "histo": []},
"2022-09-20 09:54:07.029000" : {"coup": "Reset", "jeu": ["B", "B", "B", "X", "N", "N", "N"], "histo": []},
"2022-09-20 10:03:00.835000" : {"coup": 3, "jeu": ["N", "B", "N", "X", "N", "B", "B"], "histo": []},
"2022-09-20 10:12:13.602000" : {"coup": 4, "jeu": ["N", "N", "N", "X", "B", "B", "B"], "histo": []},
"2022-09-20 09:47:24.959000" : {"coup": 4, "jeu": ["B", "B", "N", "B", "X", "N", "N"], "histo": []},
"2022-09-20 10:23:18.907000" : {"coup": 3, "jeu": ["N", "N", "N", "X", "B", "B", "B"], "histo": [["B", "B", "B", "X", "N", "N", "N"], ["B", "B", "X", "B", "N", "N", "N"], ["B", "B", "N", "B", "X", "N", "N"], ["B", "B", "N", "B", "N", "X", "N"], ["B", "B", "N", "X", "N", "B", "N"], ["B", "X", "N", "B", "N", "B", "N"], ["X", "B", "N", "B", "N", "B", "N"], ["N", "B", "X", "B", "N", "B", "N"], ["N", "B", "N", "B", "X", "B", "N"], ["N", "B", "N", "B", "N", "B", "X"], ["N", "B", "N", "B", "N", "X", "B"], ["N", "B", "N", "X", "N", "B", "B"], ["N", "X", "N", "B", "N", "B", "B"], ["N", "N", "X", "B", "N", "B", "B"], ["N", "N", "N", "B", "X", "B", "B"]]},
"2022-09-20 10:06:31.753000" : {"coup": 1, "jeu": ["B", "X", "B", "N", "B", "N", "N"], "histo": []},
"2022-09-20 10:04:49.561000" : {"coup": "Undo", "jeu": ["B", "B", "B", "X", "N", "N", "N"], "histo": []},
"2022-09-20 09:50:15.556000" : {"coup": 2, "jeu": ["N", "B", "X", "B", "N", "B", "N"], "histo": []},
"2022-09-20 10:10:53.391000" : {"coup": 3, "jeu": ["N", "N", "N", "X", "B", "B", "B"], "histo": []},
"2022-09-20 10:33:02.077000" : {"coup": "Undo", "jeu": ["B", "B", "B", "X", "N", "N", "N"], "histo": []},
"2022-09-20 10:10:17.673000" : {"coup": 5, "jeu": ["B", "B", "N", "B", "N", "X", "N"], "histo": []},
"2022-09-20 10:02:57.401000" : {"coup": 4, "jeu": ["N", "B", "N", "B", "X", "B", "N"], "histo": []}
}